/* APU logo - boot splash bitmap, generated from the university mark.
 *
 * 260 x 240 RGB565, composited onto white so it drops straight onto the
 * white splash background with no alpha blending at runtime. Regenerate
 * with tools/mklogo.py if the source artwork changes.
 *
 * 124800 bytes. const, so it lives in flash, not RAM.
 */

#pragma once

#define APU_LOGO_W 260
#define APU_LOGO_H 240

const uint16_t apuLogo[62400] PROGMEM = {
  0xFFFF, 0xFFFF, 0xFFFF, 0xFFFF, 0xFFFF, 0xFFFF, 0xFFFF, 0xFFFF, 0xFFFF, 0xFFFF, 0xFFFF, 0xFFFF,
  0xFFFF, 0xFFFF, 0xFFFF, 0xFFFF, 0xFFFF, 0xFFFF, 0xFFFF, 0xFFFF, 0xFFFF, 0xFFFF, 0xFFFF, 0xFFFF,
  0xFFFF, 0xFFFF, 0xFFFF, 0xFFFF, 0xFFFF, 0xFFFF, 0xFFFF, 0xFFFF, 0xFFFF, 0xFFFF, 0xFFFF, 0xFFFF,
  0xFFFF, 0xFFFF, 0xFFFF, 0xFFFF, 0xFFFF, 0xFFFF, 0xFFFF, 0xFFFF, 0xFFFF, 0xFFFF, 0xFFFF, 0xFFFF,
  0xFFFF, 0xFFFF, 0xFFFF, 0xFFFF, 0xFFFF, 0xFFFF, 0xFFFF, 0xFFFF, 0xFFFF, 0xFFFF, 0xFFFF, 0xFFFF,
  0xFFFF, 0xFFFF, 0xFFFF, 0xFFFF, 0xFFFF, 0xFFFF, 0xFFFF, 0xFFFF, 0xFFFF, 0xFFFF, 0xFFFF, 0xFFFF,
  0xFFFF, 0xFFDD, 0xFFB8, 0xFF95, 0xFF74, 0xFF97, 0xFFDB, 0xFFFF, 0xFFFF, 0xFFFF, 0xFFFF, 0xFFFF,
  0xFFFF, 0xFFFF, 0xFFFF, 0xFFFF, 0xFFFF, 0xFFFF, 0xFFFF, 0xFFFF, 0xFFFF, 0xFFFF, 0xFFFF, 0xFFFF,
  0xFFFF, 0xFFFF, 0xFFFF, 0xFFFF, 0xFFFF, 0xFFFF, 0xFFFF, 0xFFFF, 0xFFFF, 0xFFFF, 0xFFFF, 0xFFFF,
  0xFFFF, 0xFFFF, 0xFFFF, 0xFFFF, 0xFFFF, 0xFFFF, 0xFFFF, 0xFFFF, 0xFFFF, 0xFFFF, 0xFFFF, 0xFFFF,
  0xFFFF, 0xFFFF, 0xFFFF, 0xFFFF, 0xFFFF, 0xFFFF, 0xFFFF, 0xFFFF, 0xFFFF, 0xFFFF, 0xFFFF, 0xFFFF,
  0xFFFF, 0xFFFF, 0xFFFF, 0xFFFF, 0xFFFF, 0xFFFF, 0xFFFF, 0xFFFF, 0xFFFF, 0xFFFF, 0xFFFF, 0xFFFF,
  0xFFFF, 0xFFFF, 0xFFFF, 0xFFFF, 0xFFFF, 0xFFFF, 0xFFFF, 0xFFFF, 0xFFFF, 0xFFFF, 0xFFFF, 0xFFFF,
  0xFFFF, 0xFFFF, 0xFFFF, 0xFFFF, 0xFFFF, 0xFFFF, 0xFFFF, 0xFFFF, 0xFFFF, 0xFFFF, 0xFFFF, 0xFFFF,
  0xFFFF, 0xFFFF, 0xFFFF, 0xFFFF, 0xFFFF, 0xFFFF, 0xFFFF, 0xFFFF, 0xFFFF, 0xFFFF, 0xFFFF, 0xFFFF,
  0xFFFF, 0xFF9B, 0xFEB4, 0xFDCC, 0xFD26, 0xFCC2, 0xFCA2, 0xFCA2, 0xFD07, 0xFE51, 0xFFDE, 0xFFFF,
  0xFFFF, 0xFFFF, 0xFFFF, 0xFFFF, 0xFFFF, 0xFFFF, 0xFFFF, 0xFFFF, 0xFFFF, 0xFFFF, 0xFFFF, 0xFFFF,
  0xFFFF, 0xFFFF, 0xFFFF, 0xFFFF, 0xFFFF, 0xFFFF, 0xFFFF, 0xFFFF, 0xFFFF, 0xFFFF, 0xFFFF, 0xFFFF,
  0xFFFF, 0xFFFF, 0xFFFF, 0xFFFF, 0xFFFF, 0xFFFF, 0xFFFF, 0xFFFF, 0xFFFF, 0xFFFF, 0xFFFF, 0xFFFF,
  0xFFFF, 0xFFFF, 0xFFFF, 0xFFFF, 0xFFFF, 0xFFFF, 0xFFFF, 0xFFFF, 0xFFFF, 0xFFFF, 0xFFFF, 0xFFFF,
  0xFFFF, 0xFFFF, 0xFFFF, 0xFFFF, 0xFFFF, 0xFFFF, 0xFFFF, 0xFFFF, 0xFFFF, 0xFFFF, 0xFFFF, 0xFFFF,
  0xFFFF, 0xFFFF, 0xFFFF, 0xFFFF, 0xFFFF, 0xFFFF, 0xFFFF, 0xFFFF, 0xFFFF, 0xFFFF, 0xFFFF, 0xFFFF,
  0xFFFF, 0xFFFF, 0xFFFF, 0xFFFF, 0xFFFF, 0xFFFF, 0xFFFF, 0xFFFF, 0xFFFF, 0xFFFF, 0xFFFF, 0xFFFF,
  0xFFFF, 0xFFFF, 0xFFFF, 0xFFFF, 0xFFFF, 0xFFFF, 0xFFFF, 0xFFFF, 0xFFFF, 0xFFFF, 0xFFFF, 0xFFFF,
  0xFFFF, 0xFFFF, 0xFFFF, 0xFFFF, 0xFFFF, 0xFFFF, 0xFFFF, 0xFFFF, 0xFFFF, 0xFFFF, 0xFFFF, 0xFFFF,
  0xFFFF, 0xFFFF, 0xFFFF, 0xFFFF, 0xFFFF, 0xFFFF, 0xFFFF, 0xFFFF, 0xFFFF, 0xFFFF, 0xFFFF, 0xFFFF,
  0xFFFF, 0xFFFF, 0xFFFF, 0xFFFF, 0xFFFF, 0xFFFF, 0xFFFF, 0xFFFF, 0xFFFF, 0xFFFF, 0xFFFF, 0xFFFF,
  0xFFFF, 0xFFFF, 0xFFFF, 0xFFFF, 0xFFFF, 0xFFFF, 0xFFFF, 0xFFDB, 0xFF0C, 0xFEC3, 0xFEA0, 0xFE80,
  0xFE80, 0xFEA0, 0xFEC2, 0xFEE7, 0xFF2E, 0xFFB8, 0xFFFF, 0xFFFF, 0xFFFF, 0xFFFF, 0xFFFF, 0xFFFF,
  0xFFFF, 0xFFFF, 0xFFFF, 0xFFFF, 0xFFFF, 0xFFFF, 0xFFFF, 0xFFFF, 0xFFFF, 0xFFFF, 0xFFFF, 0xFFFF,
  0xFFFF, 0xFFFF, 0xFFFF, 0xFFFF, 0xFFFF, 0xFFFF, 0xFFFF, 0xFFFF, 0xFFFF, 0xFFFF, 0xFFFF, 0xFFFF,
  0xFFFF, 0xFFFF, 0xFFFF, 0xFFFF, 0xFFFF, 0xFFFF, 0xFFFF, 0xFFFF, 0xFFFF, 0xFFFF, 0xFFFF, 0xFFFF,
  0xFFFF, 0xFFFF, 0xFFFF, 0xFFFF, 0xFFFF, 0xFFFF, 0xFFFF, 0xFFFF, 0xFFFF, 0xFFFF, 0xFFFF, 0xFFFF,
  0xFFFF, 0xFFFF, 0xFFFF, 0xFFFF, 0xFFFF, 0xFFFF, 0xFFFF, 0xFFFF, 0xFFFF, 0xFFFF, 0xFFFF, 0xFFFF,
  0xFFFF, 0xFFFF, 0xFFFF, 0xFFFF, 0xFFFF, 0xFFFF, 0xFFFF, 0xFFFF, 0xFFFF, 0xFFFF, 0xFFFF, 0xFFFF,
  0xFFFF, 0xFFFF, 0xFFFF, 0xFFFF, 0xFFFF, 0xFFFF, 0xFFFF, 0xFFFF, 0xFFFF, 0xFFFF, 0xFFFF, 0xFFFF,
  0xFFFF, 0xFFFF, 0xFFFF, 0xFFFF, 0xFFFF, 0xFFFF, 0xFFBD, 0xFE93, 0xFD69, 0xFCC2, 0xFC80, 0xFCA0,
  0xFCE0, 0xFD20, 0xFD20, 0xFD00, 0xFCA0, 0xFC60, 0xFD06, 0xFF7B, 0xFFFF, 0xFFFF, 0xFFFF, 0xFFFF,
  0xFFFF, 0xFFFF, 0xFFFF, 0xFFFF, 0xFFFF, 0xFFFF, 0xFFFF, 0xFFFF, 0xFFFF, 0xFFFF, 0xFFFF, 0xFFFF,
  0xFFFF, 0xFFFF, 0xFFFF, 0xFFFF, 0xFFFF, 0xFFFF, 0xFFFF, 0xFFFF, 0xFFFF, 0xFFFF, 0xFFFF, 0xFFFF,
  0xFFFF, 0xFFFF, 0xFFFF, 0xFFFF, 0xFFFF, 0xFFFF, 0xFFFF, 0xFFFF, 0xFFFF, 0xFFFF, 0xFFFF, 0xFFFF,
  0xFFFF, 0xFFFF, 0xFFFF, 0xFFFF, 0xFFFF, 0xFFFF, 0xFFFF, 0xFFFF, 0xFFFF, 0xFFFF, 0xFFFF, 0xFFFF,
  0xFFFF, 0xFFFF, 0xFFFF, 0xFFFF, 0xFFFF, 0xFFFF, 0xFFFF, 0xFFFF, 0xFFFF, 0xFFFF, 0xFFFF, 0xFFFF,
  0xFFFF, 0xFFFF, 0xFFFF, 0xFFFF, 0xFFFF, 0xFFFF, 0xFFFF, 0xFFFF, 0xFFFF, 0xFFFF, 0xFFFF, 0xFFFF,
  0xFFFF, 0xFFFF, 0xFFFF, 0xFFFF, 0xFFFF, 0xFFFF, 0xFFFF, 0xFFFF, 0xFFFF, 0xFFFF, 0xFFFF, 0xFFFF,
  0xFFFF, 0xFFFF, 0xFFFF, 0xFFFF, 0xFFFF, 0xFFFF, 0xFFFF, 0xFFFF, 0xFFFF, 0xFFFF, 0xFFFF, 0xFFFF,
  0xFFFF, 0xFFFF, 0xFFFF, 0xFFFF, 0xFFFF, 0xFFFF, 0xFFFF, 0xFFFF, 0xFFFF, 0xFFFF, 0xFFFF, 0xFFFF,
  0xFFFF, 0xFFFF, 0xFFFF, 0xFFFF, 0xFFFF, 0xFFFF, 0xFFFF, 0xFFFF, 0xFFFF, 0xFFFF, 0xFFFF, 0xFFFF,
  0xFFFF, 0xFFFF, 0xFFFF, 0xFFFF, 0xFFFF, 0xFFFF, 0xFFFF, 0xFFFF, 0xFFFF, 0xFFFF, 0xFFFF, 0xFFFF,
  0xFFFF, 0xFFFF, 0xFFB9, 0xFEA3, 0xFE80, 0xFE60, 0xFE40, 0xFE20, 0xFE00, 0xFE20, 0xFE40, 0xFE60,
  0xFE60, 0xFE80, 0xFEE7, 0xFF74, 0xFFFF, 0xFFFF, 0xFFFF, 0xFFFF, 0xFFFF, 0xFFFF, 0xFFFF, 0xFFFF,
  0xFFFF, 0xFFFF, 0xFFFF, 0xFFFF, 0xFFFF, 0xFFFF, 0xFFFF, 0xFFFF, 0xFFFF, 0xFFFF, 0xFFFF, 0xFFFF,
  0xFFFF, 0xFFFF, 0xFFFF, 0xFFFF, 0xFFFF, 0xFFFF, 0xFFFF, 0xFFFF, 0xFFFF, 0xFFFF, 0xFFFF, 0xFFFF,
  0xFFFF, 0xFFFF, 0xFFFF, 0xFFFF, 0xFFFF, 0xFFFF, 0xFFFF, 0xFFFF, 0xFFFF, 0xFFFF, 0xFFFF, 0xFFFF,
  0xFFFF, 0xFFFF, 0xFFFF, 0xFFFF, 0xFFFF, 0xFFFF, 0xFFFF, 0xFFFF, 0xFFFF, 0xFFFF, 0xFFFF, 0xFFFF,
  0xFFFF, 0xFFFF, 0xFFFF, 0xFFFF, 0xFFFF, 0xFFFF, 0xFFFF, 0xFFFF, 0xFFFF, 0xFFFF, 0xFFFF, 0xFFFF,
  0xFFFF, 0xFFFF, 0xFFFF, 0xFFFF, 0xFFFF, 0xFFFF, 0xFFFF, 0xFFFF, 0xFFFF, 0xFFFF, 0xFFFF, 0xFFFF,
  0xFFFF, 0xFFFF, 0xFFFF, 0xFFFF, 0xFFFF, 0xFFFF, 0xFFFF, 0xFFFF, 0xFFFF, 0xFFFF, 0xFFFF, 0xFFFF,
  0xFFBD, 0xFE51, 0xFCC3, 0xFC60, 0xFCC0, 0xFD20, 0xFD60, 0xFDA0, 0xFDE1, 0xFE00, 0xFE00, 0xFDC0,
  0xFDA0, 0xFD21, 0xFC40, 0xFD06, 0xFFFE, 0xFFFF, 0xFFFF, 0xFFFF, 0xFFFF, 0xFFFF, 0xFFFF, 0xFFFF,
  0xFFFF, 0xFFFF, 0xFFFF, 0xFFFF, 0xFFFF, 0xFFFF, 0xFFFF, 0xFFFF, 0xFFFF, 0xFFFF, 0xFFFF, 0xFFFF,
  0xFFFF, 0xFFFF, 0xFFFF, 0xFFFF, 0xFFFF, 0xFFFF, 0xFFFF, 0xFFFF, 0xFFFF, 0xFFFF, 0xFFFF, 0xFFFF,
  0xFFFF, 0xFFFF, 0xFFFF, 0xFFFF, 0xFFFF, 0xFFFF, 0xFFFF, 0xFFFF, 0xFFFF, 0xFFFF, 0xFFFF, 0xFFFF,
  0xFFFF, 0xFFFF, 0xFFFF, 0xFFFF, 0xFFFF, 0xFFFF, 0xFFFF, 0xFFFF, 0xFFFF, 0xFFFF, 0xFFFF, 0xFFFF,
  0xFFFF, 0xFFFF, 0xFFFF, 0xFFFF, 0xFFFF, 0xFFFF, 0xFFFF, 0xFFFF, 0xFFFF, 0xFFFF, 0xFFFF, 0xFFFF,
  0xFFFF, 0xFFFF, 0xFFFF, 0xFFFF, 0xFFFF, 0xFFFF, 0xFFFF, 0xFFFF, 0xFFFF, 0xFFFF, 0xFFFF, 0xFFFF,
  0xFFFF, 0xFFFF, 0xFFFF, 0xFFFF, 0xFFFF, 0xFFFF, 0xFFFF, 0xFFFF, 0xFFFF, 0xFFFF, 0xFFFF, 0xFFFF,
  0xFFFF, 0xFFFF, 0xFFFF, 0xFFFF, 0xFFFF, 0xFFFF, 0xFFFF, 0xFFFF, 0xFFFF, 0xFFFF, 0xFFFF, 0xFFFF,
  0xFFFF, 0xFFFF, 0xFFFF, 0xFFFF, 0xFFFF, 0xFFFF, 0xFFFF, 0xFFFF, 0xFFFF, 0xFFFF, 0xFFFF, 0xFFFF,
  0xFFFF, 0xFFFF, 0xFFFF, 0xFFFF, 0xFFFF, 0xFFFF, 0xFFFF, 0xFFFF, 0xFFFF, 0xFFFF, 0xFFFF, 0xFFFF,
  0xFFFF, 0xFFFF, 0xFFFF, 0xFFFF, 0xFFFF, 0xFFFF, 0xFFFF, 0xFFFF, 0xFFFF, 0xFFDE, 0xFEC4, 0xFE80,
  0xFE21, 0xFDC0, 0xFD80, 0xFD61, 0xFD61, 0xFD61, 0xFD80, 0xFDA0, 0xFDE1, 0xFE20, 0xFE40, 0xFE80,
  0xFEE6, 0xFF95, 0xFFFF, 0xFFFF, 0xFFFF, 0xFFFF, 0xFFFF, 0xFFFF, 0xFFFF, 0xFFFF, 0xFFFF, 0xFFFF,
  0xFFFF, 0xFFFF, 0xFFFF, 0xFFFF, 0xFFFF, 0xFFFF, 0xFFFF, 0xFFFF, 0xFFFF, 0xFFFF, 0xFFFF, 0xFFFF,
  0xFFFF, 0xFFFF, 0xFFFF, 0xFFFF, 0xFFFF, 0xFFFF, 0xFFFF, 0xFFFF, 0xFFFF, 0xFFFF, 0xFFFF, 0xFFFF,
  0xFFFF, 0xFFFF, 0xFFFF, 0xFFFF, 0xFFFF, 0xFFFF, 0xFFFF, 0xFFFF, 0xFFFF, 0xFFFF, 0xFFFF, 0xFFFF,
  0xFFFF, 0xFFFF, 0xFFFF, 0xFFFF, 0xFFFF, 0xFFFF, 0xFFFF, 0xFFFF, 0xFFFF, 0xFFFF, 0xFFFF, 0xFFFF,
  0xFFFF, 0xFFFF, 0xFFFF, 0xFFFF, 0xFFFF, 0xFFFF, 0xFFFF, 0xFFFF, 0xFFFF, 0xFFFF, 0xFFFF, 0xFFFF,
  0xFFFF, 0xFFFF, 0xFFFF, 0xFFFF, 0xFFFF, 0xFFFF, 0xFFFF, 0xFFFF, 0xFFFF, 0xFFFF, 0xFFFF, 0xFFFF,
  0xFFFF, 0xFFFF, 0xFFFF, 0xFFFF, 0xFFFF, 0xFFFF, 0xFFDE, 0xFE50, 0xFCC3, 0xFC80, 0xFCE0, 0xFD60,
  0xFDC0, 0xFE00, 0xFE20, 0xFE40, 0xFE60, 0xFE60, 0xFE60, 0xFE40, 0xFE20, 0xFDA0, 0xFD21, 0xFC40,
  0xFE94, 0xFFFF, 0xFFFF, 0xFFFF, 0xFFFF, 0xFFFF, 0xFFFF, 0xFFFF, 0xFFFF, 0xFFFF, 0xFFFF, 0xFFFF,
  0xFFFF, 0xFFFF, 0xFFFF, 0xFFFF, 0xFFFF, 0xFFFF, 0xFFFF, 0xFFFF, 0xFFFF, 0xFFFF, 0xFFFF, 0xFFFF,
  0xFFFF, 0xFFFF, 0xFFFF, 0xFFFF, 0xFFFF, 0xFFFF, 0xFFFF, 0xFFFF, 0xFFFF, 0xFFFF, 0xFFFF, 0xFFFF,
  0xFFFF, 0xFFFF, 0xFFFF, 0xFFFF, 0xFFFF, 0xFFFF, 0xFFFF, 0xFFFF, 0xFFFF, 0xFFFF, 0xFFFF, 0xFFFF,
  0xFFFF, 0xFFFF, 0xFFFF, 0xFFFF, 0xFFFF, 0xFFFF, 0xFFFF, 0xFFFF, 0xFFFF, 0xFFFF, 0xFFFF, 0xFFFF,
  0xFFFF, 0xFFFF, 0xFFFF, 0xFFFF, 0xFFFF, 0xFFFF, 0xFFFF, 0xFFFF, 0xFFFF, 0xFFFF, 0xFFFF, 0xFFFF,
  0xFFFF, 0xFFFF, 0xFFFF, 0xFFFF, 0xFFFF, 0xFFFF, 0xFFFF, 0xFFFF, 0xFFFF, 0xFFFF, 0xFFFF, 0xFFFF,
  0xFFFF, 0xFFFF, 0xFFFF, 0xFFFF, 0xFFFF, 0xFFFF, 0xFFFF, 0xFFFF, 0xFFFF, 0xFFFF, 0xFFFF, 0xFFFF,
  0xFFFF, 0xFFFF, 0xFFFF, 0xFFFF, 0xFFFF, 0xFFFF, 0xFFFF, 0xFFFF, 0xFFFF, 0xFFFF, 0xFFFF, 0xFFFF,
  0xFFFF, 0xFFFF, 0xFFFF, 0xFFFF, 0xFFFF, 0xFFFF, 0xFFFF, 0xFFFF, 0xFFFF, 0xFFFF, 0xFFFF, 0xFFFF,
  0xFFFF, 0xFFFF, 0xFFFF, 0xFFFF, 0xFFFF, 0xFFFF, 0xFFFF, 0xFFFF, 0xFFFF, 0xFFFF, 0xFFFF, 0xFFFF,
  0xFFFF, 0xFFFF, 0xFFFF, 0xFFFF, 0xFFFF, 0xFF50, 0xFE60, 0xFE00, 0xFD80, 0xFD00, 0xFCA0, 0xFC60,
  0xFC40, 0xFC60, 0xFCA0, 0xFCE0, 0xFD40, 0xFD80, 0xFDC0, 0xFE20, 0xFE60, 0xFE80, 0xFEE8, 0xFF98,
  0xFFFF, 0xFFFF, 0xFFFF, 0xFFFF, 0xFFFF, 0xFFFF, 0xFFFF, 0xFFFF, 0xFFFF, 0xFFFF, 0xFFFF, 0xFFFF,
  0xFFFF, 0xFFFF, 0xFFFF, 0xFFFF, 0xFFFF, 0xFFFF, 0xFFFF, 0xFFFF, 0xFFFF, 0xFFFF, 0xFFFF, 0xFFFF,
  0xFFFF, 0xFFFF, 0xFFFF, 0xFFFF, 0xFFFF, 0xFFFF, 0xFFFF, 0xFFFF, 0xFFFF, 0xFFFF, 0xFFFF, 0xFFFF,
  0xFFFF, 0xFFFF, 0xFFFF, 0xFFFF, 0xFFFF, 0xFFFF, 0xFFFF, 0xFFFF, 0xFFFF, 0xFFFF, 0xFFFF, 0xFFFF,
  0xFFFF, 0xFFFF, 0xFFFF, 0xFFFF, 0xFFFF, 0xFFFF, 0xFFFF, 0xFFFF, 0xFFFF, 0xFFFF, 0xFFFF, 0xFFFF,
  0xFFFF, 0xFFFF, 0xFFFF, 0xFFFF, 0xFFFF, 0xFFFF, 0xFFFF, 0xFFFF, 0xFFFF, 0xFFFF, 0xFFFF, 0xFFFF,
  0xFFFF, 0xFFFF, 0xFFFF, 0xFFFF, 0xFFFF, 0xFFFF, 0xFFFF, 0xFFFF, 0xFFFF, 0xFFFF, 0xFFFF, 0xFFFF,
  0xFFFF, 0xFED5, 0xFD05, 0xFC60, 0xFD00, 0xFD81, 0xFDC0, 0xFE00, 0xFE40, 0xFE60, 0xFE80, 0xFEA0,
  0xFEE6, 0xFF09, 0xFF08, 0xFEA2, 0xFE60, 0xFE20, 0xFD80, 0xFCA0, 0xFD27, 0xFFFF, 0xFFFF, 0xFFFF,
  0xFFFF, 0xFFFF, 0xFFFF, 0xFFFF, 0xFFFF, 0xFFFF, 0xFFFF, 0xFFFF, 0xFFFF, 0xFFFF, 0xFFFF, 0xFFFF,
  0xFFFF, 0xFFFF, 0xFFFF, 0xFFFF, 0xFFFF, 0xFFFF, 0xFFFF, 0xFFFF, 0xFFFF, 0xFFFF, 0xFFFF, 0xFFFF,
  0xFFFF, 0xFFFF, 0xFFFF, 0xFFFF, 0xFFFF, 0xFFFF, 0xFFFF, 0xFFFF, 0xFFFF, 0xFFFF, 0xFFFF, 0xFFFF,
  0xFFFF, 0xFFFF, 0xFFFF, 0xFFFF, 0xFFFF, 0xFFFF, 0xFFFF, 0xFFFF, 0xFFFF, 0xFFFF, 0xFFFF, 0xFFFF,
  0xFFFF, 0xFFFF, 0xFFFF, 0xFFFF, 0xFFFF, 0xFFFF, 0xFFFF, 0xFFFF, 0xFFFF, 0xFFFF, 0xFFFF, 0xFFFF,
  0xFFFF, 0xFFFF, 0xFFFF, 0xFFFF, 0xFFFF, 0xFFFF, 0xFFFF, 0xFFFF, 0xFFFF, 0xFFFF, 0xFFFF, 0xFFFF,
  0xFFFF, 0xFFFF, 0xFFFF, 0xFFFF, 0xFFFF, 0xFFFF, 0xFFFF, 0xFFFF, 0xFFFF, 0xFFFF, 0xFFFF, 0xFFFF,
  0xFFFF, 0xFFFF, 0xFFFF, 0xFFFF, 0xFFFF, 0xFFFF, 0xFFFF, 0xFFFF, 0xFFFF, 0xFFFF, 0xFFFF, 0xFFFF,
  0xFFFF, 0xFFFF, 0xFFFF, 0xFFFF, 0xFFFF, 0xFFFF, 0xFFFF, 0xFFFF, 0xFFFF, 0xFFFF, 0xFFFF, 0xFFFF,
  0xFFFF, 0xFFFF, 0xFFFF, 0xFFFF, 0xFFFF, 0xFFFF, 0xFFFF, 0xFFFF, 0xFFFF, 0xFFFF, 0xFFFF, 0xFFFF,
  0xFFFF, 0xFFFF, 0xFFFF, 0xFFFF, 0xFFFF, 0xFFFF, 0xFFFF, 0xFFFF, 0xFFFF, 0xFFFF, 0xFFFF, 0xFFFF,
  0xFFFF, 0xFEA5, 0xFE00, 0xFD80, 0xFD00, 0xFC40, 0xFCE5, 0xFDEE, 0xFE0F, 0xFDCC, 0xFD06, 0xFC60,
  0xFC40, 0xFCC0, 0xFD20, 0xFD80, 0xFDE0, 0xFE40, 0xFE60, 0xFEA0, 0xFF2D, 0xFFDD, 0xFFFF, 0xFFFF,
  0xFFFF, 0xFFFF, 0xFFFF, 0xFFFF, 0xFFFF, 0xFFFF, 0xFFFF, 0xFFFF, 0xFFFF, 0xFFFF, 0xFFFF, 0xFFFF,
  0xFFFF, 0xFFFF, 0xFFFF, 0xFFFF, 0xFFFF, 0xFFFF, 0xFFFF, 0xFFFF, 0xFFFF, 0xFFFF, 0xFFFF, 0xFFFF,
  0xFFFF, 0xFFFF, 0xFFFF, 0xFFFF, 0xFFFF, 0xFFFF, 0xFFFF, 0xFFFF, 0xFFFF, 0xFFFF, 0xFFFF, 0xFFFF,
  0xFFFF, 0xFFFF, 0xFFFF, 0xFFFF, 0xFFFF, 0xFFFF, 0xFFFF, 0xFFFF, 0xFFFF, 0xFFFF, 0xFFFF, 0xFFFF,
  0xFFFF, 0xFFFF, 0xFFFF, 0xFFFF, 0xFFFF, 0xFFFF, 0xFFFF, 0xFFFF, 0xFFFF, 0xFFFF, 0xFFFF, 0xFFFF,
  0xFFFF, 0xFFFF, 0xFFFF, 0xFFFF, 0xFFFF, 0xFFFF, 0xFFFF, 0xFFFF, 0xFFFF, 0xFFFF, 0xFFFF, 0xFFFF,
  0xFFFF, 0xFFFF, 0xFFFF, 0xFFFF, 0xFFFF, 0xFFFF, 0xFFFF, 0xFF7B, 0xFD69, 0xFC60, 0xFCC0, 0xFD40,
  0xFDC0, 0xFE20, 0xFE40, 0xFE60, 0xFE80, 0xFEC4, 0xFF4F, 0xFFBA, 0xFFFF, 0xFFFF, 0xFFFF, 0xFFDC,
  0xFEE7, 0xFE40, 0xFDE0, 0xFD20, 0xFC81, 0xFF7B, 0xFFFF, 0xFFFF, 0xFFFF, 0xFFFF, 0xFFFF, 0xFFFF,
  0xFFFF, 0xFFFF, 0xFFFF, 0xFFFF, 0xFFFF, 0xFFFF, 0xFFFF, 0xFFFF, 0xFFFF, 0xFFFF, 0xFFFF, 0xFFFF,
  0xFFFF, 0xFFFF, 0xFFFF, 0xFFFF, 0xFFFF, 0xFFFF, 0xFFFF, 0xFFFF, 0xFFFF, 0xFFFF, 0xFFFF, 0xFFFF,
  0xFFFF, 0xFFFF, 0xFFFF, 0xFFFF, 0xFFFF, 0xFFFF, 0xFFFF, 0xFFFF, 0xFFFF, 0xFFFF, 0xFFFF, 0xFFFF,
  0xFFFF, 0xFFFF, 0xFFFF, 0xFFFF, 0xFFFF, 0xFFFF, 0xFFFF, 0xFFFF, 0xFFFF, 0xFFFF, 0xFFFF, 0xFFFF,
  0xFFFF, 0xFFFF, 0xFFFF, 0xFFFF, 0xFFFF, 0xFFFF, 0xFFFF, 0xFFFF, 0xFFFF, 0xFFFF, 0xFFFF, 0xFFFF,
  0xFFFF, 0xFFFF, 0xFFFF, 0xFFFF, 0xFFFF, 0xFFFF, 0xFFFF, 0xFFFF, 0xFFFF, 0xFFFF, 0xFFFF, 0xFFFF,
  0xFFFF, 0xFFFF, 0xFFFF, 0xFFFF, 0xFFFF, 0xFFFF, 0xFFFF, 0xFFFF, 0xFFFF, 0xFFFF, 0xFFFF, 0xFFFF,
  0xFFFF, 0xFFFF, 0xFFFF, 0xFFFF, 0xFFFF, 0xFFFF, 0xFFFF, 0xFFFF, 0xFFFF, 0xFFFF, 0xFFFF, 0xFFFF,
  0xFFFF, 0xFFFF, 0xFFFF, 0xFFFF, 0xFFFF, 0xFFFF, 0xFFFF, 0xFFFF, 0xFFFF, 0xFFFF, 0xFFFF, 0xFFFF,
  0xFFFF, 0xFFFF, 0xFFFF, 0xFFFF, 0xFFFF, 0xFFFF, 0xFFFF, 0xFFFF, 0xFFFF, 0xFFFF, 0xFFFF, 0xFFFF,
  0xFFFF, 0xFFFF, 0xFFFF, 0xFFFF, 0xFFFF, 0xFFFF, 0xFFFF, 0xFFFF, 0xFFBA, 0xFE61, 0xFDC0, 0xFD20,
  0xFC40, 0xFD48, 0xFFDE, 0xFFFF, 0xFFFF, 0xFFFF, 0xFFFF, 0xFF5A, 0xFE0F, 0xFC82, 0xFC40, 0xFCE0,
  0xFD61, 0xFDA0, 0xFE00, 0xFE60, 0xFE80, 0xFEC4, 0xFF75, 0xFFFF, 0xFFFF, 0xFFFF, 0xFFFF, 0xFFFF,
  0xFFFF, 0xFFFF, 0xFFFF, 0xFFFF, 0xFFFF, 0xFFFF, 0xFFFF, 0xFFFF, 0xFFFF, 0xFFFF, 0xFFFF, 0xFFFF,
  0xFFFF, 0xFFFF, 0xFFFF, 0xFFFF, 0xFFFF, 0xFFFF, 0xFFFF, 0xFFFF, 0xFFFF, 0xFFFF, 0xFFFF, 0xFFFF,
  0xFFFF, 0xFFFF, 0xFFFF, 0xFFFF, 0xFFFF, 0xFFFF, 0xFFFF, 0xFFFF, 0xFFFF, 0xFFFF, 0xFFFF, 0xFFFF,
  0xFFFF, 0xFFFF, 0xFFFF, 0xFFFF, 0xFFFF, 0xFFFF, 0xFFFF, 0xFFFF, 0xFFFF, 0xFFFF, 0xFFFF, 0xFFFF,
  0xFFFF, 0xFFFF, 0xFFFF, 0xFFFF, 0xFFFF, 0xFFFF, 0xFFFF, 0xFFFF, 0xFFFF, 0xFFFF, 0xFFFF, 0xFFFF,
  0xFFFF, 0xFFFF, 0xFFFF, 0xFFFF, 0xFFFF, 0xFFFF, 0xFFFF, 0xFFFF, 0xFFFF, 0xFFFF, 0xFFFF, 0xFFFF,
  0xFFFF, 0xFFFF, 0xFEB4, 0xFCA2, 0xFC80, 0xFD21, 0xFD80, 0xFDE0, 0xFE41, 0xFE60, 0xFE80, 0xFEC5,
  0xFF52, 0xFFDD, 0xFFFF, 0xFFFF, 0xFFFF, 0xFFFF, 0xFFFF, 0xFFFF, 0xFFDB, 0xFEA1, 0xFE20, 0xFD60,
  0xFC80, 0xFEF6, 0xFFFF, 0xFFFF, 0xFFFF, 0xFFFF, 0xFFFF, 0xFFFF, 0xFFFF, 0xFFFF, 0xFFFF, 0xFFFF,
  0xFFFF, 0xFFFF, 0xFFFF, 0xFFFF, 0xFFFF, 0xFFFF, 0xFFFF, 0xFFFF, 0xFFFF, 0xFFFF, 0xFFFF, 0xFFFF,
  0xFFFF, 0xFFFF, 0xFFFF, 0xFFFF, 0xFFFF, 0xFFFF, 0xFFFF, 0xFFFF, 0xFFFF, 0xFFFF, 0xFFFF, 0xFFFF,
  0xFFFF, 0xFFFF, 0xFFFF, 0xFFFF, 0xFFFF, 0xFFFF, 0xFFFF, 0xFFFF, 0xFFFF, 0xFFFF, 0xFFFF, 0xFFFF,
  0xFFFF, 0xFFFF, 0xFFFF, 0xFFFF, 0xFFFF, 0xFFFF, 0xFFFF, 0xFFFF, 0xFFFF, 0xFFFF, 0xFFFF, 0xFFFF,
  0xFFFF, 0xFFFF, 0xFFFF, 0xFFFF, 0xFFFF, 0xFFFF, 0xFFFF, 0xFFFF, 0xFFFF, 0xFFFF, 0xFFFF, 0xFFFF,
  0xFFFF, 0xFFFF, 0xFFFF, 0xFFFF, 0xFFFF, 0xFFFF, 0xFFFF, 0xFFFF, 0xFFFF, 0xFFFF, 0xFFFF, 0xFFFF,
  0xFFFF, 0xFFFF, 0xFFFF, 0xFFFF, 0xFFFF, 0xFFFF, 0xFFFF, 0xFFFF, 0xFFFF, 0xFFFF, 0xFFFF, 0xFFFF,
  0xFFFF, 0xFFFF, 0xFFFF, 0xFFFF, 0xFFFF, 0xFFFF, 0xFFFF, 0xFFFF, 0xFFFF, 0xFFFF, 0xFFFF, 0xFFFF,
  0xFFFF, 0xFFFF, 0xFFFF, 0xFFFF, 0xFFFF, 0xFFFF, 0xFFFF, 0xFFFF, 0xFFFF, 0xFFFF, 0xFFFF, 0xFFFF,
  0xFFFF, 0xFFFF, 0xFFFF, 0xFFFF, 0xFFFF, 0xFFFF, 0xFFFF, 0xFFFF, 0xFFFF, 0xFFFF, 0xFFFF, 0xFFFF,
  0xFFFF, 0xFFFF, 0xFFFF, 0xFFFF, 0xFF96, 0xFE20, 0xFD80, 0xFCC0, 0xFC81, 0xFF9B, 0xFFFF, 0xFFFF,
  0xFFFF, 0xFFFF, 0xFFFF, 0xFFFF, 0xFFFF, 0xFF9C, 0xFDEE, 0xFC81, 0xFC80, 0xFD20, 0xFD80, 0xFDE0,
  0xFE41, 0xFE80, 0xFE80, 0xFF2D, 0xFFFE, 0xFFFF, 0xFFFF, 0xFFFF, 0xFFFF, 0xFFFF, 0xFFFF, 0xFFFF,
  0xFFFF, 0xFFFF, 0xFFFF, 0xFFFF, 0xFFFF, 0xFFFF, 0xFFFF, 0xFFFF, 0xFFFF, 0xFFFF, 0xFFFF, 0xFFFF,
  0xFFFF, 0xFFFF, 0xFFFF, 0xFFFF, 0xFFFF, 0xFFFF, 0xFFFF, 0xFFFF, 0xFFFF, 0xFFFF, 0xFFFF, 0xFFFF,
  0xFFFF, 0xFFFF, 0xFFFF, 0xFFFF, 0xFFFF, 0xFFFF, 0xFFFF, 0xFFFF, 0xFFFF, 0xFFFF, 0xFFFF, 0xFFFF,
  0xFFFF, 0xFFFF, 0xFFFF, 0xFFFF, 0xFFFF, 0xFFFF, 0xFFFF, 0xFFFF, 0xFFFF, 0xFFFF, 0xFFFF, 0xFFFF,
  0xFFFF, 0xFFFF, 0xFFFF, 0xFFFF, 0xFFFF, 0xFFFF, 0xFFFF, 0xFFFF, 0xFFFF, 0xFFFF, 0xFFFF, 0xFFFF,
  0xFFFF, 0xFFFF, 0xFFFF, 0xFFFF, 0xFFFF, 0xFFFF, 0xFFFF, 0xFFFF, 0xFFBD, 0xFDAB, 0xFC60, 0xFCE0,
  0xFD60, 0xFDC0, 0xFE20, 0xFE60, 0xFE80, 0xFEA3, 0xFF71, 0xFFFE, 0xFFFF, 0xFFFF, 0xFFFF, 0xFFFF,
  0xFFFF, 0xFFFF, 0xFFFF, 0xFFFF, 0xFFFF, 0xFF09, 0xFE40, 0xFDA1, 0xFC80, 0xFE93, 0xFFFF, 0xFFFF,
  0xFFFF, 0xFFFF, 0xFFFF, 0xFFFF, 0xFFFF, 0xFFFF, 0xFFFF, 0xFFFF, 0xFFFF, 0xFFFF, 0xFFFF, 0xFFFF,
  0xFFFF, 0xFFFF, 0xFFFF, 0xFFFF, 0xFFFF, 0xFFFF, 0xFFFF, 0xFFFF, 0xFFFF, 0xFFFF, 0xFFFF, 0xFFFF,
  0xFFFF, 0xFFFF, 0xFFFF, 0xFFFF, 0xFFFF, 0xFFFF, 0xFFFF, 0xFFFF, 0xFFFF, 0xFFFF, 0xFFFF, 0xFFFF,
  0xFFFF, 0xFFFF, 0xFFFF, 0xFFFF, 0xFFFF, 0xFFFF, 0xFFFF, 0xFFFF, 0xFFFF, 0xFFFF, 0xFFFF, 0xFFFF,
  0xFFFF, 0xFFFF, 0xFFFF, 0xFFFF, 0xFFFF, 0xFFFF, 0xFFFF, 0xFFFF, 0xFFFF, 0xFFFF, 0xFFFF, 0xFFFF,
  0xFFFF, 0xFFFF, 0xFFFF, 0xFFFF, 0xFFFF, 0xFFFF, 0xFFFF, 0xFFFF, 0xFFFF, 0xFFFF, 0xFFFF, 0xFFFF,
  0xFFFF, 0xFFFF, 0xFFFF, 0xFFFF, 0xFFFF, 0xFFFF, 0xFFFF, 0xFFFF, 0xFFFF, 0xFFFF, 0xFFFF, 0xFFFF,
  0xFFFF, 0xFFFF, 0xFFFF, 0xFFFF, 0xFFFF, 0xFFFF, 0xFFFF, 0xFFFF, 0xFFFF, 0xFFFF, 0xFFFF, 0xFFFF,
  0xFFFF, 0xFFFF, 0xFFFF, 0xFFFF, 0xFFFF, 0xFFFF, 0xFFFF, 0xFFFF, 0xFFFF, 0xFFFF, 0xFFFF, 0xFFFF,
  0xFFFF, 0xFFFF, 0xFFFF, 0xFFFF, 0xFFFF, 0xFFFF, 0xFFFF, 0xFFFF, 0xFFFF, 0xFFFF, 0xFFFF, 0xFFFF,
  0xFFFF, 0xFFFF, 0xFFFF, 0xFFFF, 0xFFFF, 0xFFFF, 0xFFFF, 0xFFFF, 0xFFFF, 0xFFFF, 0xFFFF, 0xFFFF,
  0xFF53, 0xFE00, 0xFD61, 0xFC80, 0xFD69, 0xFFFF, 0xFFFF, 0xFFFF, 0xFFFF, 0xFFFF, 0xFFFF, 0xFFFF,
  0xFFFF, 0xFFFF, 0xFFFF, 0xFF7B, 0xFD8A, 0xFC40, 0xFCC0, 0xFD40, 0xFDA0, 0xFE20, 0xFE80, 0xFE80,
  0xFEC6, 0xFFB9, 0xFFFF, 0xFFFF, 0xFFFF, 0xFFFF, 0xFFFF, 0xFFFF, 0xFFFF, 0xFFFF, 0xFFFF, 0xFFFF,
  0xFFFF, 0xFFFF, 0xFFFF, 0xFFFF, 0xFFFF, 0xFFFF, 0xFFFF, 0xFFFF, 0xFFFF, 0xFFFF, 0xFFFF, 0xFFFF,
  0xFFFF, 0xFFFF, 0xFFFF, 0xFFFF, 0xFFFF, 0xFFFF, 0xFFFF, 0xFFFF, 0xFFFF, 0xFFFF, 0xFFFF, 0xFFFF,
  0xFFFF, 0xFFFF, 0xFFFF, 0xFFFF, 0xFFFF, 0xFFFF, 0xFFFF, 0xFFFF, 0xFFFF, 0xFFFF, 0xFFFF, 0xFFFF,
  0xFFFF, 0xFFFF, 0xFFFF, 0xFFFF, 0xFFFF, 0xFFFF, 0xFFFF, 0xFFFF, 0xFFFF, 0xFFFF, 0xFFFF, 0xFFFF,
  0xFFFF, 0xFFFF, 0xFFFF, 0xFFFF, 0xFFFF, 0xFFFF, 0xFFFF, 0xFFFF, 0xFFFF, 0xFFFF, 0xFFFF, 0xFFFF,
  0xFFFF, 0xFFFF, 0xFFFF, 0xFF18, 0xFCC4, 0xFC60, 0xFD20, 0xFD80, 0xFDE0, 0xFE41, 0xFE80, 0xFE80,
  0xFF2C, 0xFFDC, 0xFFFF, 0xFFFF, 0xFFFF, 0xFFFF, 0xFFFF, 0xFFFF, 0xFFFF, 0xFFFF, 0xFFFF, 0xFFFF,
  0xFFFF, 0xFF2E, 0xFE40, 0xFDC1, 0xFCA0, 0xFE72, 0xFFFF, 0xFFFF, 0xFFFF, 0xFFFF, 0xFFFF, 0xFFFF,
  0xFFFF, 0xFFFF, 0xFFFF, 0xFFFF, 0xFFFF, 0xFFFF, 0xFFFF, 0xFFFF, 0xFFFF, 0xFFFF, 0xFFFF, 0xFFFF,
  0xFFFF, 0xFFFF, 0xFFFF, 0xFFFF, 0xFFFF, 0xFFFF, 0xFFFF, 0xFFFF, 0xFFFF, 0xFFFF, 0xFFFF, 0xFFFF,
  0xFFFF, 0xFFFF, 0xFFFF, 0xFFFF, 0xFFFF, 0xFFFF, 0xFFFF, 0xFFFF, 0xFFFF, 0xFFFF, 0xFFFF, 0xFFFF,
  0xFFFF, 0xFFFF, 0xFFFF, 0xFFFF, 0xFFFF, 0xFFFF, 0xFFFF, 0xFFFF, 0xFFFF, 0xFFFF, 0xFFFF, 0xFFFF,
  0xFFFF, 0xFFFF, 0xFFFF, 0xFFFF, 0xFFFF, 0xFFFF, 0xFFFF, 0xFFFF, 0xFFFF, 0xFFFF, 0xFFFF, 0xFFFF,
  0xFFFF, 0xFFFF, 0xFFFF, 0xFFFF, 0xFFFF, 0xFFFF, 0xFFFF, 0xFFFF, 0xFFFF, 0xFFFF, 0xFFFF, 0xFFFF,
  0xFFFF, 0xFFFF, 0xFFFF, 0xFFFF, 0xFFFF, 0xFFFF, 0xFFFF, 0xFFFF, 0xFFFF, 0xFFFF, 0xFFFF, 0xFFFF,
  0xFFFF, 0xFFFF, 0xFFFF, 0xFFFF, 0xFFFF, 0xFFFF, 0xFFFF, 0xFFFF, 0xFFFF, 0xFFFF, 0xFFFF, 0xFFFF,
  0xFFFF, 0xFFFF, 0xFFFF, 0xFFFF, 0xFFFF, 0xFFFF, 0xFFFF, 0xFFFF, 0xFFFF, 0xFFFF, 0xFFFF, 0xFFFF,
  0xFFFF, 0xFFFF, 0xFFFF, 0xFFFF, 0xFFFF, 0xFFFF, 0xFFFF, 0xFFFF, 0xFFFF, 0xFFFF, 0xFFFF, 0xFFFF,
  0xFFFF, 0xFFFF, 0xFFFF, 0xFFFF, 0xFFFF, 0xFFFF, 0xFFFF, 0xFFFF, 0xFF52, 0xFE00, 0xFD61, 0xFC60,
  0xFDCD, 0xFFFF, 0xFFFF, 0xFFFF, 0xFFFF, 0xFFFF, 0xFFFF, 0xFFFF, 0xFFFF, 0xFFFF, 0xFFFF, 0xFFFF,
  0xFFFF, 0xFEB3, 0xFCA3, 0xFC60, 0xFD00, 0xFD80, 0xFE00, 0xFE60, 0xFE60, 0xFEA1, 0xFF73, 0xFFFF,
  0xFFFF, 0xFFFF, 0xFFFF, 0xFFFF, 0xFFFF, 0xFFFF, 0xFFFF, 0xFFFF, 0xFFFF, 0xFFFF, 0xFFFF, 0xFFFF,
  0xFFFF, 0xFFFF, 0xFFFF, 0xFFFF, 0xFFFF, 0xFFFF, 0xFFFF, 0xFFFF, 0xFFFF, 0xFFFF, 0xFFFF, 0xFFFF,
  0xFFFF, 0xFFFF, 0xFFFF, 0xFFFF, 0xFFFF, 0xFFFF, 0xFFFF, 0xFFFF, 0xFFFF, 0xFFFF, 0xFFFF, 0xFFFF,
  0xFFFF, 0xFFFF, 0xFFFF, 0xFFFF, 0xFFFF, 0xFFFF, 0xFFFF, 0xFFFF, 0xFFFF, 0xFFFF, 0xFFFF, 0xFFFF,
  0xFFFF, 0xFFFF, 0xFFFF, 0xFFFF, 0xFFFF, 0xFFFF, 0xFFFF, 0xFFFF, 0xFFFF, 0xFFFF, 0xFFFF, 0xFFFF,
  0xFFFF, 0xFFFF, 0xFFFF, 0xFFFF, 0xFFFF, 0xFFFF, 0xFFFF, 0xFFFF, 0xFFFF, 0xFFFF, 0xFE72, 0xFC80,
  0xFCA0, 0xFD41, 0xFDA0, 0xFE00, 0xFE60, 0xFE80, 0xFEC3, 0xFF95, 0xFFFF, 0xFFFF, 0xFFFF, 0xFFFF,
  0xFFFF, 0xFFFF, 0xFFFF, 0xFFFF, 0xFFFF, 0xFFFF, 0xFFFF, 0xFFFF, 0xFFFF, 0xFF30, 0xFE40, 0xFDE1,
  0xFCA0, 0xFE72, 0xFFFF, 0xFFFF, 0xFFFF, 0xFFFF, 0xFFFF, 0xFFFF, 0xFFFF, 0xFFFF, 0xFFFF, 0xFFFF,
  0xFFFF, 0xFFFF, 0xFFFF, 0xFFFF, 0xFFFF, 0xFFFF, 0xFFFF, 0xFFFF, 0xFFFF, 0xFFFF, 0xFFFF, 0xFFFF,
  0xFFFF, 0xFFFF, 0xFFFF, 0xFFFF, 0xFFFF, 0xFFFF, 0xFFFF, 0xFFFF, 0xFFFF, 0xFFFF, 0xFFFF, 0xFFFF,
  0xFFFF, 0xFFFF, 0xFFFF, 0xFFFF, 0xFFFF, 0xFFFF, 0xFFFF, 0xFFFF, 0xFFFF, 0xFFFF, 0xFFFF, 0xFFFF,
  0xFFFF, 0xFFFF, 0xFFFF, 0xFFFF, 0xFFFF, 0xFFFF, 0xFFFF, 0xFFFF, 0xFFFF, 0xFFFF, 0xFFFF, 0xFFFF,
  0xFFFF, 0xFFFF, 0xFFFF, 0xFFFF, 0xFFFF, 0xFFFF, 0xFFFF, 0xFFFF, 0xFFFF, 0xFFFF, 0xFFFF, 0xFFFF,
  0xFFFF, 0xFFFF, 0xFFFF, 0xFFFF, 0xFFFF, 0xFFFF, 0xFFFF, 0xFFFF, 0xFFFF, 0xFFFF, 0xFFFF, 0xFFFF,
  0xFFFF, 0xFFFF, 0xFFFF, 0xFFFF, 0xFFFF, 0xFFFF, 0xFFFF, 0xFFFF, 0xFFFF, 0xFFFF, 0xFFFF, 0xFFFF,
  0xFFFF, 0xFFFF, 0xFFFF, 0xFFFF, 0xFFFF, 0xFFFF, 0xFFFF, 0xFFFF, 0xFFFF, 0xFFFF, 0xFFFF, 0xFFFF,
  0xFFFF, 0xFFFF, 0xFFFF, 0xFFFF, 0xFFFF, 0xFFFF, 0xFFFF, 0xFFFF, 0xFFFF, 0xFFFF, 0xFFFF, 0xFFFF,
  0xFFFF, 0xFFFF, 0xFFFF, 0xFFFF, 0xFFFF, 0xFFFF, 0xFFFF, 0xFFFF, 0xFFFF, 0xFFFF, 0xFFFF, 0xFFFF,
  0xFFFF, 0xFFFF, 0xFFFF, 0xFFFF, 0xFF52, 0xFE20, 0xFD81, 0xFC80, 0xFDEE, 0xFFFF, 0xFFFF, 0xFFFF,
  0xFFFF, 0xFFFF, 0xFFFF, 0xFFFF, 0xFFFF, 0xFFFF, 0xFFFF, 0xFFFF, 0xFFFF, 0xFFFF, 0xFFBC, 0xFD8A,
  0xFC40, 0xFCE0, 0xFD60, 0xFDC0, 0xFE20, 0xFE60, 0xFE80, 0xFF4E, 0xFFFF, 0xFFFF, 0xFFFF, 0xFFFF,
  0xFFFF, 0xFFFF, 0xFFFF, 0xFFFF, 0xFFFF, 0xFFFF, 0xFFFF, 0xFFFF, 0xFFFF, 0xFFFF, 0xFFFF, 0xFFFF,
  0xFFFF, 0xFFFF, 0xFFFF, 0xFFFF, 0xFFFF, 0xFFFF, 0xFFFF, 0xFFFF, 0xFFFF, 0xFFFF, 0xFFFF, 0xFFFF,
  0xFFFF, 0xFFFF, 0xFFFF, 0xFFFF, 0xFFFF, 0xFFFF, 0xFFFF, 0xFFFF, 0xFFFF, 0xFFFF, 0xFFFF, 0xFFFF,
  0xFFFF, 0xFFFF, 0xFFFF, 0xFFFF, 0xFFFF, 0xFFFF, 0xFFFF, 0xFFFF, 0xFFFF, 0xFFFF, 0xFFFF, 0xFFFF,
  0xFFFF, 0xFFFF, 0xFFFF, 0xFFFF, 0xFFFF, 0xFFFF, 0xFFFF, 0xFFFF, 0xFFFF, 0xFFFF, 0xFFFF, 0xFFFF,
  0xFFFF, 0xFFFF, 0xFFFF, 0xFFFF, 0xFFDE, 0xFDAB, 0xFC60, 0xFD00, 0xFD80, 0xFDC0, 0xFE20, 0xFE80,
  0xFE80, 0xFF09, 0xFFDC, 0xFFFF, 0xFFFF, 0xFFFF, 0xFFFF, 0xFFFF, 0xFFFF, 0xFFFF, 0xFFFF, 0xFFFF,
  0xFFFF, 0xFFFF, 0xFFFF, 0xFFFF, 0xFFFF, 0xFF30, 0xFE40, 0xFDC1, 0xFCA0, 0xFEB4, 0xFFFF, 0xFFFF,
  0xFFFF, 0xFFFF, 0xFFFF, 0xFFFF, 0xFFFF, 0xFFFF, 0xFFFF, 0xFFFF, 0xFFFF, 0xFFFF, 0xFFFF, 0xFFFF,
  0xFFFF, 0xFFFF, 0xFFFF, 0xFFFF, 0xFFFF, 0xFFFF, 0xFFFF, 0xFFFF, 0xFFFF, 0xFFFF, 0xFFFF, 0xFFFF,
  0xFFFF, 0xFFFF, 0xFFFF, 0xFFFF, 0xFFFF, 0xFFFF, 0xFFFF, 0xFFFF, 0xFFFF, 0xFFFF, 0xFFFF, 0xFFFF,
  0xFFFF, 0xFFFF, 0xFFFF, 0xFFFF, 0xFFFF, 0xFFFF, 0xFFFF, 0xFFFF, 0xFFFF, 0xFFFF, 0xFFFF, 0xFFFF,
  0xFFFF, 0xFFFF, 0xFFFF, 0xFFFF, 0xFFFF, 0xFFFF, 0xFFFF, 0xFFFF, 0xFFFF, 0xFFFF, 0xFFFF, 0xFFFF,
  0xFFFF, 0xFFFF, 0xFFFF, 0xFFFF, 0xFFFF, 0xFFFF, 0xFFFF, 0xFFFF, 0xFFFF, 0xFFFF, 0xFFFF, 0xFFFF,
  0xFFFF, 0xFFFF, 0xFFFF, 0xFFFF, 0xFFFF, 0xFFFF, 0xFFFF, 0xFFFF, 0xFFFF, 0xFFFF, 0xFFFF, 0xFFFF,
  0xFFFF, 0xFFFF, 0xFFFF, 0xFFFF, 0xFFFF, 0xFFFF, 0xFFFF, 0xFFFF, 0xFFFF, 0xFFFF, 0xFFFF, 0xFFFF,
  0xFFFF, 0xFFFF, 0xFFFF, 0xFFFF, 0xFFFF, 0xFFFF, 0xFFFF, 0xFFFF, 0xFFFF, 0xFFFF, 0xFFFF, 0xFFFF,
  0xFFFF, 0xFFFF, 0xFFFF, 0xFFFF, 0xFFFF, 0xFFFF, 0xFFFF, 0xFFFF, 0xFFFF, 0xFFFF, 0xFFFF, 0xFFFF,
  0xFFFF, 0xFFFF, 0xFFFF, 0xFFFF, 0xFFFF, 0xFFFF, 0xFFFF, 0xFFFF, 0xFFFF, 0xFFFF, 0xFFFF, 0xFFFF,
  0xFF75, 0xFE20, 0xFDA1, 0xFC80, 0xFDCC, 0xFFFF, 0xFFFF, 0xFFFF, 0xFFFF, 0xFFFF, 0xFFFF, 0xFFFF,
  0xFFFF, 0xFFFF, 0xFFFF, 0xFFFF, 0xFFFF, 0xFFFF, 0xFFFF, 0xFFFF, 0xFE93, 0xFC82, 0xFC80, 0xFD41,
  0xFDA0, 0xFE00, 0xFE60, 0xFEA0, 0xFF08, 0xFFDB, 0xFFFF, 0xFFFF, 0xFFFF, 0xFFFF, 0xFFFF, 0xFFFF,
  0xFFFF, 0xFFFF, 0xFFFF, 0xFFFF, 0xFFFF, 0xFFFF, 0xFFFF, 0xFFFF, 0xFFFF, 0xFFFF, 0xFFFF, 0xFFFF,
  0xFFFF, 0xFFFF, 0xFFFF, 0xFFFF, 0xFFFF, 0xFFFF, 0xFFFF, 0xFFFF, 0xFFFF, 0xFFFF, 0xFFFF, 0xFFFF,
  0xFFFF, 0xFFFF, 0xFFFF, 0xFFFF, 0xFFFF, 0xFFFF, 0xFFFF, 0xFFFF, 0xFFFF, 0xFFFF, 0xFFFF, 0xFFFF,
  0xFFFF, 0xFFFF, 0xFFFF, 0xFFFF, 0xFFFF, 0xFFFF, 0xFFFF, 0xFFFF, 0xFFFF, 0xFFFF, 0xFFFF, 0xFFFF,
  0xFFFF, 0xFFFF, 0xFFFF, 0xFFFF, 0xFFFF, 0xFFFF, 0xFFFF, 0xFFFF, 0xFFFF, 0xFFFF, 0xFFFF, 0xFF9C,
  0xFD27, 0xFC60, 0xFD21, 0xFDA0, 0xFE00, 0xFE61, 0xFE80, 0xFEC1, 0xFF73, 0xFFFF, 0xFFFF, 0xFFFF,
  0xFFFF, 0xFFFF, 0xFFFF, 0xFFFF, 0xFFFF, 0xFFFF, 0xFFFF, 0xFFFF, 0xFFFF, 0xFFFF, 0xFFFF, 0xFFFF,
  0xFFFF, 0xFF2E, 0xFE40, 0xFDC1, 0xFCA0, 0xFEF7, 0xFFFF, 0xFFFF, 0xFFFF, 0xFFFF, 0xFFFF, 0xFFFF,
  0xFFFF, 0xFFFF, 0xFFFF, 0xFFFF, 0xFFFF, 0xFFFF, 0xFFFF, 0xFFFF, 0xFFFF, 0xFFFF, 0xFFFF, 0xFFFF,
  0xFFFF, 0xFFFF, 0xFFFF, 0xFFFF, 0xFFFF, 0xFFFF, 0xFFFF, 0xFFFF, 0xFFFF, 0xFFFF, 0xFFFF, 0xFFFF,
  0xFFFF, 0xFFFF, 0xFFFF, 0xFFFF, 0xFFFF, 0xFFFF, 0xFFFF, 0xFFFF, 0xFFFF, 0xFFFF, 0xFFFF, 0xFFFF,
  0xFFFF, 0xFFFF, 0xFFFF, 0xFFFF, 0xFFFF, 0xFFFF, 0xFFFF, 0xFFFF, 0xFFFF, 0xFFFF, 0xFFFF, 0xFFFF,
  0xFFFF, 0xFFFF, 0xFFFF, 0xFFFF, 0xFFFF, 0xFFFF, 0xFFFF, 0xFFFF, 0xFFFF, 0xFFFF, 0xFFFF, 0xFFFF,
  0xFFFF, 0xFFFF, 0xFFFF, 0xFFFF, 0xFFFF, 0xFFFF, 0xFFFF, 0xFFFF, 0xFFFF, 0xFFFF, 0xFFFF, 0xFFFF,
  0xFFFF, 0xFFFF, 0xFFFF, 0xFFFF, 0xFFFF, 0xFFFF, 0xFFFF, 0xFFFF, 0xFFFF, 0xFFFF, 0xFFFF, 0xFFFF,
  0xFFFF, 0xFFFF, 0xFFFF, 0xFFFF, 0xFFFF, 0xFFFF, 0xFFFF, 0xFFFF, 0xFFFF, 0xFFFF, 0xFFFF, 0xFFFF,
  0xFFFF, 0xFFFF, 0xFFFF, 0xFFFF, 0xFFFF, 0xFFFF, 0xFFFF, 0xFFFF, 0xFFFF, 0xFFFF, 0xFFFF, 0xFFFF,
  0xFFFF, 0xFFFF, 0xFFFF, 0xFFFF, 0xFFFF, 0xFFFF, 0xFFFF, 0xFFFF, 0xFFFF, 0xFFFF, 0xFFFF, 0xFFFF,
  0xFFFF, 0xFFFF, 0xFFFF, 0xFFFF, 0xFFFF, 0xFFFF, 0xFFFF, 0xFFFF, 0xFF98, 0xFE60, 0xFDC1, 0xFCC0,
  0xFD8A, 0xFFFF, 0xFFFF, 0xFFFF, 0xFFFF, 0xFFFF, 0xFFFF, 0xFFFF, 0xFFFF, 0xFFFF, 0xFFFF, 0xFFFF,
  0xFFFF, 0xFFFF, 0xFFFF, 0xFFFF, 0xFFFF, 0xFF7A, 0xFCE6, 0xFC40, 0xFD20, 0xFDA0, 0xFE00, 0xFE60,
  0xFEA0, 0xFEC3, 0xFFB8, 0xFFFF, 0xFFFF, 0xFFFF, 0xFFFF, 0xFFFF, 0xFFFF, 0xFFFF, 0xFFFF, 0xFFFF,
  0xFFFF, 0xFFFF, 0xFFFF, 0xFFFF, 0xFFFF, 0xFFFF, 0xFFFF, 0xFFFF, 0xFFFF, 0xFFFF, 0xFFFF, 0xFFFF,
  0xFFFF, 0xFFFF, 0xFFFF, 0xFFFF, 0xFFFF, 0xFFFF, 0xFFFF, 0xFFFF, 0xFFFF, 0xFFFF, 0xFFFF, 0xFFFF,
  0xFFFF, 0xFFFF, 0xFFFF, 0xFFFF, 0xFFFF, 0xFFFF, 0xFFFF, 0xFFFF, 0xFFFF, 0xFFFF, 0xFFFF, 0xFFFF,
  0xFFFF, 0xFFFF, 0xFFFF, 0xFFFF, 0xFFFF, 0xFFFF, 0xFFFF, 0xFFFF, 0xFFFF, 0xFFFF, 0xFFFF, 0xFFFF,
  0xFFFF, 0xFFFF, 0xFFFF, 0xFFFF, 0xFFFF, 0xFFFF, 0xFF17, 0xFCC3, 0xFC80, 0xFD41, 0xFDA0, 0xFE20,
  0xFE81, 0xFEA0, 0xFEE5, 0xFFB9, 0xFFFF, 0xFFFF, 0xFFFF, 0xFFFF, 0xFFFF, 0xFFFF, 0xFFFF, 0xFFFF,
  0xFFFF, 0xFFFF, 0xFFFF, 0xFFFF, 0xFFFF, 0xFFFF, 0xFFFF, 0xFFFF, 0xFFFF, 0xFEEA, 0xFE40, 0xFDA0,
  0xFCC0, 0xFF59, 0xFFFF, 0xFFFF, 0xFFFF, 0xFFFF, 0xFFFF, 0xFFFF, 0xFFFF, 0xFFFF, 0xFFFF, 0xFFFF,
  0xFFFF, 0xFFFF, 0xFFFF, 0xFFFF, 0xFFFF, 0xFFFF, 0xFFFF, 0xFFFF, 0xFFFF, 0xFFFF, 0xFFFF, 0xFFFF,
  0xFFFF, 0xFFFF, 0xFFFF, 0xFFFF, 0xFFFF, 0xFFFF, 0xFFFF, 0xFFFF, 0xFFFF, 0xFFFF, 0xFFFF, 0xFFFF,
  0xFFFF, 0xFFFF, 0xFFFF, 0xFFFF, 0xFFFF, 0xFFFF, 0xFFFF, 0xFFFF, 0xFFFF, 0xFFFF, 0xFFFF, 0xFFFF,
  0xFFFF, 0xFFFF, 0xFFFF, 0xFFFF, 0xFFFF, 0xFFFF, 0xFFFF, 0xFFFF, 0xFFFF, 0xFFFF, 0xFFFF, 0xFFFF,
  0xFFFF, 0xFFFF, 0xFFFF, 0xFFFF, 0xFFFF, 0xFFFF, 0xFFFF, 0xFFFF, 0xFFFF, 0xFFFF, 0xFFFF, 0xFFFF,
  0xFFFF, 0xFFFF, 0xFFFF, 0xFFFF, 0xFFFF, 0xFFFF, 0xFFFF, 0xFFFF, 0xFFFF, 0xFFFF, 0xFFFF, 0xFFFF,
  0xFFFF, 0xFFFF, 0xFFFF, 0xFFFF, 0xFFFF, 0xFFFF, 0xFFFF, 0xFFFF, 0xFFFF, 0xFFFF, 0xFFFF, 0xFFFF,
  0xFFFF, 0xFFFF, 0xFFFF, 0xFFFF, 0xFFFF, 0xFFFF, 0xFFFF, 0xFFFF, 0xFFFF, 0xFFFF, 0xFFFF, 0xFFFF,
  0xFFFF, 0xFFFF, 0xFFFF, 0xFFFF, 0xFFFF, 0xFFFF, 0xFFFF, 0xFFFF, 0xFFFF, 0xFFFF, 0xFFFF, 0xFFFF,
  0xFFFF, 0xFFFF, 0xFFFF, 0xFFFF, 0xFFFF, 0xFFFF, 0xFFFF, 0xFFFF, 0xFFFF, 0xFFFF, 0xFFFF, 0xFFFF,
  0xFFFF, 0xFFFF, 0xFFFF, 0xFFFF, 0xFFBB, 0xFE81, 0xFDE0, 0xFCE0, 0xFD26, 0xFFFF, 0xFFFF, 0xFFFF,
  0xFFFF, 0xFFFF, 0xFFFF, 0xFFFF, 0xFFFF, 0xFFFF, 0xFFFF, 0xFFFF, 0xFFFF, 0xFFFF, 0xFFFF, 0xFFFF,
  0xFFFF, 0xFFFF, 0xFFDE, 0xFDAC, 0xFC40, 0xFCE0, 0xFD80, 0xFDE0, 0xFE60, 0xFEA0, 0xFEC1, 0xFF95,
  0xFFFF, 0xFFFF, 0xFFFF, 0xFFFF, 0xFFFF, 0xFFFF, 0xFFFF, 0xFFFF, 0xFFFF, 0xFFFF, 0xFFFF, 0xFFFF,
  0xFFFF, 0xFFFF, 0xFFFF, 0xFFFF, 0xFFFF, 0xFFFF, 0xFFFF, 0xFFFF, 0xFFFF, 0xFFFF, 0xFFFF, 0xFFFF,
  0xFFFF, 0xFFFF, 0xFFFF, 0xFFFF, 0xFFFF, 0xFFFF, 0xFFFF, 0xFFFF, 0xFFFF, 0xFFFF, 0xFFFF, 0xFFFF,
  0xFFFF, 0xFFFF, 0xFFFF, 0xFFFF, 0xFFFF, 0xFFFF, 0xFFFF, 0xFFFF, 0xFFFF, 0xFFFF, 0xFFFF, 0xFFFF,
  0xFFFF, 0xFFFF, 0xFFFF, 0xFFFF, 0xFFFF, 0xFFFF, 0xFFFF, 0xFFFF, 0xFFFF, 0xFFFF, 0xFFFF, 0xFFFF,
  0xFFFF, 0xFE93, 0xFC60, 0xFCC0, 0xFD61, 0xFDC0, 0xFE20, 0xFE80, 0xFEA0, 0xFF2B, 0xFFFE, 0xFFFF,
  0xFFFF, 0xFFFF, 0xFFFF, 0xFFFF, 0xFFFF, 0xFFFF, 0xFFFF, 0xFFFF, 0xFFFF, 0xFFFF, 0xFFFF, 0xFFFF,
  0xFFFF, 0xFFFF, 0xFFFF, 0xFFFF, 0xFFFF, 0xFEE6, 0xFE40, 0xFD60, 0xFD03, 0xFFBD, 0xFFFF, 0xFFFF,
  0xFFFF, 0xFFFF, 0xFFFF, 0xFFFF, 0xFFFF, 0xFFFF, 0xFFFF, 0xFFFF, 0xFFFF, 0xFFFF, 0xFFFF, 0xFFFF,
  0xFFFF, 0xFFFF, 0xFFFF, 0xFFFF, 0xFFFF, 0xFFFF, 0xFFFF, 0xFFFF, 0xFFFF, 0xFFFF, 0xFFFF, 0xFFFF,
  0xFFFF, 0xFFFF, 0xFFFF, 0xFFFF, 0xFFFF, 0xFFFF, 0xFFFF, 0xFFFF, 0xFFFF, 0xFFFF, 0xFFFF, 0xFFFF,
  0xFFFF, 0xFFFF, 0xFFFF, 0xFFFF, 0xFFFF, 0xFFFF, 0xFFFF, 0xFFFF, 0xFFFF, 0xFFFF, 0xFFFF, 0xFFFF,
  0xFFFF, 0xFFFF, 0xFFFF, 0xFFFF, 0xFFFF, 0xFFFF, 0xFFFF, 0xFFFF, 0xFFFF, 0xFFFF, 0xFFFF, 0xFFFF,
  0xFFFF, 0xFFFF, 0xFFFF, 0xFFFF, 0xFFFF, 0xFFFF, 0xFFFF, 0xFFFF, 0xFFFF, 0xFFFF, 0xFFFF, 0xFFFF,
  0xFFFF, 0xFFFF, 0xFFFF, 0xFFFF, 0xFFFF, 0xFFFF, 0xFFFF, 0xFFFF, 0xFFFF, 0xFFFF, 0xFFFF, 0xFFFF,
  0xFFFF, 0xFFFF, 0xFFFF, 0xFFFF, 0xFFFF, 0xFFFF, 0xFFFF, 0xFFFF, 0xFFFF, 0xFFFF, 0xFFFF, 0xFFFF,
  0xFFFF, 0xFFFF, 0xFFFF, 0xFFFF, 0xFFFF, 0xFFFF, 0xFFFF, 0xFFFF, 0xFFFF, 0xFFFF, 0xFFFF, 0xFFFF,
  0xFFFF, 0xFFFF, 0xFFFF, 0xFFFF, 0xFFFF, 0xFFFF, 0xFFFF, 0xFFFF, 0xFFFF, 0xFFFF, 0xFFFF, 0xFFFF,
  0xFFFF, 0xFFFF, 0xFFFF, 0xFFFF, 0xFFFF, 0xFFFF, 0xFFFF, 0xFFFF, 0xFFFF, 0xFFFF, 0xFFFF, 0xFFFF,
  0xFFDE, 0xFEA3, 0xFE00, 0xFD20, 0xFCC2, 0xFFBD, 0xFFFF, 0xFFFF, 0xFFFF, 0xFFFF, 0xFFFF, 0xFFFF,
  0xFFFF, 0xFFFF, 0xFFFF, 0xFFFF, 0xFFFF, 0xFFFF, 0xFFFF, 0xFFFF, 0xFFFF, 0xFFFF, 0xFFFF, 0xFFFF,
  0xFE51, 0xFC40, 0xFCA0, 0xFD60, 0xFDE0, 0xFE40, 0xFEA0, 0xFEC0, 0xFF50, 0xFFFF, 0xFFFF, 0xFFFF,
  0xFFFF, 0xFFFF, 0xFFFF, 0xFFFF, 0xFFFF, 0xFFFF, 0xFFFF, 0xFFFF, 0xFFFF, 0xFFFF, 0xFFFF, 0xFFFF,
  0xFFFF, 0xFFFF, 0xFFFF, 0xFFFF, 0xFFFF, 0xFFFF, 0xFFFF, 0xFFFF, 0xFFFF, 0xFFFF, 0xFFFF, 0xFFFF,
  0xFFFF, 0xFFFF, 0xFFFF, 0xFFFF, 0xFFFF, 0xFFFF, 0xFFFF, 0xFFFF, 0xFFFF, 0xFFFF, 0xFFFF, 0xFFFF,
  0xFFFF, 0xFFFF, 0xFFFF, 0xFFFF, 0xFFFF, 0xFFFF, 0xFFFF, 0xFFFF, 0xFFFF, 0xFFFF, 0xFFFF, 0xFFFF,
  0xFFFF, 0xFFFF, 0xFFFF, 0xFFFF, 0xFFFF, 0xFFFF, 0xFFFF, 0xFFFF, 0xFE2F, 0xFC60, 0xFCE0, 0xFD80,
  0xFE00, 0xFE40, 0xFE80, 0xFEA0, 0xFF72, 0xFFFF, 0xFFFF, 0xFFFF, 0xFFFF, 0xFFFF, 0xFFFF, 0xFFFF,
  0xFFFF, 0xFFFF, 0xFFFF, 0xFFFF, 0xFFFF, 0xFFFF, 0xFFFF, 0xFFFF, 0xFFFF, 0xFFFF, 0xFFFF, 0xFFFF,
  0xFFDC, 0xFEA2, 0xFE20, 0xFD40, 0xFD46, 0xFFFF, 0xFFFF, 0xFFFF, 0xFFFF, 0xFFFF, 0xFFFF, 0xFFFF,
  0xFFFF, 0xFFFF, 0xFFFF, 0xFFFF, 0xFFFF, 0xFFFF, 0xFFFF, 0xFFFF, 0xFFFF, 0xFFFF, 0xFFFF, 0xFFFF,
  0xFFFF, 0xFFFF, 0xFFFF, 0xFFFF, 0xFFFF, 0xFFFF, 0xFFFF, 0xFFFF, 0xFFFF, 0xFFFF, 0xFFFF, 0xFFFF,
  0xFFFF, 0xFFFF, 0xFFFF, 0xFFFF, 0xFFFF, 0xFFFF, 0xFFFF, 0xFFFF, 0xFFFF, 0xFFFF, 0xFFFF, 0xFFFF,
  0xFFFF, 0xFFFF, 0xFFFF, 0xFFFF, 0xFFFF, 0xFFFF, 0xFFFF, 0xFFFF, 0xFFFF, 0xFFFF, 0xFFFF, 0xFFFF,
  0xFFFF, 0xFFFF, 0xFFFF, 0xFFFF, 0xFFFF, 0xFFFF, 0xFFFF, 0xFFFF, 0xFFFF, 0xFFFF, 0xFFFF, 0xFFFF,
  0xFFFF, 0xFFFF, 0xFFFF, 0xFFFF, 0xFFFF, 0xFFFF, 0xFFFF, 0xFFFF, 0xFFFF, 0xFFFF, 0xFFFF, 0xFFFF,
  0xFFFF, 0xFFFF, 0xFFFF, 0xFFFF, 0xFFFF, 0xFFFF, 0xFFFF, 0xFFFF, 0xFFFF, 0xFFFF, 0xFFFF, 0xFFFF,
  0xFFFF, 0xFFFF, 0xFFFF, 0xFFFF, 0xFFFF, 0xFFFF, 0xFFFF, 0xFFFF, 0xFFFF, 0xFFFF, 0xFFFF, 0xFFFF,
  0xFFFF, 0xFFFF, 0xFFFF, 0xFFFF, 0xFFFF, 0xFFFF, 0xFFFF, 0xFFFF, 0xFFFF, 0xFFFF, 0xFFFF, 0xFFFF,
  0xFFFF, 0xFFFF, 0xFFFF, 0xFFFF, 0xFFFF, 0xFFFF, 0xFFFF, 0xFFFF, 0xFFFF, 0xFFFF, 0xFFFF, 0xFFFF,
  0xFFFF, 0xFFFF, 0xFFFF, 0xFFFF, 0xFFFF, 0xFFFF, 0xFFFF, 0xFFFF, 0xFFFF, 0xFEE8, 0xFE20, 0xFD60,
  0xFC80, 0xFF39, 0xFFFF, 0xFFFF, 0xFFFF, 0xFFFF, 0xFFFF, 0xFFFF, 0xFFFF, 0xFFFF, 0xFFFF, 0xFFFF,
  0xFFFF, 0xFFFF, 0xFFFF, 0xFFFF, 0xFFFF, 0xFFFF, 0xFFFF, 0xFFFF, 0xFFFF, 0xFEF6, 0xFC83, 0xFC80,
  0xFD60, 0xFDC0, 0xFE20, 0xFE80, 0xFEA0, 0xFF0A, 0xFFFE, 0xFFFF, 0xFFFF, 0xFFFF, 0xFFFF, 0xFFFF,
  0xFFFF, 0xFFFF, 0xFFFF, 0xFFFF, 0xFFFF, 0xFFFF, 0xFFFF, 0xFFFF, 0xFFFF, 0xFFFF, 0xFFFF, 0xFFFF,
  0xFFFF, 0xFFFF, 0xFFFF, 0xFFFF, 0xFFFF, 0xFFFF, 0xFFFF, 0xFFFF, 0xFFFF, 0xFFFF, 0xFFFF, 0xFFFF,
  0xFFFF, 0xFFFF, 0xFFFF, 0xFFFF, 0xFFFF, 0xFFFF, 0xFFFF, 0xFFFF, 0xFFFF, 0xFFFF, 0xFFFF, 0xFFFF,
  0xFFFF, 0xFFFF, 0xFFFF, 0xFFFF, 0xFFFF, 0xFFFF, 0xFFFF, 0xFFFF, 0xFFFF, 0xFFFF, 0xFFFF, 0xFFFF,
  0xFFFF, 0xFFFF, 0xFFFF, 0xFDAB, 0xFC60, 0xFD20, 0xFDA0, 0xFE00, 0xFE61, 0xFEA0, 0xFEC3, 0xFF97,
  0xFFFF, 0xFFFF, 0xFFFF, 0xFFFF, 0xFFFF, 0xFFFF, 0xFFFF, 0xFFFF, 0xFFFF, 0xFFFF, 0xFFFF, 0xFFFF,
  0xFFFF, 0xFFFF, 0xFFFF, 0xFFFF, 0xFFFF, 0xFFFF, 0xFFFF, 0xFFFF, 0xFF97, 0xFE80, 0xFE01, 0xFCE0,
  0xFDEC, 0xFFFF, 0xFFFF, 0xFFFF, 0xFFFF, 0xFFFF, 0xFFFF, 0xFFFF, 0xFFFF, 0xFFFF, 0xFFFF, 0xFFFF,
  0xFFFF, 0xFFFF, 0xFFFF, 0xFFFF, 0xFFFF, 0xFFFF, 0xFFFF, 0xFFFF, 0xFFFF, 0xFFFF, 0xFFFF, 0xFFFF,
  0xFFFF, 0xFFFF, 0xFFFF, 0xFFFF, 0xFFFF, 0xFFFF, 0xFFFF, 0xFFFF, 0xFFFF, 0xFFFF, 0xFFFF, 0xFFFF,
  0xFFFF, 0xFFFF, 0xFFFF, 0xFFFF, 0xFFFF, 0xFFFF, 0xFFFF, 0xFFFF, 0xFFFF, 0xFFFF, 0xFFFF, 0xFFFF,
  0xFFFF, 0xFFFF, 0xFFFF, 0xFFFF, 0xFFFF, 0xFFFF, 0xFFFF, 0xFFFF, 0xFFFF, 0xFFFF, 0xFFFF, 0xFFFF,
  0xFFFF, 0xFFFF, 0xFFFF, 0xFFFF, 0xFFFF, 0xFFFF, 0xFFFF, 0xFFFF, 0xFFFF, 0xFFFF, 0xFFFF, 0xFFFF,
  0xFFFF, 0xFFFF, 0xFFFF, 0xFFFF, 0xFFFF, 0xFFFF, 0xFFFF, 0xFFFF, 0xFFFF, 0xFFFF, 0xFFFF, 0xFFFF,
  0xFFFF, 0xFFFF, 0xFFFF, 0xFFFF, 0xFFFF, 0xFFFF, 0xFFFF, 0xFFFF, 0xFFFF, 0xFFFF, 0xFFFF, 0xFFFF,
  0xFFFF, 0xFFFF, 0xFFFF, 0xFFFF, 0xFFFF, 0xFFFF, 0xFFFF, 0xFFFF, 0xFFFF, 0xFFFF, 0xFFFF, 0xFFFF,
  0xFFFF, 0xFFFF, 0xFFFF, 0xFFFF, 0xFFFF, 0xFFFF, 0xFFFF, 0xFFFF, 0xFFFF, 0xFFFF, 0xFFFF, 0xFFFF,
  0xFFFF, 0xFFFF, 0xFFFF, 0xFFFF, 0xFFFF, 0xFFFF, 0xFFFF, 0xFFFF, 0xFFFF, 0xFFFF, 0xFFFF, 0xFFFF,
  0xFFFF, 0xFFFF, 0xFFFF, 0xFFFF, 0xFFFF, 0xFF2D, 0xFE40, 0xFDA1, 0xFC80, 0xFE92, 0xFFFF, 0xFFFF,
  0xFFFF, 0xFFFF, 0xFFFF, 0xFFFF, 0xFFFF, 0xFFFF, 0xFFFF, 0xFFFF, 0xFFFF, 0xFFFF, 0xFFFF, 0xFFFF,
  0xFFFF, 0xFFFF, 0xFFFF, 0xFFFF, 0xFFFF, 0xFFFF, 0xFF7B, 0xFCC5, 0xFC60, 0xFD40, 0xFDA0, 0xFE00,
  0xFE60, 0xFEA0, 0xFF08, 0xFFDD, 0xFFFF, 0xFFFF, 0xFFFF, 0xFFFF, 0xFFFF, 0xFFFF, 0xFFFF, 0xFFFF,
  0xFFFF, 0xFFFF, 0xFFFF, 0xFFFF, 0xFFFF, 0xFFFF, 0xFFFF, 0xFFFF, 0xFFFF, 0xFFFF, 0xFFFF, 0xF7BE,
  0xDF3C, 0xCEDA, 0xC698, 0xAE37, 0xA5F5, 0x9DD5, 0x9DD4, 0x9DD4, 0x9DF5, 0xA616, 0xBE78, 0xCEFA,
  0xDF3B, 0xEF9D, 0xF7DE, 0xFFFF, 0xFFFF, 0xFFFF, 0xFFFF, 0xFFFF, 0xFFFF, 0xFFFF, 0xFFFF, 0xFFFF,
  0xFFFF, 0xFFFF, 0xFFFF, 0xFFFF, 0xFFFF, 0xFFFF, 0xFFFF, 0xFFFF, 0xFFFF, 0xFFDD, 0xFD69, 0xFC80,
  0xFD41, 0xFDA0, 0xFE20, 0xFE60, 0xFE80, 0xFEE6, 0xFFDB, 0xFFFF, 0xFFFF, 0xFFFF, 0xFFFF, 0xFFFF,
  0xFFFF, 0xFFFF, 0xFFFF, 0xFFFF, 0xFFFF, 0xFFFF, 0xFFFF, 0xFFFF, 0xFFFF, 0xFFFF, 0xFFFF, 0xFFFF,
  0xFFFF, 0xFFFF, 0xFFFF, 0xFFFF, 0xFF50, 0xFE40, 0xFDE1, 0xFCC0, 0xFEB3, 0xFFFF, 0xFFFF, 0xFFFF,
  0xFFFF, 0xFFFF, 0xFFFF, 0xFFFF, 0xFFFF, 0xFFFF, 0xFFFF, 0xFFFF, 0xFFFF, 0xFFFF, 0xFFFF, 0xFFFF,
  0xFFFF, 0xFFFF, 0xFFFF, 0xFFFF, 0xFFFF, 0xFFFF, 0xFFFF, 0xFFFF, 0xFFFF, 0xFFFF, 0xFFFF, 0xFFFF,
  0xFFFF, 0xFFFF, 0xFFFF, 0xFFFF, 0xFFFF, 0xFFFF, 0xFFFF, 0xFFFF, 0xFFFF, 0xFFFF, 0xFFFF, 0xFFFF,
  0xFFFF, 0xFFFF, 0xFFFF, 0xFFFF, 0xFFFF, 0xFFFF, 0xFFFF, 0xFFFF, 0xFFFF, 0xFFFF, 0xFFFF, 0xFFFF,
  0xFFFF, 0xFFFF, 0xFFFF, 0xFFFF, 0xFFFF, 0xFFFF, 0xFFFF, 0xFFFF, 0xFFFF, 0xFFFF, 0xFFFF, 0xFFFF,
  0xFFFF, 0xFFFF, 0xFFFF, 0xFFFF, 0xFFFF, 0xFFFF, 0xFFFF, 0xFFFF, 0xFFFF, 0xFFFF, 0xFFFF, 0xFFFF,
  0xFFFF, 0xFFFF, 0xFFFF, 0xFFFF, 0xFFFF, 0xFFFF, 0xFFFF, 0xFFFF, 0xFFFF, 0xFFFF, 0xFFFF, 0xFFFF,
  0xFFFF, 0xFFFF, 0xFFFF, 0xFFFF, 0xFFFF, 0xFFFF, 0xFFFF, 0xFFFF, 0xFFFF, 0xFFFF, 0xFFFF, 0xFFFF,
  0xFFFF, 0xFFFF, 0xFFFF, 0xFFFF, 0xFFFF, 0xFFFF, 0xFFFF, 0xFFFF, 0xFFFF, 0xFFFF, 0xFFFF, 0xFFFF,
  0xFFFF, 0xFFFF, 0xFFFF, 0xFFFF, 0xFFFF, 0xFFFF, 0xFFFF, 0xFFFF, 0xFFFF, 0xFFFF, 0xFFFF, 0xFFFF,
  0xFFFF, 0xFFFF, 0xFFFF, 0xFFFF, 0xFFFF, 0xFFFF, 0xFFFF, 0xFFFF, 0xFFFF, 0xFFFF, 0xFFFF, 0xFFFF,
  0xFFFF, 0xFF74, 0xFE60, 0xFDC1, 0xFCA0, 0xFDAA, 0xFFFF, 0xFFFF, 0xFFFF, 0xFFFF, 0xFFFF, 0xFFFF,
  0xFFFF, 0xFFFF, 0xFFFF, 0xFFFF, 0xFFFF, 0xFFFF, 0xFFFF, 0xFFFF, 0xFFFF, 0xFFFF, 0xFFFF, 0xFFFF,
  0xFFFF, 0xFFFF, 0xFFFF, 0xFFBD, 0xFD49, 0xFC20, 0xFD00, 0xFDA0, 0xFE00, 0xFE81, 0xFE80, 0xFEE5,
  0xFFDB, 0xFFFF, 0xFFFF, 0xFFFF, 0xFFFF, 0xFFFF, 0xFFFF, 0xFFFF, 0xFFFF, 0xFFFF, 0xFFFF, 0xFFFF,
  0xFFFF, 0xEF9D, 0xCED9, 0xA615, 0x7D11, 0x4C4C, 0x33A9, 0x2347, 0x12E5, 0x0284, 0x0284, 0x0283,
  0x0263, 0x0263, 0x0263, 0x0263, 0x0283, 0x0283, 0x02A4, 0x0AC4, 0x0AE5, 0x1B27, 0x2B68, 0x3BEA,
  0x5C6D, 0x7D51, 0xA616, 0xCEFA, 0xF7BE, 0xFFFF, 0xFFFF, 0xFFFF, 0xFFFF, 0xFFFF, 0xFFFF, 0xFFFF,
  0xFFFF, 0xFFFF, 0xFFFF, 0xFFFF, 0xFFBC, 0xFD26, 0xFC80, 0xFD41, 0xFDC0, 0xFE20, 0xFE60, 0xFEA0,
  0xFF09, 0xFFDD, 0xFFFF, 0xFFFF, 0xFFFF, 0xFFFF, 0xFFFF, 0xFFFF, 0xFFFF, 0xFFFF, 0xFFFF, 0xFFFF,
  0xFFFF, 0xFFFF, 0xFFFF, 0xFFFF, 0xFFFF, 0xFFFF, 0xFFFF, 0xFFFF, 0xFFFF, 0xFFFF, 0xFFFF, 0xFFFF,
  0xFF0A, 0xFE40, 0xFDA0, 0xFCE0, 0xFF7A, 0xFFFF, 0xFFFF, 0xFFFF, 0xFFFF, 0xFFFF, 0xFFFF, 0xFFFF,
  0xFFFF, 0xFFFF, 0xFFFF, 0xFFFF, 0xFFFF, 0xFFFF, 0xFFFF, 0xFFFF, 0xFFFF, 0xFFFF, 0xFFFF, 0xFFFF,
  0xFFFF, 0xFFFF, 0xFFFF, 0xFFFF, 0xFFFF, 0xFFFF, 0xFFFF, 0xFFFF, 0xFFFF, 0xFFFF, 0xFFFF, 0xFFFF,
  0xFFFF, 0xFFFF, 0xFFFF, 0xFFFF, 0xFFFF, 0xFFFF, 0xFFFF, 0xFFFF, 0xFFFF, 0xFFFF, 0xFFFF, 0xFFFF,
  0xFFFF, 0xFFFF, 0xFFFF, 0xFFFF, 0xFFFF, 0xFFFF, 0xFFFF, 0xFFFF, 0xFFFF, 0xFFFF, 0xFFFF, 0xFFFF,
  0xFFFF, 0xFFFF, 0xFFFF, 0xFFFF, 0xFFFF, 0xFFFF, 0xFFFF, 0xFFFF, 0xFFFF, 0xFFFF, 0xFFFF, 0xFFFF,
  0xFFFF, 0xFFFF, 0xFFFF, 0xFFFF, 0xFFFF, 0xFFFF, 0xFFFF, 0xFFFF, 0xFFFF, 0xFFFF, 0xFFFF, 0xFFFF,
  0xFFFF, 0xFFFF, 0xFFFF, 0xFFFF, 0xFFFF, 0xFFFF, 0xFFFF, 0xFFFF, 0xFFFF, 0xFFFF, 0xFFFF, 0xFFFF,
  0xFFFF, 0xFFFF, 0xFFFF, 0xFFFF, 0xFFFF, 0xFFFF, 0xFFFF, 0xFFFF, 0xFFFF, 0xFFFF, 0xFFFF, 0xFFFF,
  0xFFFF, 0xFFFF, 0xFFFF, 0xFFFF, 0xFFFF, 0xFFFF, 0xFFFF, 0xFFFF, 0xFFFF, 0xFFFF, 0xFFFF, 0xFFFF,
  0xFFFF, 0xFFFF, 0xFFFF, 0xFFFF, 0xFFFF, 0xFFFF, 0xFFFF, 0xFFFF, 0xFFFF, 0xFFFF, 0xFFFF, 0xFFFF,
  0xFFFF, 0xFFFF, 0xFFFF, 0xFFFF, 0xFFFF, 0xFFFF, 0xFFFF, 0xFFFF, 0xFFFF, 0xFFDB, 0xFE81, 0xFDE0,
  0xFD00, 0xFCC3, 0xFFDE, 0xFFFF, 0xFFFF, 0xFFFF, 0xFFFF, 0xFFFF, 0xFFFF, 0xFFFF, 0xFFFF, 0xFFFF,
  0xFFFF, 0xFFFF, 0xFFFF, 0xFFFF, 0xFFFF, 0xFFFF, 0xFFFF, 0xFFFF, 0xFFFF, 0xFFFF, 0xFFFF, 0xFFFF,
  0xFFFF, 0xFDCD, 0xFC20, 0xFCE0, 0xFD80, 0xFE00, 0xFE60, 0xFEA0, 0xFEE3, 0xFFB8, 0xFFFF, 0xFFFF,
  0xFFFF, 0xFFFF, 0xFFFF, 0xFFFF, 0xFFFF, 0xEFBE, 0xBE78, 0x7D31, 0x43EB, 0x1B26, 0x02A4, 0x0283,
  0x0263, 0x0283, 0x0284, 0x02A4, 0x02A4, 0x0AA5, 0x0AC5, 0x0AC5, 0x0AE5, 0x0AE5, 0x0AE5, 0x0AE5,
  0x0AE5, 0x0AE5, 0x0AE5, 0x0AE5, 0x0AE5, 0x02C4, 0x02C4, 0x02A4, 0x0283, 0x0263, 0x0263, 0x02A4,
  0x2347, 0x544C, 0x8D72, 0xBE98, 0xEF9D, 0xFFFF, 0xFFFF, 0xFFFF, 0xFFFF, 0xFFFF, 0xFFFF, 0xFF7A,
  0xFD04, 0xFCA0, 0xFD60, 0xFDC0, 0xFE20, 0xFE80, 0xFE80, 0xFF2D, 0xFFFF, 0xFFFF, 0xFFFF, 0xFFFF,
  0xFFFF, 0xFFFF, 0xFFFF, 0xFFFF, 0xFFFF, 0xFFFF, 0xFFFF, 0xFFFF, 0xFFFF, 0xFFFF, 0xFFFF, 0xFFFF,
  0xFFFF, 0xFFFF, 0xFFFF, 0xFFFF, 0xFFFF, 0xFFFF, 0xFFFF, 0xFFDD, 0xFEA3, 0xFE20, 0xFD40, 0xFD24,
  0xFFFE, 0xFFFF, 0xFFFF, 0xFFFF, 0xFFFF, 0xFFFF, 0xFFFF, 0xFFFF, 0xFFFF, 0xFFFF, 0xFFFF, 0xFFFF,
  0xFFFF, 0xFFFF, 0xFFFF, 0xFFFF, 0xFFFF, 0xFFFF, 0xFFFF, 0xFFFF, 0xFFFF, 0xFFFF, 0xFFFF, 0xFFFF,
  0xFFFF, 0xFFFF, 0xFFFF, 0xFFFF, 0xFFFF, 0xFFFF, 0xFFFF, 0xFFFF, 0xFFFF, 0xFFFF, 0xFFFF, 0xFFFF,
  0xFFFF, 0xFFFF, 0xFFFF, 0xFFFF, 0xFFFF, 0xFFFF, 0xFFFF, 0xFFFF, 0xFFFF, 0xFFFF, 0xFFFF, 0xFFFF,
  0xFFFF, 0xFFFF, 0xFFFF, 0xFFFF, 0xFFFF, 0xFFFF, 0xFFFF, 0xFFFF, 0xFFFF, 0xFFFF, 0xFFFF, 0xFFFF,
  0xFFFF, 0xFFFF, 0xFFFF, 0xFFFF, 0xFFFF, 0xFFFF, 0xFFFF, 0xFFFF, 0xFFFF, 0xFFFF, 0xFFFF, 0xFFFF,
  0xFFFF, 0xFFFF, 0xFFFF, 0xFFFF, 0xFFFF, 0xFFFF, 0xFFFF, 0xFFFF, 0xFFFF, 0xFFFF, 0xFFFF, 0xFFFF,
  0xFFFF, 0xFFFF, 0xFFFF, 0xFFFF, 0xFFFF, 0xFFFF, 0xFFFF, 0xFFFF, 0xFFFF, 0xFFFF, 0xFFFF, 0xFFFF,
  0xFFFF, 0xFFFF, 0xFFFF, 0xFFFF, 0xFFFF, 0xFFFF, 0xFFFF, 0xFFFF, 0xFFFF, 0xFFFF, 0xFFFF, 0xFFFF,
  0xFFFF, 0xFFFF, 0xFFFF, 0xFFFF, 0xFFFF, 0xFFFF, 0xFFFF, 0xFFFF, 0xFFFF, 0xFFFF, 0xFFFF, 0xFFFF,
  0xFFFF, 0xFFFF, 0xFFFF, 0xFFFF, 0xFFFF, 0xFFFF, 0xFFFF, 0xFFFF, 0xFFFF, 0xFFFF, 0xFFFF, 0xFFFF,
  0xFFFF, 0xFFFF, 0xFFFF, 0xFFFF, 0xFFFF, 0xFFFF, 0xFEC6, 0xFE00, 0xFD40, 0xFC60, 0xFF17, 0xFFFF,
  0xFFFF, 0xFFFF, 0xFFFF, 0xFFFF, 0xFFFF, 0xFFFF, 0xFFFF, 0xFFFF, 0xFFFF, 0xFFFF, 0xFFFF, 0xFFFF,
  0xFFFF, 0xFFFF, 0xFFFF, 0xFFFF, 0xFFFF, 0xFFFF, 0xFFFF, 0xFFFF, 0xFFFF, 0xFFFF, 0xFE51, 0xFC20,
  0xFCE0, 0xFD80, 0xFDE0, 0xFE40, 0xFEA0, 0xFEC1, 0xFF97, 0xFFFF, 0xFFFF, 0xFFFF, 0xE77C, 0xA5F5,
  0x5C6D, 0x2347, 0x0283, 0x0263, 0x0283, 0x02A4, 0x0AC5, 0x0AE5, 0x0AE5, 0x0AE5, 0x0AC5, 0x0AC5,
  0x0AC5, 0x0AC5, 0x0AC5, 0x0AC5, 0x0AC5, 0x0AC5, 0x0AE5, 0x0AE5, 0x0AE5, 0x02E5, 0x0AE5, 0x0AE5,
  0x0AE5, 0x0AE5, 0x0B05, 0x0B05, 0x0AE5, 0x0AE5, 0x0AE5, 0x0AE5, 0x02A4, 0x02A3, 0x0283, 0x02C4,
  0x2367, 0x546D, 0x9DD4, 0xDF3B, 0xFFFF, 0xFFFF, 0xF718, 0xFCA2, 0xFCC0, 0xFD60, 0xFDC0, 0xFE20,
  0xFE80, 0xFE80, 0xFF51, 0xFFFF, 0xFFFF, 0xFFFF, 0xFFFF, 0xFFFF, 0xFFFF, 0xFFFF, 0xFFFF, 0xFFFF,
  0xFFFF, 0xFFFF, 0xFFFF, 0xFFFF, 0xFFFF, 0xFFFF, 0xFFFF, 0xFFFF, 0xFFFF, 0xFFFF, 0xFFFF, 0xFFFF,
  0xFFFF, 0xFFFF, 0xFFFF, 0xFF96, 0xFE60, 0xFE01, 0xFCE0, 0xFDAA, 0xFFFF, 0xFFFF, 0xFFFF, 0xFFFF,
  0xFFFF, 0xFFFF, 0xFFFF, 0xFFFF, 0xFFFF, 0xFFFF, 0xFFFF, 0xFFFF, 0xFFFF, 0xFFFF, 0xFFFF, 0xFFFF,
  0xFFFF, 0xFFFF, 0xFFFF, 0xFFFF, 0xFFFF, 0xFFFF, 0xFFFF, 0xFFFF, 0xFFFF, 0xFFFF, 0xFFFF, 0xFFFF,
  0xFFFF, 0xFFFF, 0xFFFF, 0xFFFF, 0xFFFF, 0xFFFF, 0xFFFF, 0xFFFF, 0xFFFF, 0xFFFF, 0xFFFF, 0xFFFF,
  0xFFFF, 0xFFFF, 0xFFFF, 0xFFFF, 0xFFFF, 0xFFFF, 0xFFFF, 0xFFFF, 0xFFFF, 0xFFFF, 0xFFFF, 0xFFFF,
  0xFFFF, 0xFFFF, 0xFFFF, 0xFFFF, 0xFFFF, 0xFFFF, 0xFFFF, 0xFFFF, 0xFFFF, 0xFFFF, 0xFFFF, 0xFFFF,
  0xFFFF, 0xFFFF, 0xFFFF, 0xFFFF, 0xFFFF, 0xFFFF, 0xFFFF, 0xFFFF, 0xFFFF, 0xFFFF, 0xFFFF, 0xFFFF,
  0xFFFF, 0xFFFF, 0xFFFF, 0xFFFF, 0xFFFF, 0xFFFF, 0xFFFF, 0xFFFF, 0xFFFF, 0xFFFF, 0xFFFF, 0xFFFF,
  0xFFFF, 0xFFFF, 0xFFFF, 0xFFFF, 0xFFFF, 0xFFFF, 0xFFFF, 0xFFFF, 0xFFFF, 0xFFFF, 0xFFFF, 0xFFFF,
  0xFFFF, 0xFFFF, 0xFFFF, 0xFFFF, 0xFFFF, 0xFFFF, 0xFFFF, 0xFFFF, 0xFFFF, 0xFFFF, 0xFFFF, 0xFFFF,
  0xFFFF, 0xFFFF, 0xFFFF, 0xFFFF, 0xFFFF, 0xFFFF, 0xFFFF, 0xFFFF, 0xFFFF, 0xFFFF, 0xFFFF, 0xFFFF,
  0xFFFF, 0xFFFF, 0xFFFF, 0xFFFF, 0xFFFF, 0xFFFF, 0xFFFF, 0xFFFF, 0xFFFF, 0xFFFF, 0xFFFF, 0xFFFF,
  0xFFFF, 0xFFFF, 0xFF2D, 0xFE20, 0xFDA1, 0xFCA0, 0xFE2F, 0xFFFF, 0xFFFF, 0xFFFF, 0xFFFF, 0xFFFF,
  0xFFFF, 0xFFFF, 0xFFFF, 0xFFFF, 0xFFFF, 0xFFFF, 0xFFFF, 0xFFFF, 0xFFFF, 0xFFFF, 0xFFFF, 0xFFFF,
  0xFFFF, 0xFFFF, 0xFFFF, 0xFFFF, 0xFFFF, 0xFFFF, 0xFFFF, 0xFEB4, 0xFC40, 0xFCC0, 0xFD60, 0xFDE0,
  0xFE40, 0xFE80, 0xFEA1, 0xF732, 0x9DF5, 0x548C, 0x1B26, 0x0263, 0x0263, 0x02A4, 0x0AC5, 0x0AE5,
  0x0AC5, 0x0AC5, 0x0AC5, 0x0AC5, 0x0AC5, 0x0AC5, 0x0AC5, 0x0AC5, 0x0AC5, 0x0AE5, 0x0AE5, 0x0AE5,
  0x02E5, 0x0AE5, 0x0AE5, 0x0AE5, 0x0AE5, 0x0B05, 0x0B05, 0x0B05, 0x0305, 0x0B05, 0x0305, 0x0305,
  0x02E5, 0x02E5, 0x02E5, 0x02E5, 0x0B05, 0x0B05, 0x0B05, 0x0AE5, 0x02C4, 0x0283, 0x0283, 0x12E5,
  0x3C0B, 0xBDB0, 0xFCA2, 0xFCA0, 0xFD60, 0xFDC0, 0xFE20, 0xFE80, 0xFEA0, 0xFF73, 0xFFFF, 0xFFFF,
  0xFFFF, 0xFFFF, 0xFFFF, 0xFFFF, 0xFFFF, 0xFFFF, 0xFFFF, 0xFFFF, 0xFFFF, 0xFFFF, 0xFFFF, 0xFFFF,
  0xFFFF, 0xFFFF, 0xFFFF, 0xFFFF, 0xFFFF, 0xFFFF, 0xFFFF, 0xFFFF, 0xFFFF, 0xFFFF, 0xFFFF, 0xFF2E,
  0xFE40, 0xFDC1, 0xFCA0, 0xFE92, 0xFFFF, 0xFFFF, 0xFFFF, 0xFFFF, 0xFFFF, 0xFFFF, 0xFFFF, 0xFFFF,
  0xFFFF, 0xFFFF, 0xFFFF, 0xFFFF, 0xFFFF, 0xFFFF, 0xFFFF, 0xFFFF, 0xFFFF, 0xFFFF, 0xFFFF, 0xFFFF,
  0xFFFF, 0xFFFF, 0xFFFF, 0xFFFF, 0xFFFF, 0xFFFF, 0xFFFF, 0xFFFF, 0xFFFF, 0xFFFF, 0xFFFF, 0xFFFF,
  0xFFFF, 0xFFFF, 0xFFFF, 0xFFFF, 0xFFFF, 0xFFFF, 0xFFFF, 0xFFFF, 0xFFFF, 0xFFFF, 0xFFFF, 0xFFFF,
  0xFFFF, 0xFFFF, 0xFFFF, 0xFFFF, 0xFFFF, 0xFFFF, 0xFFFF, 0xFFFF, 0xFFFF, 0xFFFF, 0xFFFF, 0xFFFF,
  0xFFFF, 0xFFFF, 0xFFFF, 0xFFFF, 0xFFFF, 0xFFFF, 0xFFFF, 0xFFFF, 0xFFFF, 0xFFFF, 0xFFFF, 0xFFFF,
  0xFFFF, 0xFFFF, 0xFFFF, 0xFFFF, 0xFFFF, 0xFFFF, 0xFFFF, 0xFFFF, 0xFFFF, 0xFFFF, 0xFFFF, 0xFFFF,
  0xFFFF, 0xFFFF, 0xFFFF, 0xFFFF, 0xFFFF, 0xFFFF, 0xFFFF, 0xFFFF, 0xFFFF, 0xFFFF, 0xFFFF, 0xFFFF,
  0xFFFF, 0xFFFF, 0xFFFF, 0xFFFF, 0xFFFF, 0xFFFF, 0xFFFF, 0xFFFF, 0xFFFF, 0xFFFF, 0xFFFF, 0xFFFF,
  0xFFFF, 0xFFFF, 0xFFFF, 0xFFFF, 0xFFFF, 0xFFFF, 0xFFFF, 0xFFFF, 0xFFFF, 0xFFFF, 0xFFFF, 0xFFFF,
  0xFFFF, 0xFFFF, 0xFFFF, 0xFFFF, 0xFFFF, 0xFFFF, 0xFFFF, 0xFFFF, 0xFFFF, 0xFFFF, 0xFFFF, 0xFFFF,
  0xFFFF, 0xFFFF, 0xFFFF, 0xFFFF, 0xFFFF, 0xFFFF, 0xFFFF, 0xFFFF, 0xFFFF, 0xFFFF, 0xFF96, 0xFE60,
  0xFDE0, 0xFCE0, 0xFD26, 0xFFFF, 0xFFFF, 0xFFFF, 0xFFFF, 0xFFFF, 0xFFFF, 0xFFFF, 0xFFFF, 0xFFFF,
  0xFFFF, 0xFFFF, 0xFFFF, 0xFFFF, 0xFFFF, 0xFFFF, 0xFFFF, 0xFFFF, 0xFFFF, 0xFFFF, 0xFFFF, 0xFFFF,
  0xFFFF, 0xFFFF, 0xFFFF, 0xFFFF, 0xFEF6, 0xF481, 0xFCA0, 0xFD60, 0xFDE0, 0xFE20, 0xFE80, 0xF6C0,
  0x6442, 0x0263, 0x02C4, 0x0AC5, 0x0AC5, 0x0AC5, 0x0AC5, 0x0AC5, 0x0AE5, 0x0AC5, 0x0AC5, 0x02C5,
  0x02C5, 0x0AC5, 0x0AE5, 0x0AE5, 0x0AE5, 0x0AE5, 0x0AE5, 0x0AE5, 0x02E5, 0x0AE5, 0x0B05, 0x0B05,
  0x0B05, 0x0B05, 0x0B05, 0x0B05, 0x0305, 0x0B25, 0x0305, 0x0305, 0x0305, 0x0305, 0x0305, 0x0305,
  0x0305, 0x0B05, 0x0B05, 0x0AE5, 0x0AE5, 0x0AE5, 0x0AE5, 0x02C5, 0x3B03, 0xE420, 0xFCC0, 0xFD60,
  0xFDC0, 0xFE00, 0xFE80, 0xFEE1, 0xF774, 0xFFFF, 0xFFFF, 0xFFFF, 0xFFFF, 0xFFFF, 0xFFFF, 0xFFFF,
  0xFFFF, 0xFFFF, 0xFFFF, 0xFFFF, 0xFFFF, 0xFFFF, 0xFFFF, 0xFFFF, 0xFFFF, 0xFFFF, 0xFFFF, 0xFFFF,
  0xFFFF, 0xFFFF, 0xFFFF, 0xFFFF, 0xFFFF, 0xFFFF, 0xFFFF, 0xFEC5, 0xFE20, 0xFD80, 0xFCA1, 0xFF7B,
  0xFFFF, 0xFFFF, 0xFFFF, 0xFFFF, 0xFFFF, 0xFFFF, 0xFFFF, 0xFFFF, 0xFFFF, 0xFFFF, 0xFFFF, 0xFFFF,
  0xFFFF, 0xFFFF, 0xFFFF, 0xFFFF, 0xFFFF, 0xFFFF, 0xFFFF, 0xFFFF, 0xFFFF, 0xFFFF, 0xFFFF, 0xFFFF,
  0xFFFF, 0xFFFF, 0xFFFF, 0xFFFF, 0xFFFF, 0xFFFF, 0xFFFF, 0xFFFF, 0xFFFF, 0xFFFF, 0xFFFF, 0xFFFF,
  0xFFFF, 0xFFFF, 0xFFFF, 0xFFFF, 0xFFFF, 0xFFFF, 0xFFFF, 0xFFFF, 0xFFFF, 0xFFFF, 0xFFFF, 0xFFFF,
  0xFFFF, 0xFFFF, 0xFFFF, 0xFFFF, 0xFFFF, 0xFFFF, 0xFFFF, 0xFFFF, 0xFFFF, 0xFFFF, 0xFFFF, 0xFFFF,
  0xFFFF, 0xFFFF, 0xFFFF, 0xFFFF, 0xFFFF, 0xFFFF, 0xFFFF, 0xFFFF, 0xFFFF, 0xFFFF, 0xFFFF, 0xFFFF,
  0xFFFF, 0xFFFF, 0xFFFF, 0xFFFF, 0xFFFF, 0xFFFF, 0xFFFF, 0xFFFF, 0xFFFF, 0xFFFF, 0xFFFF, 0xFFFF,
  0xFFFF, 0xFFFF, 0xFFFF, 0xFFFF, 0xFFFF, 0xFFFF, 0xFFFF, 0xFFFF, 0xFFFF, 0xFFFF, 0xFFFF, 0xFFFF,
  0xFFFF, 0xFFFF, 0xFFFF, 0xFFFF, 0xFFFF, 0xFFFF, 0xFFFF, 0xFFFF, 0xFFFF, 0xFFFF, 0xFFFF, 0xFFFF,
  0xFFFF, 0xFFFF, 0xFFFF, 0xFFFF, 0xFFFF, 0xFFFF, 0xFFFF, 0xFFFF, 0xFFFF, 0xFFFF, 0xFFFF, 0xFFFF,
  0xFFFF, 0xFFFF, 0xFFFF, 0xFFFF, 0xFFFF, 0xFFFF, 0xFFFF, 0xFFFF, 0xFFFF, 0xFFFF, 0xFFFF, 0xFFFF,
  0xFFFF, 0xFFFF, 0xFFFF, 0xFFFF, 0xFFFF, 0xFFFF, 0xFFFE, 0xFEA3, 0xFE00, 0xFD40, 0xFC80, 0xFF59,
  0xFFFF, 0xFFFF, 0xFFFF, 0xFFFF, 0xFFFF, 0xFFFF, 0xFFFF, 0xFFFF, 0xFFFF, 0xFFFF, 0xFFFF, 0xFFFF,
  0xFFFF, 0xFFFF, 0xFFFF, 0xFFFF, 0xFFFF, 0xFFFF, 0xFFFF, 0xFFFF, 0xFFFF, 0xFFFF, 0xFFFF, 0xFFDF,
  0xFFFF, 0xFF9A, 0xFCE4, 0xFCC0, 0xFD40, 0xFDC0, 0xFE20, 0xFEA1, 0xFF01, 0x7463, 0x0244, 0x0AA4,
  0x02C5, 0x02C5, 0x02C5, 0x0AC5, 0x0AC5, 0x02C5, 0x02C5, 0x02C5, 0x02E5, 0x02E5, 0x02E5, 0x02E5,
  0x02E5, 0x0AE5, 0x0B05, 0x0B05, 0x0B05, 0x0B05, 0x0B05, 0x0B25, 0x0B26, 0x0B26, 0x0B25, 0x0B25,
  0x0B25, 0x0B25, 0x0B25, 0x0305, 0x0305, 0x0305, 0x0305, 0x0305, 0x0B05, 0x0B05, 0x0B05, 0x0B05,
  0x0AE5, 0x0B05, 0x02C6, 0x4B44, 0xF480, 0xFCE0, 0xFD40, 0xFDC0, 0xFE20, 0xFEA0, 0xE640, 0xCE92,
  0xFFFF, 0xFFFF, 0xFFFF, 0xFFFF, 0xFFFF, 0xFFFF, 0xFFFF, 0xFFFF, 0xFFFF, 0xFFFF, 0xFFFF, 0xFFFF,
  0xFFFF, 0xFFFF, 0xFFFF, 0xFFFF, 0xFFFF, 0xFFFF, 0xFFFF, 0xFFFF, 0xFFFF, 0xFFFF, 0xFFFF, 0xFFFF,
  0xFFFF, 0xFFFF, 0xFFB8, 0xFE60, 0xFE00, 0xFD00, 0xFD68, 0xFFFF, 0xFFFF, 0xFFFF, 0xFFFF, 0xFFFF,
  0xFFFF, 0xFFFF, 0xFFFF, 0xFFFF, 0xFFFF, 0xFFFF, 0xFFFF, 0xFFFF, 0xFFFF, 0xFFFF, 0xFFFF, 0xFFFF,
  0xFFFF, 0xFFFF, 0xFFFF, 0xFFFF, 0xFFFF, 0xFFFF, 0xFFFF, 0xFFFF, 0xFFFF, 0xFFFF, 0xFFFF, 0xFFFF,
  0xFFFF, 0xFFFF, 0xFFFF, 0xFFFF, 0xFFFF, 0xFFFF, 0xFFFF, 0xFFFF, 0xFFFF, 0xFFFF, 0xFFFF, 0xFFFF,
  0xFFFF, 0xFFFF, 0xFFFF, 0xFFFF, 0xFFFF, 0xFFFF, 0xFFFF, 0xFFFF, 0xFFFF, 0xFFFF, 0xFFFF, 0xFFFF,
  0xFFFF, 0xFFFF, 0xFFFF, 0xFFFF, 0xFFFF, 0xFFFF, 0xFFFF, 0xFFFF, 0xFFFF, 0xFFFF, 0xFFFF, 0xFFFF,
  0xFFFF, 0xFFFF, 0xFFFF, 0xFFFF, 0xFFFF, 0xFFFF, 0xFFFF, 0xFFFF, 0xFFFF, 0xFFFF, 0xFFFF, 0xFFFF,
  0xFFFF, 0xFFFF, 0xFFFF, 0xFFFF, 0xFFFF, 0xFFFF, 0xFFFF, 0xFFFF, 0xFFFF, 0xFFFF, 0xFFFF, 0xFFFF,
  0xFFFF, 0xFFFF, 0xFFFF, 0xFFFF, 0xFFFF, 0xFFFF, 0xFFFF, 0xFFFF, 0xFFFF, 0xFFFF, 0xFFFF, 0xFFFF,
  0xFFFF, 0xFFFF, 0xFFFF, 0xFFFF, 0xFFFF, 0xFFFF, 0xFFFF, 0xFFFF, 0xFFFF, 0xFFFF, 0xFFFF, 0xFFFF,
  0xFFFF, 0xFFFF, 0xFFFF, 0xFFFF, 0xFFFF, 0xFFFF, 0xFFFF, 0xFFFF, 0xFFFF, 0xFFFF, 0xFFFF, 0xFFFF,
  0xFFFF, 0xFFFF, 0xFFFF, 0xFFFF, 0xFFFF, 0xFFFF, 0xFFFF, 0xFFFF, 0xFFFF, 0xFFFF, 0xFFFF, 0xFFFF,
  0xFFFF, 0xFFFF, 0xFFFF, 0xFF0B, 0xFE40, 0xFDA1, 0xFC80, 0xFE2F, 0xFFFF, 0xFFFF, 0xFFFF, 0xFFFF,
  0xFFFF, 0xFFFF, 0xFFFF, 0xFFFF, 0xFFFF, 0xFFFF, 0xFFFF, 0xFFFF, 0xFFFF, 0xFFFF, 0xFFFF, 0xFFFF,
  0xFFFF, 0xFFFF, 0xFFFF, 0xFFFF, 0xFFFF, 0xFFFF, 0xFFFF, 0xFFFF, 0xFFFF, 0xAE57, 0x53A8, 0xD401,
  0xFCC0, 0xFD40, 0xFDC0, 0xFE20, 0xFE80, 0xFEC0, 0x7442, 0x0285, 0x0AE5, 0x0AE5, 0x0AE5, 0x0AE5,
  0x0AE5, 0x02E5, 0x02E5, 0x02E5, 0x02E5, 0x02E5, 0x0305, 0x0B05, 0x0305, 0x0305, 0x0B05, 0x0B05,
  0x0B25, 0x0B25, 0x0B25, 0x0B25, 0x0B26, 0x0B26, 0x0B25, 0x0B45, 0x0B25, 0x0B25, 0x0B26, 0x0326,
  0x0326, 0x0326, 0x0B26, 0x0B26, 0x0B26, 0x0B26, 0x0B06, 0x0306, 0x0B05, 0x02E6, 0x5364, 0xF480,
  0xFCC0, 0xFD40, 0xFDC0, 0xFE20, 0xFEA0, 0xEE81, 0x3BC4, 0x0AC6, 0x6CAE, 0xDF1B, 0xFFFF, 0xFFFF,
  0xFFFF, 0xFFFF, 0xFFFF, 0xFFFF, 0xFFFF, 0xFFFF, 0xFFFF, 0xFFFF, 0xFFFF, 0xFFFF, 0xFFFF, 0xFFFF,
  0xFFFF, 0xFFFF, 0xFFFF, 0xFFFF, 0xFFFF, 0xFFFF, 0xFFFF, 0xFFFF, 0xFFFF, 0xFFFF, 0xFF2E, 0xFE40,
  0xFDC1, 0xFCA0, 0xFE71, 0xFFFF, 0xFFFF, 0xFFFF, 0xFFFF, 0xFFFF, 0xFFFF, 0xFFFF, 0xFFFF, 0xFFFF,
  0xFFFF, 0xFFFF, 0xFFFF, 0xFFFF, 0xFFFF, 0xFFFF, 0xFFFF, 0xFFFF, 0xFFFF, 0xFFFF, 0xFFFF, 0xFFFF,
  0xFFFF, 0xFFFF, 0xFFFF, 0xFFFF, 0xFFFF, 0xFFFF, 0xFFFF, 0xFFFF, 0xFFFF, 0xFFFF, 0xFFFF, 0xFFFF,
  0xFFFF, 0xFFFF, 0xFFFF, 0xFFFF, 0xFFFF, 0xFFFF, 0xFFFF, 0xFFFF, 0xFFFF, 0xFFFF, 0xFFFF, 0xFFFF,
  0xFFFF, 0xFFFF, 0xFFFF, 0xFFFF, 0xFFFF, 0xFFFF, 0xFFFF, 0xFFFF, 0xFFFF, 0xFFFF, 0xFFFF, 0xFFFF,
  0xFFFF, 0xFFFF, 0xFFFF, 0xFFFF, 0xFFFF, 0xFFFF, 0xFFFF, 0xFFFF, 0xFFFF, 0xFFFF, 0xFFFF, 0xFFFF,
  0xFFFF, 0xFFFF, 0xFFFF, 0xFFFF, 0xFFFF, 0xFFFF, 0xFFFF, 0xFFFF, 0xFFFF, 0xFFFF, 0xFFFF, 0xFFFF,
  0xFFFF, 0xFFFF, 0xFFFF, 0xFFFF, 0xFFFF, 0xFFFF, 0xFFFF, 0xFFFF, 0xFFFF, 0xFFFF, 0xFFFF, 0xFFFF,
  0xFFFF, 0xFFFF, 0xFFFF, 0xFFFF, 0xFFFF, 0xFFFF, 0xFFFF, 0xFFFF, 0xFFFF, 0xFFFF, 0xFFFF, 0xFFFF,
  0xFFFF, 0xFFFF, 0xFFFF, 0xFFFF, 0xFFFF, 0xFFFF, 0xFFFF, 0xFFFF, 0xFFFF, 0xFFFF, 0xFFFF, 0xFFFF,
  0xFFFF, 0xFFFF, 0xFFFF, 0xFFFF, 0xFFFF, 0xFFFF, 0xFFFF, 0xFFFF, 0xFFFF, 0xFFFF, 0xFFFF, 0xFFFF,
  0xFFFF, 0xFFFF, 0xFFFF, 0xFFFF, 0xFFFF, 0xFFFF, 0xFFFF, 0xFFFF, 0xFFFF, 0xFFFF, 0xFFFF, 0xFF75,
  0xFE60, 0xFDE0, 0xFD00, 0xFD25, 0xFFFF, 0xFFFF, 0xFFFF, 0xFFFF, 0xFFFF, 0xFFFF, 0xFFFF, 0xFFFF,
  0xFFFF, 0xFFFF, 0xFFFF, 0xFFFF, 0xFFFF, 0xFFFF, 0xFFFF, 0xFFFF, 0xFFFF, 0xFFFF, 0xFFFF, 0xFFFF,
  0xFFFF, 0xFFFF, 0xFFFF, 0xB677, 0x3BCA, 0x0263, 0x0284, 0x1AE5, 0xD402, 0xFCC0, 0xF520, 0xFDA0,
  0xFE00, 0xFE80, 0xFEE1, 0x7CA3, 0x02C5, 0x0B05, 0x0AE5, 0x0AE5, 0x02E5, 0x02E5, 0x02E5, 0x0305,
  0x0305, 0x0B05, 0x0B06, 0x0B26, 0x0B26, 0x0306, 0x0306, 0x0326, 0x0B26, 0x0B46, 0x0B46, 0x0B46,
  0x0B46, 0x0346, 0x0B46, 0x0B46, 0x0B46, 0x0B46, 0x0346, 0x0346, 0x0346, 0x0346, 0x0346, 0x0B26,
  0x0326, 0x0326, 0x0B26, 0x0B45, 0x0326, 0x5364, 0xFC60, 0xFCE0, 0xFD40, 0xFDC0, 0xFE20, 0xFEA0,
  0xE680, 0x33C4, 0x02C5, 0x0AE5, 0x0284, 0x1326, 0x6C91, 0xD6DC, 0xFFFF, 0xFFFF, 0xFFFF, 0xFFFF,
  0xFFFF, 0xFFFF, 0xFFFF, 0xFFFF, 0xFFFF, 0xFFFF, 0xFFFF, 0xFFFF, 0xFFFF, 0xFFFF, 0xFFFF, 0xFFFF,
  0xFFFF, 0xFFFF, 0xFFFF, 0xFFFF, 0xFFFF, 0xFFFE, 0xFEA4, 0xFE40, 0xFD60, 0xFCC1, 0xFF7B, 0xFFFF,
  0xFFFF, 0xFFFF, 0xFFFF, 0xFFFF, 0xFFFF, 0xFFFF, 0xFFFF, 0xFFFF, 0xFFFF, 0xFFFF, 0xFFFF, 0xFFFF,
  0xFFFF, 0xFFFF, 0xFFFF, 0xFFFF, 0xFFFF, 0xFFFF, 0xFFFF, 0xFFFF, 0xFFFF, 0xFFFF, 0xFFFF, 0xFFFF,
  0xFFFF, 0xFFFF, 0xFFFF, 0xFFFF, 0xFFFF, 0xFFFF, 0xFFFF, 0xFFFF, 0xFFFF, 0xFFFF, 0xFFFF, 0xFFFF,
  0xFFFF, 0xFFFF, 0xFFFF, 0xFFFF, 0xFFFF, 0xFFFF, 0xFFFF, 0xFFFF, 0xFFFF, 0xFFFF, 0xFFFF, 0xFFFF,
  0xFFFF, 0xFFFF, 0xFFFF, 0xFFFF, 0xFFFF, 0xFFFF, 0xFFFF, 0xFFFF, 0xFFFF, 0xFFFF, 0xFFFF, 0xFFFF,
  0xFFFF, 0xFFFF, 0xFFFF, 0xFFFF, 0xFFFF, 0xFFFF, 0xFFFF, 0xFFFF, 0xFFFF, 0xFFFF, 0xFFFF, 0xFFFF,
  0xFFFF, 0xFFFF, 0xFFFF, 0xFFFF, 0xFFFF, 0xFFFF, 0xFFFF, 0xFFFF, 0xFFFF, 0xFFFF, 0xFFFF, 0xFFFF,
  0xFFFF, 0xFFFF, 0xFFFF, 0xFFFF, 0xFFFF, 0xFFFF, 0xFFFF, 0xFFFF, 0xFFFF, 0xFFFF, 0xFFFF, 0xFFFF,
  0xFFFF, 0xFFFF, 0xFFFF, 0xFFFF, 0xFFFF, 0xFFFF, 0xFFFF, 0xFFFF, 0xFFFF, 0xFFFF, 0xFFFF, 0xFFFF,
  0xFFFF, 0xFFFF, 0xFFFF, 0xFFFF, 0xFFFF, 0xFFFF, 0xFFFF, 0xFFFF, 0xFFFF, 0xFFFF, 0xFFFF, 0xFFFF,
  0xFFFF, 0xFFFF, 0xFFFF, 0xFFFF, 0xFFFF, 0xFFFF, 0xFFFF, 0xFFFF, 0xFFFF, 0xFFFF, 0xFFFF, 0xFFFF,
  0xFFFF, 0xFFFF, 0xFFFF, 0xFFFF, 0xFFFF, 0xFFFF, 0xFFFF, 0xFFFE, 0xFEA3, 0xFE20, 0xFD80, 0xFC80,
  0xFF17, 0xFFFF, 0xFFFF, 0xFFFF, 0xFFFF, 0xFFFF, 0xFFFF, 0xFFFF, 0xFFFF, 0xFFFF, 0xFFFF, 0xFFFF,
  0xFFFF, 0xFFFF, 0xFFFF, 0xFFFF, 0xFFFF, 0xFFFF, 0xFFFF, 0xFFFF, 0xFFFF, 0xCEFA, 0x542C, 0x0283,
  0x0283, 0x0AE5, 0x0AE5, 0x02C5, 0x12C4, 0xC3C1, 0xFC80, 0xF500, 0xFDA0, 0xFE20, 0xFE80, 0xFF01,
  0x7CA3, 0x02A5, 0x0AE5, 0x0B05, 0x0305, 0x0305, 0x0305, 0x0B05, 0x0B06, 0x0B26, 0x0B26, 0x0B26,
  0x0B26, 0x0326, 0x0326, 0x0326, 0x0326, 0x0B46, 0x0B46, 0x0B46, 0x0B46, 0x0346, 0x0346, 0x0B46,
  0x0B66, 0x0B66, 0x0B66, 0x0346, 0x0346, 0x0346, 0x0346, 0x0346, 0x0346, 0x0346, 0x0B46, 0x02AA,
  0x5366, 0xFC80, 0xFCE0, 0xFD60, 0xFDE0, 0xFE21, 0xFEC0, 0xE641, 0x2AC9, 0x0248, 0x0AA6, 0x0B06,
  0x0B06, 0x0304, 0x0188, 0x190E, 0x7C15, 0xEF5D, 0xFFFF, 0xFFFF, 0xFFFF, 0xFFFF, 0xFFFF, 0xFFFF,
  0xFFFF, 0xFFFF, 0xFFFF, 0xFFFF, 0xFFFF, 0xFFFF, 0xFFFF, 0xFFFF, 0xFFFF, 0xFFFF, 0xFFFF, 0xFFFF,
  0xFFFF, 0xFF75, 0xFE60, 0xFE01, 0xFD00, 0xFD89, 0xFFFF, 0xFFFF, 0xFFFF, 0xFFFF, 0xFFFF, 0xFFFF,
  0xFFFF, 0xFFFF, 0xFFFF, 0xFFFF, 0xFFFF, 0xFFFF, 0xFFFF, 0xFFFF, 0xFFFF, 0xFFFF, 0xFFFF, 0xFFFF,
  0xFFFF, 0xFFFF, 0xFFFF, 0xFFFF, 0xFFFF, 0xFFFF, 0xFFFF, 0xFFFF, 0xFFFF, 0xFFFF, 0xFFFF, 0xFFFF,
  0xFFFF, 0xFFFF, 0xFFFF, 0xFFFF, 0xFFFF, 0xFFFF, 0xFFFF, 0xFFFF, 0xFFFF, 0xFFFF, 0xFFFF, 0xFFFF,
  0xFFFF, 0xFFFF, 0xFFFF, 0xFFFF, 0xFFFF, 0xFFFF, 0xFFFF, 0xFFFF, 0xFFFF, 0xFFFF, 0xFFFF, 0xFFFF,
  0xFFFF, 0xFFFF, 0xFFFF, 0xFFFF, 0xFFFF, 0xFFFF, 0xFFFF, 0xFFFF, 0xFFFF, 0xFFFF, 0xFFFF, 0xFFFF,
  0xFFFF, 0xFFFF, 0xFFFF, 0xFFFF, 0xFFFF, 0xFFFF, 0xFFFF, 0xFFFF, 0xFFFF, 0xFFFF, 0xFFFF, 0xFFFF,
  0xFFFF, 0xFFFF, 0xFFFF, 0xFFFF, 0xFFFF, 0xFFFF, 0xFFFF, 0xFFFF, 0xFFFF, 0xFFFF, 0xFFFF, 0xFFFF,
  0xFFFF, 0xFFFF, 0xFFFF, 0xFFFF, 0xFFFF, 0xFFFF, 0xFFFF, 0xFFFF, 0xFFFF, 0xFFFF, 0xFFFF, 0xFFFF,
  0xFFFF, 0xFFFF, 0xFFFF, 0xFFFF, 0xFFFF, 0xFFFF, 0xFFFF, 0xFFFF, 0xFFFF, 0xFFFF, 0xFFFF, 0xFFFF,
  0xFFFF, 0xFFFF, 0xFFFF, 0xFFFF, 0xFFFF, 0xFFFF, 0xFFFF, 0xFFFF, 0xFFFF, 0xFFFF, 0xFFFF, 0xFFFF,
  0xFFFF, 0xFFFF, 0xFFFF, 0xFFFF, 0xFFFF, 0xFFFF, 0xFFFF, 0xFFFF, 0xFFFF, 0xFFFF, 0xFFFF, 0xFFFF,
  0xFFFF, 0xFFFF, 0xFFFF, 0xFFFF, 0xFF2D, 0xFE40, 0xFDC1, 0xFCA0, 0xFDCC, 0xFFFF, 0xFFFF, 0xFFFF,
  0xFFFF, 0xFFFF, 0xFFFF, 0xFFFF, 0xFFFF, 0xFFFF, 0xFFFF, 0xFFFF, 0xFFFF, 0xFFFF, 0xFFFF, 0xFFFF,
  0xFFFF, 0xFFFF, 0xFFFF, 0xEF9D, 0x7510, 0x0AC5, 0x0263, 0x0AC5, 0x0AC5, 0x0AC5, 0x0AE5, 0x0AE5,
  0x02C5, 0x12A5, 0xC3C1, 0xFCA0, 0xFD20, 0xFDC0, 0xFE20, 0xFE80, 0xFEC0, 0x7463, 0x02A5, 0x0B25,
  0x0B25, 0x0325, 0x0B26, 0x0B26, 0x0B26, 0x0B46, 0x0B46, 0x0B46, 0x0346, 0x0346, 0x0346, 0x0346,
  0x0346, 0x0B46, 0x0B66, 0x0B66, 0x0B66, 0x0B66, 0x0B66, 0x0B66, 0x0B66, 0x0B86, 0x0B86, 0x0B66,
  0x0366, 0x0366, 0x0B66, 0x0366, 0x0366, 0x0B66, 0x02E8, 0x5AAA, 0xFC80, 0xFD00, 0xFD60, 0xFDE0,
  0xFE20, 0xFEC0, 0xE642, 0x324D, 0x010F, 0x114E, 0x118D, 0x0326, 0x0AE5, 0x0AE5, 0x11CA, 0x10EF,
  0x08CD, 0x29AF, 0x9D18, 0xFFFF, 0xFFFF, 0xFFFF, 0xFFFF, 0xFFFF, 0xFFFF, 0xFFFF, 0xFFFF, 0xFFFF,
  0xFFFF, 0xFFFF, 0xFFFF, 0xFFFF, 0xFFFF, 0xFFFF, 0xFFFF, 0xFFFF, 0xFFFF, 0xFEE9, 0xFE40, 0xFDA1,
  0xFCA0, 0xFEB4, 0xFFFF, 0xFFFF, 0xFFFF, 0xFFFF, 0xFFFF, 0xFFFF, 0xFFFF, 0xFFFF, 0xFFFF, 0xFFFF,
  0xFFFF, 0xFFFF, 0xFFFF, 0xFFFF, 0xFFFF, 0xFFFF, 0xFFFF, 0xFFFF, 0xFFFF, 0xFFFF, 0xFFFF, 0xFFFF,
  0xFFFF, 0xFFFF, 0xFFFF, 0xFFFF, 0xFFFF, 0xFFFF, 0xFFFF, 0xFFFF, 0xFFFF, 0xFFFF, 0xFFFF, 0xFFFF,
  0xFFFF, 0xFFFF, 0xFFFF, 0xFFFF, 0xFFFF, 0xFFFF, 0xFFFF, 0xFFFF, 0xFFFF, 0xFFFF, 0xFFFF, 0xFFFF,
  0xFFFF, 0xFFFF, 0xFFFF, 0xFFFF, 0xFFFF, 0xFFFF, 0xFFFF, 0xFFFF, 0xFFFF, 0xFFFF, 0xFFFF, 0xFFFF,
  0xFFFF, 0xFFFF, 0xFFFF, 0xFFFF, 0xFFFF, 0xFFFF, 0xFFFF, 0xFFFF, 0xFFFF, 0xFFFF, 0xFFFF, 0xFFFF,
  0xFFFF, 0xFFFF, 0xFFFF, 0xFFFF, 0xFFFF, 0xFFFF, 0xFFFF, 0xFFFF, 0xFFFF, 0xFFFF, 0xFFFF, 0xFFFF,
  0xFFFF, 0xFFFF, 0xFFFF, 0xFFFF, 0xFFFF, 0xFFFF, 0xFFFF, 0xFFFF, 0xFFFF, 0xFFFF, 0xFFFF, 0xFFFF,
  0xFFFF, 0xFFFF, 0xFFFF, 0xFFFF, 0xFFFF, 0xFFFF, 0xFFFF, 0xFFFF, 0xFFFF, 0xFFFF, 0xFFFF, 0xFFFF,
  0xFFFF, 0xFFFF, 0xFFFF, 0xFFFF, 0xFFFF, 0xFFFF, 0xFFFF, 0xFFFF, 0xFFFF, 0xFFFF, 0xFFFF, 0xFFFF,
  0xFFFF, 0xFFFF, 0xFFFF, 0xFFFF, 0xFFFF, 0xFFFF, 0xFFFF, 0xFFFF, 0xFFFF, 0xFFFF, 0xFFFF, 0xFFFF,
  0xFFFF, 0xFFFF, 0xFFFF, 0xFFFF, 0xFFFF, 0xFFFF, 0xFFFF, 0xFFFF, 0xFFFF, 0xFFFF, 0xFFFF, 0xFFFF,
  0xFFB9, 0xFE80, 0xFE00, 0xFD20, 0xFCC2, 0xFFBD, 0xFFFF, 0xFFFF, 0xFFFF, 0xFFFF, 0xFFFF, 0xFFFF,
  0xFFFF, 0xFFFF, 0xFFFF, 0xFFFF, 0xFFFF, 0xFFFF, 0xFFFF, 0xFFFF, 0xFFFF, 0xFFFF, 0xAE36, 0x2347,
  0x0263, 0x0AC4, 0x0AC5, 0x0AC5, 0x0AC5, 0x0AC5, 0x02E5, 0x02C5, 0x0AE5, 0x02E5, 0x12E5, 0xC402,
  0xFCC0, 0xFD20, 0xFDA0, 0xFE00, 0xFE80, 0xFEC0, 0x74A3, 0x0306, 0x0B46, 0x0B46, 0x0B46, 0x0B46,
  0x0B46, 0x0B46, 0x0B46, 0x0B46, 0x0346, 0x0346, 0x0366, 0x0B66, 0x0B66, 0x0B66, 0x0B66, 0x0B66,
  0x0B86, 0x0386, 0x0B86, 0x0B86, 0x0B87, 0x0386, 0x0B86, 0x0B86, 0x0366, 0x0386, 0x0B86, 0x0386,
  0x0B86, 0x0346, 0x4B45, 0xFC60, 0xFD00, 0xFD80, 0xFDE0, 0xFE20, 0xFEA0, 0xE641, 0x326E, 0x0150,
  0x198F, 0x1170, 0x0A4B, 0x0325, 0x0AE6, 0x0AE5, 0x0AC6, 0x11CC, 0x194F, 0x110E, 0x08AD, 0x4A91,
  0xCE7C, 0xFFFF, 0xFFFF, 0xFFFF, 0xFFFF, 0xFFFF, 0xFFFF, 0xFFFF, 0xFFFF, 0xFFFF, 0xFFFF, 0xFFFF,
  0xFFFF, 0xFFFF, 0xFFFF, 0xFFFF, 0xFFDC, 0xFEA1, 0xFE20, 0xFD20, 0xFCE2, 0xFFBD, 0xFFFF, 0xFFFF,
  0xFFFF, 0xFFFF, 0xFFFF, 0xFFFF, 0xFFFF, 0xFFFF, 0xFFFF, 0xFFFF, 0xFFFF, 0xFFFF, 0xFFFF, 0xFFFF,
  0xFFFF, 0xFFFF, 0xFFFF, 0xFFFF, 0xFFFF, 0xFFFF, 0xFFFF, 0xFFFF, 0xFFFF, 0xFFFF, 0xFFFF, 0xFFFF,
  0xFFFF, 0xFFFF, 0xFFFF, 0xFFFF, 0xFFFF, 0xFFFF, 0xFFFF, 0xFFFF, 0xFFFF, 0xFFFF, 0xFFFF, 0xFFFF,
  0xFFFF, 0xFFFF, 0xFFFF, 0xFFFF, 0xFFFF, 0xFFFF, 0xFFFF, 0xFFFF, 0xFFFF, 0xFFFF, 0xFFFF, 0xFFFF,
  0xFFFF, 0xFFFF, 0xFFFF, 0xFFFF, 0xFFFF, 0xFFFF, 0xFFFF, 0xFFFF, 0xFFFF, 0xFFFF, 0xFFFF, 0xFFFF,
  0xFFFF, 0xFFFF, 0xFFFF, 0xFFFF, 0xFFFF, 0xFFFF, 0xFFFF, 0xFFFF, 0xFFFF, 0xFFFF, 0xFFFF, 0xFFFF,
  0xFFFF, 0xFFFF, 0xFFFF, 0xFFFF, 0xFFFF, 0xFFFF, 0xFFFF, 0xFFFF, 0xFFFF, 0xFFFF, 0xFFFF, 0xFFFF,
  0xFFFF, 0xFFFF, 0xFFFF, 0xFFFF, 0xFFFF, 0xFFFF, 0xFFFF, 0xFFFF, 0xFFFF, 0xFFFF, 0xFFFF, 0xFFFF,
  0xFFFF, 0xFFFF, 0xFFFF, 0xFFFF, 0xFFFF, 0xFFFF, 0xFFFF, 0xFFFF, 0xFFFF, 0xFFFF, 0xFFFF, 0xFFFF,
  0xFFFF, 0xFFFF, 0xFFFF, 0xFFFF, 0xFFFF, 0xFFFF, 0xFFFF, 0xFFFF, 0xFFFF, 0xFFFF, 0xFFFF, 0xFFFF,
  0xFFFF, 0xFFFF, 0xFFFF, 0xFFFF, 0xFFFF, 0xFFFF, 0xFFFF, 0xFFFF, 0xFFFF, 0xFFFF, 0xFFFF, 0xFFFF,
  0xFFFF, 0xFFFF, 0xFFFF, 0xFFFF, 0xFFFF, 0xFFFF, 0xFFFF, 0xFFFF, 0xFFFF, 0xFEE6, 0xFE40, 0xFDA1,
  0xFCA0, 0xFE93, 0xFFFF, 0xFFFF, 0xFFFF, 0xFFFF, 0xFFFF, 0xFFFF, 0xFFFF, 0xFFFF, 0xFFFF, 0xFFFF,
  0xFFFF, 0xFFFF, 0xFFFF, 0xFFFF, 0xE77D, 0x648E, 0x0283, 0x0284, 0x0AC5, 0x0AC5, 0x0AC5, 0x02C5,
  0x0AC5, 0x0AC5, 0x02E5, 0x0AE5, 0x0AE5, 0x0B05, 0x0306, 0x1326, 0xBC02, 0xFCA0, 0xF500, 0xFDA0,
  0xFE00, 0xFE80, 0xFEE1, 0x6CC4, 0x0326, 0x0B46, 0x0B46, 0x0346, 0x0366, 0x0B66, 0x0B66, 0x0B66,
  0x0B66, 0x0366, 0x0386, 0x0B86, 0x0B86, 0x0B86, 0x0B87, 0x0B87, 0x0BA7, 0x0BA7, 0x0BA7, 0x0BA7,
  0x0BA7, 0x0BA6, 0x0BA6, 0x0BA6, 0x0387, 0x0387, 0x03A7, 0x0BA7, 0x0387, 0x4BA5, 0xF440, 0xFCC0,
  0xFD60, 0xFDE0, 0xFE41, 0xFEC0, 0xEE61, 0x328E, 0x0171, 0x11D0, 0x11B0, 0x11B1, 0x0AC9, 0x0B05,
  0x0AC6, 0x0B06, 0x0325, 0x0326, 0x11AD, 0x112F, 0x194E, 0x08CD, 0x190E, 0x8436, 0xF79E, 0xFFFF,
  0xFFFF, 0xFFFF, 0xFFFF, 0xFFFF, 0xFFFF, 0xFFFF, 0xFFFF, 0xFFFF, 0xFFFF, 0xFFFF, 0xFFFF, 0xFFFF,
  0xFF51, 0xFE60, 0xFDE1, 0xFCA0, 0xFDED, 0xFFFF, 0xFFFF, 0xFFFF, 0xFFFF, 0xFFFF, 0xFFFF, 0xFFFF,
  0xFFFF, 0xFFFF, 0xFFFF, 0xFFFF, 0xFFFF, 0xFFFF, 0xFFFF, 0xFFFF, 0xFFFF, 0xFFFF, 0xFFFF, 0xFFFF,
  0xFFFF, 0xFFFF, 0xFFFF, 0xFFFF, 0xFFFF, 0xFFFF, 0xFFFF, 0xFFFF, 0xFFFF, 0xFFFF, 0xFFFF, 0xFFFF,
  0xFFFF, 0xFFFF, 0xFFFF, 0xFFFF, 0xFFFF, 0xFFFF, 0xFFFF, 0xFFFF, 0xFFFF, 0xFFFF, 0xFFFF, 0xFFFF,
  0xFFFF, 0xFFFF, 0xFFFF, 0xFFFF, 0xFFFF, 0xFFFF, 0xFFFF, 0xFFFF, 0xFFFF, 0xFFFF, 0xFFFF, 0xFFFF,
  0xFFFF, 0xFFFF, 0xFFFF, 0xFFFF, 0xFFFF, 0xFFFF, 0xFFFF, 0xFFFF, 0xFFFF, 0xFFFF, 0xFFFF, 0xFFFF,
  0xFFFF, 0xFFFF, 0xFFFF, 0xFFFF, 0xFFFF, 0xFFFF, 0xFFFF, 0xFFFF, 0xFFFF, 0xFFFF, 0xFFFF, 0xFFFF,
  0xFFFF, 0xFFFF, 0xFFFF, 0xFFFF, 0xFFFF, 0xFFFF, 0xFFFF, 0xFFFF, 0xFFFF, 0xFFFF, 0xFFFF, 0xFFFF,
  0xFFFF, 0xFFFF, 0xFFFF, 0xFFFF, 0xFFFF, 0xFFFF, 0xFFFF, 0xFFFF, 0xFFFF, 0xFFFF, 0xFFFF, 0xFFFF,
  0xFFFF, 0xFFFF, 0xFFFF, 0xFFFF, 0xFFFF, 0xFFFF, 0xFFFF, 0xFFFF, 0xFFFF, 0xFFFF, 0xFFFF, 0xFFFF,
  0xFFFF, 0xFFFF, 0xFFFF, 0xFFFF, 0xFFFF, 0xFFFF, 0xFFFF, 0xFFFF, 0xFFFF, 0xFFFF, 0xFFFF, 0xFFFF,
  0xFFFF, 0xFFFF, 0xFFFF, 0xFFFF, 0xFFFF, 0xFFFF, 0xFFFF, 0xFFFF, 0xFFFF, 0xFFFF, 0xFFFF, 0xFFFF,
  0xFFFF, 0xFFFF, 0xFFFF, 0xFFFF, 0xFFFF, 0xFF52, 0xFE60, 0xFDE1, 0xFCE0, 0xFD67, 0xFFFF, 0xFFFF,
  0xFFFF, 0xFFFF, 0xFFFF, 0xFFFF, 0xFFFF, 0xFFFF, 0xFFFF, 0xFFFF, 0xFFFF, 0xFFFF, 0xFFFF, 0xBE98,
  0x2327, 0x0263, 0x0AC5, 0x0AC5, 0x0AA5, 0x0AC5, 0x02C5, 0x02C5, 0x02C5, 0x0AE5, 0x0AE5, 0x0AE5,
  0x0B05, 0x0B05, 0x0B26, 0x0326, 0x0B26, 0xBBE2, 0xFC80, 0xF520, 0xFDC0, 0xFE20, 0xFEA0, 0xFEE0,
  0x64A4, 0x0326, 0x0B66, 0x0B66, 0x0366, 0x0B66, 0x0B86, 0x0B86, 0x0B86, 0x0BA6, 0x0B86, 0x0B87,
  0x0BA7, 0x0BA7, 0x0BA7, 0x0BA7, 0x0BA7, 0x0BA7, 0x0BC7, 0x0BA7, 0x0BA7, 0x0BA7, 0x0BA7, 0x0BA7,
  0x0BA7, 0x03A7, 0x0BC7, 0x03A7, 0x4BC5, 0xFC60, 0xFCE0, 0xFD40, 0xFDC0, 0xFE20, 0xFEC0, 0xEE62,
  0x32EF, 0x0192, 0x11D0, 0x09D1, 0x09D1, 0x11D1, 0x09EF, 0x09EE, 0x0A2C, 0x0B46, 0x0B26, 0x0325,
  0x0A88, 0x114F, 0x114E, 0x194F, 0x192F, 0x08AD, 0x3A10, 0xCE7B, 0xFFFF, 0xFFFF, 0xFFFF, 0xFFFF,
  0xFFFF, 0xFFFF, 0xFFFF, 0xFFFF, 0xFFFF, 0xFFFF, 0xFFFF, 0xFFFE, 0xFEA5, 0xFE20, 0xFD60, 0xFC80,
  0xFF5A, 0xFFFF, 0xFFFF, 0xFFFF, 0xFFFF, 0xFFFF, 0xFFFF, 0xFFFF, 0xFFFF, 0xFFFF, 0xFFFF, 0xFFFF,
  0xFFFF, 0xFFFF, 0xFFFF, 0xFFFF, 0xFFFF, 0xFFFF, 0xFFFF, 0xFFFF, 0xFFFF, 0xFFFF, 0xFFFF, 0xFFFF,
  0xFFFF, 0xFFFF, 0xFFFF, 0xFFFF, 0xFFFF, 0xFFFF, 0xFFFF, 0xFFFF, 0xFFFF, 0xFFFF, 0xFFFF, 0xFFFF,
  0xFFFF, 0xFFFF, 0xFFFF, 0xFFFF, 0xFFFF, 0xFFFF, 0xFFFF, 0xFFFF, 0xFFFF, 0xFFFF, 0xFFFF, 0xFFFF,
  0xFFFF, 0xFFFF, 0xFFFF, 0xFFFF, 0xFFFF, 0xFFFF, 0xFFFF, 0xFFFF, 0xFFFF, 0xFFFF, 0xFFFF, 0xFFFF,
  0xFFFF, 0xFFFF, 0xFFFF, 0xFFFF, 0xFFFF, 0xFFFF, 0xFFFF, 0xFFFF, 0xFFFF, 0xFFFF, 0xFFFF, 0xFFFF,
  0xFFFF, 0xFFFF, 0xFFFF, 0xFFFF, 0xFFFF, 0xFFFF, 0xFFFF, 0xFFFF, 0xFFFF, 0xFFFF, 0xFFFF, 0xFFFF,
  0xFFFF, 0xFFFF, 0xFFFF, 0xFFFF, 0xFFFF, 0xFFFF, 0xFFFF, 0xFFFF, 0xFFFF, 0xFFFF, 0xFFFF, 0xFFFF,
  0xFFFF, 0xFFFF, 0xFFFF, 0xFFFF, 0xFFFF, 0xFFFF, 0xFFFF, 0xFFFF, 0xFFFF, 0xFFFF, 0xFFFF, 0xFFFF,
  0xFFFF, 0xFFFF, 0xFFFF, 0xFFFF, 0xFFFF, 0xFFFF, 0xFFFF, 0xFFFF, 0xFFFF, 0xFFFF, 0xFFFF, 0xFFFF,
  0xFFFF, 0xFFFF, 0xFFFF, 0xFFFF, 0xFFFF, 0xFFFF, 0xFFFF, 0xFFFF, 0xFFFF, 0xFFFF, 0xFFFF, 0xFFFF,
  0xFFFF, 0xFFFF, 0xFFFF, 0xFFFF, 0xFFFF, 0xFFFF, 0xFFFF, 0xFFFF, 0xFFFF, 0xFFFF, 0xFFFF, 0xFFFF,
  0xFFFF, 0xFFDD, 0xFEA2, 0xFE20, 0xFD80, 0xFCC0, 0xFF59, 0xFFFF, 0xFFFF, 0xFFFF, 0xFFFF, 0xFFFF,
  0xFFFF, 0xFFFF, 0xFFFF, 0xFFFF, 0xFFFF, 0xFFFF, 0x8D72, 0x0AA4, 0x0284, 0x0AC5, 0x0AC5, 0x0AC5,
  0x0AC5, 0x0AC5, 0x02C5, 0x02C5, 0x0AE5, 0x0AE5, 0x0B05, 0x0B05, 0x0B05, 0x0B26, 0x0B26, 0x0B26,
  0x0326, 0x0B46, 0xC402, 0xFCC0, 0xFD20, 0xFDC0, 0xFE20, 0xFEA0, 0xFEC0, 0x5C84, 0x0347, 0x0B86,
  0x0B86, 0x0B86, 0x0B87, 0x0BA7, 0x0BA6, 0x0BA6, 0x0BA7, 0x0BA7, 0x0BA7, 0x0BC7, 0x0BC7, 0x0BC7,
  0x0BC7, 0x0BC7, 0x0BC7, 0x0BC7, 0x0BC7, 0x0BC7, 0x0BC7, 0x0BC7, 0x0BC7, 0x0BC7, 0x03C7, 0x43C5,
  0xF460, 0xFCC0, 0xFD40, 0xFDE0, 0xFE40, 0xFEC0, 0xEE81, 0x3ACF, 0x01B3, 0x0A11, 0x09D1, 0x09D1,
  0x09D1, 0x09D1, 0x09B1, 0x09D1, 0x0B09, 0x0B66, 0x0B46, 0x0B26, 0x0306, 0x11AE, 0x116F, 0x116F,
  0x114F, 0x196F, 0x10EE, 0x192E, 0x9CF8, 0xFFFF, 0xFFFF, 0xFFFF, 0xFFFF, 0xFFFF, 0xFFFF, 0xFFFF,
  0xFFFF, 0xFFFF, 0xFFFF, 0xFF76, 0xFE60, 0xFE01, 0xFCC0, 0xFD47, 0xFFFF, 0xFFFF, 0xFFFF, 0xFFFF,
  0xFFFF, 0xFFFF, 0xFFFF, 0xFFFF, 0xFFFF, 0xFFFF, 0xFFFF, 0xFFFF, 0xFFFF, 0xFFFF, 0xFFFF, 0xFFFF,
  0xFFFF, 0xFFFF, 0xFFFF, 0xFFFF, 0xFFFF, 0xFFFF, 0xFFFF, 0xFFFF, 0xFFFF, 0xFFFF, 0xFFFF, 0xFFFF,
  0xFFFF, 0xFFFF, 0xFFFF, 0xFFFF, 0xFFFF, 0xFFFF, 0xFFFF, 0xFFFF, 0xFFFF, 0xFFFF, 0xFFFF, 0xFFFF,
  0xFFFF, 0xFFFF, 0xFFFF, 0xFFFF, 0xFFFF, 0xFFFF, 0xFFFF, 0xFFFF, 0xFFFF, 0xFFFF, 0xFFFF, 0xFFFF,
  0xFFFF, 0xFFFF, 0xFFFF, 0xFFFF, 0xFFFF, 0xFFFF, 0xFFFF, 0xFFFF, 0xFFFF, 0xFFFF, 0xFFFF, 0xFFFF,
  0xFFFF, 0xFFFF, 0xFFFF, 0xFFFF, 0xFFFF, 0xFFFF, 0xFFFF, 0xFFFF, 0xFFFF, 0xFFFF, 0xFFFF, 0xFFFF,
  0xFFFF, 0xFFFF, 0xFFFF, 0xFFFF, 0xFFFF, 0xFFFF, 0xFFFF, 0xFFFF, 0xFFFF, 0xFFFF, 0xFFFF, 0xFFFF,
  0xFFFF, 0xFFFF, 0xFFFF, 0xFFFF, 0xFFFF, 0xFFFF, 0xFFFF, 0xFFFF, 0xFFFF, 0xFFFF, 0xFFFF, 0xFFFF,
  0xFFFF, 0xFFFF, 0xFFFF, 0xFFFF, 0xFFFF, 0xFFFF, 0xFFFF, 0xFFFF, 0xFFFF, 0xFFFF, 0xFFFF, 0xFFFF,
  0xFFFF, 0xFFFF, 0xFFFF, 0xFFFF, 0xFFFF, 0xFFFF, 0xFFFF, 0xFFFF, 0xFFFF, 0xFFFF, 0xFFFF, 0xFFFF,
  0xFFFF, 0xFFFF, 0xFFFF, 0xFFFF, 0xFFFF, 0xFFFF, 0xFFFF, 0xFFFF, 0xFFFF, 0xFFFF, 0xFFFF, 0xFFFF,
  0xFFFF, 0xFFFF, 0xFFFF, 0xFFFF, 0xFFFF, 0xFFFF, 0xFFFF, 0xFFFF, 0xFFFF, 0xFFFF, 0xFF2D, 0xFE40,
  0xFDE1, 0xFCE0, 0xFDED, 0xFFFF, 0xFFFF, 0xFFFF, 0xFFFF, 0xFFFF, 0xFFFF, 0xFFFF, 0xFFFF, 0xFFFF,
  0xF7BE, 0x5C6D, 0x0263, 0x0AC4, 0x0AC5, 0x0AC5, 0x0AC5, 0x0AC5, 0x02C5, 0x02C5, 0x02C5, 0x02E5,
  0x02E5, 0x0B05, 0x0B05, 0x0B05, 0x0B06, 0x0B26, 0x0B26, 0x0326, 0x0B46, 0x0346, 0x1367, 0xCC22,
  0xFCA0, 0xFD20, 0xFDA0, 0xFE20, 0xFEA0, 0xFEE1, 0x5485, 0x0347, 0x0BA6, 0x0BA6, 0x0BA7, 0x0BC6,
  0x0BC6, 0x0BA7, 0x0BA7, 0x0BC7, 0x0BC7, 0x0BE7, 0x0BE7, 0x0BE7, 0x0BE7, 0x0BE7, 0x0BE7, 0x0BE7,
  0x0BE7, 0x0BE7, 0x0BE7, 0x0BE7, 0x0BE7, 0x03E8, 0x3405, 0xEC40, 0xFCC0, 0xFD40, 0xFDE0, 0xFE40,
  0xFEC0, 0xEEA1, 0x3B2E, 0x01D3, 0x0A31, 0x09F2, 0x09F2, 0x09F1, 0x09F1, 0x09F1, 0x09F1, 0x0A10,
  0x0AEA, 0x0B47, 0x0B46, 0x0326, 0x0346, 0x0A4B, 0x0970, 0x118F, 0x116F, 0x114F, 0x196F, 0x190F,
  0x014A, 0x542D, 0xE77D, 0xFFFF, 0xFFFF, 0xFFFF, 0xFFFF, 0xFFFF, 0xFFFF, 0xFFFF, 0xFFFF, 0xFEE9,
  0xFE40, 0xFDA1, 0xFC60, 0xFEB4, 0xFFFF, 0xFFFF, 0xFFFF, 0xFFFF, 0xFFFF, 0xFFFF, 0xFFFF, 0xFFFF,
  0xFFFF, 0xFFFF, 0xFFFF, 0xFFFF, 0xFFFF, 0xFFFF, 0xFFFF, 0xFFFF, 0xFFFF, 0xFFFF, 0xFFFF, 0xFFFF,
  0xFFFF, 0xFFFF, 0xFFFF, 0xFFFF, 0xFFFF, 0xFFFF, 0xFFFF, 0xFFFF, 0xFFFF, 0xFFFF, 0xFFFF, 0xFFFF,
  0xFFFF, 0xFFFF, 0xFFFF, 0xFFFF, 0xFFFF, 0xFFFF, 0xFFFF, 0xFFFF, 0xFFFF, 0xFFFF, 0xFFFF, 0xFFFF,
  0xFFFF, 0xFFFF, 0xFFFF, 0xFFFF, 0xFFFF, 0xFFFF, 0xFFFF, 0xFFFF, 0xFFFF, 0xFFFF, 0xFFFF, 0xFFFF,
  0xFFFF, 0xFFFF, 0xFFFF, 0xFFFF, 0xFFFF, 0xFFFF, 0xFFFF, 0xFFFF, 0xFFFF, 0xFFFF, 0xFFFF, 0xFFFF,
  0xFFFF, 0xFFFF, 0xFFFF, 0xFFFF, 0xFFFF, 0xFFFF, 0xFFFF, 0xFFFF, 0xFFFF, 0xFFFF, 0xFFFF, 0xFFFF,
  0xFFFF, 0xFFFF, 0xFFFF, 0xFFFF, 0xFFFF, 0xFFFF, 0xFFFF, 0xFFFF, 0xFFFF, 0xFFFF, 0xFFFF, 0xFFFF,
  0xFFFF, 0xFFFF, 0xFFFF, 0xFFFF, 0xFFFF, 0xFFFF, 0xFFFF, 0xFFFF, 0xFFFF, 0xFFFF, 0xFFFF, 0xFFFF,
  0xFFFF, 0xFFFF, 0xFFFF, 0xFFFF, 0xFFFF, 0xFFFF, 0xFFFF, 0xFFFF, 0xFFFF, 0xFFFF, 0xFFFF, 0xFFFF,
  0xFFFF, 0xFFFF, 0xFFFF, 0xFFFF, 0xFFFF, 0xFFFF, 0xFFFF, 0xFFFF, 0xFFFF, 0xFFFF, 0xFFFF, 0xFFFF,
  0xFFFF, 0xFFFF, 0xFFFF, 0xFFFF, 0xFFFF, 0xFFFF, 0xFFFF, 0xFFFF, 0xFFFF, 0xFFFF, 0xFFFF, 0xFFFF,
  0xFFFF, 0xFFFF, 0xFFFF, 0xFFFF, 0xFFFF, 0xFFFF, 0xFFBA, 0xFE81, 0xFE20, 0xFD60, 0xFCC2, 0xFF9C,
  0xFFFF, 0xFFFF, 0xFFFF, 0xFFFF, 0xFFFF, 0xFFFF, 0xFFFF, 0xD71B, 0x3388, 0x0263, 0x0AE5, 0x0AC5,
  0x0AC5, 0x0AC5, 0x0AC5, 0x02C5, 0x02C5, 0x02E5, 0x02E5, 0x02E5, 0x0AE5, 0x0305, 0x0B05, 0x0B26,
  0x0326, 0x0326, 0x0346, 0x0B46, 0x0B46, 0x0B66, 0x0366, 0x1386, 0xCC21, 0xFCA0, 0xF520, 0xFDC0,
  0xFE20, 0xFEA0, 0xFEC0, 0x4C64, 0x0367, 0x0BC7, 0x0BC7, 0x0BC7, 0x0BC7, 0x0BE7, 0x0BE7, 0x0BE7,
  0x0BE7, 0x0BE7, 0x0BE7, 0x0BE7, 0x0BE7, 0x0BE7, 0x0BE7, 0x0BE7, 0x0BE7, 0x0BE7, 0x0C07, 0x0C07,
  0x0408, 0x2C26, 0xEC61, 0xFCA0, 0xF520, 0xFDA0, 0xFE20, 0xFEA0, 0xF6A1, 0x3CA6, 0x02AF, 0x09F3,
  0x0212, 0x0212, 0x0212, 0x0212, 0x0A12, 0x0A12, 0x0A12, 0x09F2, 0x09F1, 0x0B28, 0x0B66, 0x0B86,
  0x0386, 0x0A6D, 0x0991, 0x0990, 0x0970, 0x116F, 0x116F, 0x116F, 0x0AC7, 0x0283, 0x2327, 0xC6B9,
  0xFFFF, 0xFFFF, 0xFFFF, 0xFFFF, 0xFFFF, 0xFFFF, 0xFF99, 0xFE80, 0xFE20, 0xFD00, 0xFD26, 0xFFFF,
  0xFFFF, 0xFFFF, 0xFFFF, 0xFFFF, 0xFFFF, 0xFFFF, 0xFFFF, 0xFFFF, 0xFFFF, 0xFFFF, 0xFFFF, 0xFFFF,
  0xFFFF, 0xFFFF, 0xFFFF, 0xFFFF, 0xFFFF, 0xFFFF, 0xFFFF, 0xFFFF, 0xFFFF, 0xFFFF, 0xFFFF, 0xFFFF,
  0xFFFF, 0xFFFF, 0xFFFF, 0xFFFF, 0xFFFF, 0xFFFF, 0xFFFF, 0xFFFF, 0xFFFF, 0xFFFF, 0xFFFF, 0xFFFF,
  0xFFFF, 0xFFFF, 0xFFFF, 0xFFFF, 0xFFFF, 0xFFFF, 0xFFFF, 0xFFFF, 0xFFFF, 0xFFFF, 0xFFFF, 0xFFFF,
  0xFFFF, 0xFFFF, 0xFFFF, 0xFFFF, 0xFFFF, 0xFFFF, 0xFFFF, 0xFFFF, 0xFFFF, 0xFFFF, 0xFFFF, 0xFFFF,
  0xFFFF, 0xFFFF, 0xFFFF, 0xFFFF, 0xFFFF, 0xFFFF, 0xFFFF, 0xFFFF, 0xFFFF, 0xFFFF, 0xFFFF, 0xFFFF,
  0xFFFF, 0xFFFF, 0xFFFF, 0xFFFF, 0xFFFF, 0xFFFF, 0xFFFF, 0xFFFF, 0xFFFF, 0xFFFF, 0xFFFF, 0xFFFF,
  0xFFFF, 0xFFFF, 0xFFFF, 0xFFFF, 0xFFFF, 0xFFFF, 0xFFFF, 0xFFFF, 0xFFFF, 0xFFFF, 0xFFFF, 0xFFFF,
  0xFFFF, 0xFFFF, 0xFFFF, 0xFFFF, 0xFFFF, 0xFFFF, 0xFFFF, 0xFFFF, 0xFFFF, 0xFFFF, 0xFFFF, 0xFFFF,
  0xFFFF, 0xFFFF, 0xFFFF, 0xFFFF, 0xFFFF, 0xFFFF, 0xFFFF, 0xFFFF, 0xFFFF, 0xFFFF, 0xFFFF, 0xFFFF,
  0xFFFF, 0xFFFF, 0xFFFF, 0xFFFF, 0xFFFF, 0xFFFF, 0xFFFF, 0xFFFF, 0xFFFF, 0xFFFF, 0xFFFF, 0xFFFF,
  0xFFFF, 0xFFFF, 0xFFFF, 0xFFFF, 0xFFFF, 0xFFFF, 0xFFFF, 0xFFFF, 0xFFFF, 0xFFFF, 0xFFFF, 0xFFFF,
  0xFFFF, 0xFFFF, 0xFFFF, 0xFF09, 0xFE60, 0xFDE1, 0xFCC0, 0xFE2F, 0xFFFF, 0xFFFF, 0xFFFF, 0xFFFF,
  0xFFFF, 0xFFFF, 0xC6B8, 0x1B06, 0x0283, 0x0AC5, 0x0AC4, 0x0AC5, 0x0AC5, 0x02C5, 0x02C5, 0x0AE5,
  0x0AE5, 0x02E5, 0x02E5, 0x0305, 0x0305, 0x0B06, 0x0B26, 0x0B26, 0x0B26, 0x0346, 0x0346, 0x0B46,
  0x0B66, 0x0B66, 0x0B86, 0x0387, 0x1B87, 0xD401, 0xFCA0, 0xFD40, 0xFDC0, 0xFE20, 0xFEA0, 0xEEA0,
  0x3C45, 0x03A7, 0x0BE7, 0x0BE7, 0x0BE7, 0x0C07, 0x0C07, 0x0C07, 0x0C07, 0x0C07, 0x0C07, 0x0C07,
  0x0C07, 0x0C07, 0x0C07, 0x0C07, 0x0C07, 0x0C27, 0x0C27, 0x0408, 0x2426, 0xDC61, 0xFCA0, 0xFD20,
  0xFDA0, 0xFE20, 0xFEA0, 0xF6C1, 0x4CC6, 0x03E7, 0x1407, 0x0B2C, 0x0232, 0x0233, 0x0233, 0x0233,
  0x0232, 0x0212, 0x0212, 0x01F2, 0x0A6E, 0x0B86, 0x0B86, 0x0B2A, 0x0A6E, 0x09F1, 0x09B1, 0x0A0D,
  0x0A4A, 0x098F, 0x1150, 0x11CE, 0x0B06, 0x0AE6, 0x02A4, 0x0AE5, 0xB677, 0xFFFF, 0xFFFF, 0xFFFF,
  0xFFFF, 0xFFFF, 0xFF0B, 0xFE40, 0xFDC1, 0xFC80, 0xFE93, 0xFFFF, 0xFFFF, 0xFFFF, 0xFFFF, 0xFFFF,
  0xFFFF, 0xFFFF, 0xFFFF, 0xFFFF, 0xFFFF, 0xFFFF, 0xFFFF, 0xFFFF, 0xFFFF, 0xFFFF, 0xFFFF, 0xFFFF,
  0xFFFF, 0xFFFF, 0xFFFF, 0xFFFF, 0xFFFF, 0xFFFF, 0xFFFF, 0xFFFF, 0xFFFF, 0xFFFF, 0xFFFF, 0xFFFF,
  0xFFFF, 0xFFFF, 0xFFFF, 0xFFFF, 0xFFFF, 0xFFFF, 0xFFFF, 0xFFFF, 0xFFFF, 0xFFFF, 0xFFFF, 0xFFFF,
  0xFFFF, 0xFFFF, 0xFFFF, 0xFFFF, 0xFFFF, 0xFFFF, 0xFFFF, 0xFFFF, 0xFFFF, 0xFFFF, 0xFFFF, 0xFFFF,
  0xFFFF, 0xFFFF, 0xFFFF, 0xFFFF, 0xFFFF, 0xFFFF, 0xFFFF, 0xFFFF, 0xFFFF, 0xFFFF, 0xFFFF, 0xFFFF,
  0xFFFF, 0xFFFF, 0xFFFF, 0xFFFF, 0xFFFF, 0xFFFF, 0xFFFF, 0xFFFF, 0xFFFF, 0xFFFF, 0xFFFF, 0xFFFF,
  0xFFFF, 0xFFFF, 0xFFFF, 0xFFFF, 0xFFFF, 0xFFFF, 0xFFFF, 0xFFFF, 0xFFFF, 0xFFFF, 0xFFFF, 0xFFFF,
  0xFFFF, 0xFFFF, 0xFFFF, 0xFFFF, 0xFFFF, 0xFFFF, 0xFFFF, 0xFFFF, 0xFFFF, 0xFFFF, 0xFFFF, 0xFFFF,
  0xFFFF, 0xFFFF, 0xFFFF, 0xFFFF, 0xFFFF, 0xFFFF, 0xFFFF, 0xFFFF, 0xFFFF, 0xFFFF, 0xFFFF, 0xFFFF,
  0xFFFF, 0xFFFF, 0xFFFF, 0xFFFF, 0xFFFF, 0xFFFF, 0xFFFF, 0xFFFF, 0xFFFF, 0xFFFF, 0xFFFF, 0xFFFF,
  0xFFFF, 0xFFFF, 0xFFFF, 0xFFFF, 0xFFFF, 0xFFFF, 0xFFFF, 0xFFFF, 0xFFFF, 0xFFFF, 0xFFFF, 0xFFFF,
  0xFFFF, 0xFFFF, 0xFFFF, 0xFFFF, 0xFFFF, 0xFFFF, 0xFFFF, 0xFFFF, 0xFFFF, 0xFFFF, 0xFFFF, 0xFF97,
  0xFEA0, 0xFE40, 0xFD40, 0xFCC2, 0xFFBC, 0xFFFF, 0xFFFF, 0xFFFF, 0xFFFF, 0xB657, 0x0AA4, 0x0284,
  0x0AC5, 0x0AA4, 0x02A4, 0x02A4, 0x0AC5, 0x0AC5, 0x0AE5, 0x0AE5, 0x0B05, 0x02E5, 0x02E5, 0x0305,
  0x0305, 0x0326, 0x0B26, 0x0B46, 0x0B46, 0x0366, 0x0366, 0x0366, 0x0386, 0x0B86, 0x0B87, 0x0B86,
  0x03A7, 0x23A6, 0xDC21, 0xFCC0, 0xFD40, 0xFDC0, 0xFE20, 0xFEC0, 0xEE81, 0x2C46, 0x03C8, 0x0C07,
  0x0C07, 0x0C07, 0x0C07, 0x0C07, 0x0C07, 0x0C07, 0x0C27, 0x0C27, 0x0C27, 0x0C27, 0x0C27, 0x0C27,
  0x0C28, 0x0C47, 0x0428, 0x1447, 0xD441, 0xFCA0, 0xFD20, 0xFDC0, 0xFE20, 0xFE80, 0xFEC0, 0x4CE5,
  0x0407, 0x0C27, 0x0C07, 0x0C46, 0x0BAA, 0x0253, 0x0253, 0x0233, 0x0233, 0x0233, 0x0233, 0x0213,
  0x0231, 0x0BA6, 0x0B2A, 0x01F3, 0x01F2, 0x09F1, 0x09F1, 0x0327, 0x0307, 0x09AF, 0x0A4B, 0x0B06,
  0x0B25, 0x0B05, 0x0B06, 0x02E5, 0x02E4, 0xA615, 0xFFFF, 0xFFFF, 0xFFFF, 0xFFDC, 0xFEA1, 0xFE20,
  0xFD20, 0xFCE4, 0xFFDE, 0xFFFF, 0xFFFF, 0xFFFF, 0xFFFF, 0xFFFF, 0xFFFF, 0xFFFF, 0xFFFF, 0xFFFF,
  0xFFFF, 0xFFFF, 0xFFFF, 0xFFFF, 0xFFFF, 0xFFFF, 0xFFFF, 0xFFFF, 0xFFFF, 0xFFFF, 0xFFFF, 0xFFFF,
  0xFFFF, 0xFFFF, 0xFFFF, 0xFFFF, 0xFFFF, 0xFFFF, 0xFFFF, 0xFFFF, 0xFFFF, 0xFFFF, 0xFFFF, 0xFFFF,
  0xFFFF, 0xFFFF, 0xFFFF, 0xFFFF, 0xFFFF, 0xFFFF, 0xFFFF, 0xFFFF, 0xFFFF, 0xFFFF, 0xFFFF, 0xFFFF,
  0xFFFF, 0xFFFF, 0xFFFF, 0xFFFF, 0xFFFF, 0xFFFF, 0xFFFF, 0xFFFF, 0xFFFF, 0xFFFF, 0xFFFF, 0xFFFF,
  0xFFFF, 0xFFFF, 0xFFFF, 0xFFFF, 0xFFFF, 0xFFFF, 0xFFFF, 0xFFFF, 0xFFFF, 0xFFFF, 0xFFFF, 0xFFFF,
  0xFFFF, 0xFFFF, 0xFFFF, 0xFFFF, 0xFFFF, 0xFFFF, 0xFFFF, 0xFFFF, 0xFFFF, 0xFFFF, 0xFFFF, 0xFFFF,
  0xFFFF, 0xFFFF, 0xFFFF, 0xFFFF, 0xFFFF, 0xFFFF, 0xFFFF, 0xFFFF, 0xFFFF, 0xFFFF, 0xFFFF, 0xFFFF,
  0xFFFF, 0xFFFF, 0xFFFF, 0xFFFF, 0xFFFF, 0xFFFF, 0xFFFF, 0xFFFF, 0xFFFF, 0xFFFF, 0xFFFF, 0xFFFF,
  0xFFFF, 0xFFFF, 0xFFFF, 0xFFFF, 0xFFFF, 0xFFFF, 0xFFFF, 0xFFFF, 0xFFFF, 0xFFFF, 0xFFFF, 0xFFFF,
  0xFFFF, 0xFFFF, 0xFFFF, 0xFFFF, 0xFFFF, 0xFFFF, 0xFFFF, 0xFFFF, 0xFFFF, 0xFFFF, 0xFFFF, 0xFFFF,
  0xFFFF, 0xFFFF, 0xFFFF, 0xFFFF, 0xFFFF, 0xFFFF, 0xFFFF, 0xFFFF, 0xFFFF, 0xFFFF, 0xFFFF, 0xFFFF,
  0xFFFF, 0xFFFF, 0xFFFF, 0xFFFF, 0xFFFF, 0xFFFF, 0xFFFF, 0xFFFF, 0xFEE8, 0xFE40, 0xFDC1, 0xFC80,
  0xF60F, 0xFFFF, 0xFFDF, 0xFFFF, 0xB636, 0x0AA4, 0x02A4, 0x0AC5, 0x0AA4, 0x0AC5, 0x0AC5, 0x02C5,
  0x0AE5, 0x0AE5, 0x0B05, 0x0B05, 0x0B05, 0x0B05, 0x0B05, 0x0326, 0x0B26, 0x0B26, 0x0B46, 0x0B66,
  0x0B66, 0x0B86, 0x0B86, 0x0B86, 0x0BA6, 0x0BA6, 0x0BA7, 0x0BA7, 0x0BC7, 0x03C7, 0x2C27, 0xE461,
  0xFCA0, 0xFD40, 0xFDC0, 0xFE40, 0xFEC0, 0xDE61, 0x2426, 0x03E7, 0x0C27, 0x0C27, 0x0C27, 0x0C27,
  0x0C27, 0x0C27, 0x0C27, 0x0C47, 0x0C47, 0x0C47, 0x0C47, 0x0C48, 0x0C48, 0x0C48, 0x1467, 0xC461,
  0xFC80, 0xF520, 0xFDA0, 0xFE20, 0xFE80, 0xFEC0, 0x5D25, 0x0408, 0x1447, 0x0C47, 0x0C27, 0x0C27,
  0x0BE9, 0x0253, 0x0254, 0x0253, 0x0253, 0x0253, 0x0253, 0x0233, 0x0233, 0x028F, 0x0251, 0x0213,
  0x0211, 0x01F2, 0x026E, 0x0B86, 0x0B08, 0x0AE8, 0x0B45, 0x0B45, 0x0AC7, 0x0A8A, 0x0326, 0x0B26,
  0x0AA8, 0x09AA, 0xA558, 0xFFFF, 0xFFFF, 0xFF0E, 0xFE40, 0xFDC1, 0xFCA0, 0xFE73, 0xFFFF, 0xFFFF,
  0xFFFF, 0xFFFF, 0xFFFF, 0xFFFF, 0xFFFF, 0xFFFF, 0xFFFF, 0xFFFF, 0xFFFF, 0xFFFF, 0xFFFF, 0xFFFF,
  0xFFFF, 0xFFFF, 0xFFFF, 0xFFFF, 0xFFFF, 0xFFFF, 0xFFFF, 0xFFFF, 0xFFFF, 0xFFFF, 0xFFFF, 0xFFFF,
  0xFFFF, 0xFFFF, 0xFFFF, 0xFFFF, 0xFFFF, 0xFFFF, 0xFFFF, 0xFFFF, 0xFFFF, 0xFFFF, 0xFFFF, 0xFFFF,
  0xFFFF, 0xFFFF, 0xFFFF, 0xFFFF, 0xFFFF, 0xFFFF, 0xFFFF, 0xFFFF, 0xFFFF, 0xFFFF, 0xFFFF, 0xFFFF,
  0xFFFF, 0xFFFF, 0xFFFF, 0xFFFF, 0xFFFF, 0xFFFF, 0xFFFF, 0xFFFF, 0xFFFF, 0xFFFF, 0xFFFF, 0xFFFF,
  0xFFFF, 0xFFFF, 0xFFFF, 0xFFFF, 0xFFFF, 0xFFFF, 0xFFFF, 0xFFFF, 0xFFFF, 0xFFFF, 0xFFFF, 0xFFFF,
  0xFFFF, 0xFFFF, 0xFFFF, 0xFFFF, 0xFFFF, 0xFFFF, 0xFFFF, 0xFFFF, 0xFFFF, 0xFFFF, 0xFFFF, 0xFFFF,
  0xFFFF, 0xFFFF, 0xFFFF, 0xFFFF, 0xFFFF, 0xFFFF, 0xFFFF, 0xFFFF, 0xFFFF, 0xFFFF, 0xFFFF, 0xFFFF,
  0xFFFF, 0xFFFF, 0xFFFF, 0xFFFF, 0xFFFF, 0xFFFF, 0xFFFF, 0xFFFF, 0xFFFF, 0xFFFF, 0xFFFF, 0xFFFF,
  0xFFFF, 0xFFFF, 0xFFFF, 0xFFFF, 0xFFFF, 0xFFFF, 0xFFFF, 0xFFFF, 0xFFFF, 0xFFFF, 0xFFFF, 0xFFFF,
  0xFFFF, 0xFFFF, 0xFFFF, 0xFFFF, 0xFFFF, 0xFFFF, 0xFFFF, 0xFFFF, 0xFFFF, 0xFFFF, 0xFFFF, 0xFFFF,
  0xFFFF, 0xFFFF, 0xFFFF, 0xFFFF, 0xFFFF, 0xFFFF, 0xFFFF, 0xFFFF, 0xFFFF, 0xFFFF, 0xFFFF, 0xFFFF,
  0xFFFF, 0xFFFF, 0xFFFF, 0xFFFF, 0xFF97, 0xFE60, 0xFE00, 0xFD20, 0xF482, 0xF79C, 0xFFFF, 0xAE36,
  0x0284, 0x02A4, 0x0AA5, 0x0AA4, 0x0AA5, 0x0AC5, 0x0AC5, 0x0AC5, 0x0AE5, 0x0AE5, 0x0B05, 0x0B05,
  0x0B25, 0x0B25, 0x0B26, 0x0B46, 0x0B46, 0x0B46, 0x0B66, 0x0B66, 0x0B86, 0x0B86, 0x0BA6, 0x0BA6,
  0x0BA7, 0x0BC7, 0x0BC7, 0x0BC7, 0x0BE7, 0x0BE7, 0x0408, 0x3C26, 0xEC21, 0xFCA0, 0xFD60, 0xFDE0,
  0xFE40, 0xFEC0, 0xCE21, 0x1447, 0x0408, 0x0C27, 0x0C47, 0x0C47, 0x0C47, 0x0C47, 0x0C47, 0x0C47,
  0x0C47, 0x0C47, 0x0C48, 0x0C68, 0x0C68, 0x0488, 0xB462, 0xFC80, 0xF500, 0xFDA0, 0xFE20, 0xFE80,
  0xFEE0, 0x6D65, 0x0428, 0x1467, 0x0C48, 0x0C48, 0x0C47, 0x0C48, 0x0C47, 0x032F, 0x0274, 0x0274,
  0x0274, 0x0274, 0x0253, 0x0253, 0x0253, 0x0234, 0x0233, 0x0233, 0x0232, 0x01F3, 0x028E, 0x0B86,
  0x0B86, 0x0B85, 0x0B46, 0x0B46, 0x0AC8, 0x1171, 0x11CF, 0x11CE, 0x194F, 0x192F, 0x10ED, 0x9D38,
  0xFFFC, 0xF642, 0xFE00, 0xFD20, 0xF4E4, 0xFFDE, 0xFFFF, 0xFFFF, 0xFFFF, 0xFFFF, 0xFFFF, 0xFFFF,
  0xFFFF, 0xFFFF, 0xFFFF, 0xFFFF, 0xFFFF, 0xFFFF, 0xFFFF, 0xFFFF, 0xFFFF, 0xFFFF, 0xFFFF, 0xFFFF,
  0xFFFF, 0xFFFF, 0xFFFF, 0xFFFF, 0xFFFF, 0xFFFF, 0xFFFF, 0xFFFF, 0xFFFF, 0xFFFF, 0xFFFF, 0xFFFF,
  0xFFFF, 0xFFFF, 0xFFFF, 0xFFFF, 0xFFFF, 0xFFFF, 0xFFFF, 0xFFFF, 0xFFFF, 0xFFFF, 0xFFFF, 0xFFFF,
  0xFFFF, 0xFFFF, 0xFFFF, 0xFFFF, 0xFFFF, 0xFFFF, 0xFFFF, 0xFFFF, 0xFFFF, 0xFFFF, 0xFFFF, 0xFFFF,
  0xFFFF, 0xFFFF, 0xFFFF, 0xFFFF, 0xFFFF, 0xFFFF, 0xFFFF, 0xFFFF, 0xFFFF, 0xFFFF, 0xFFFF, 0xFFFF,
  0xFFFF, 0xFFFF, 0xFFFF, 0xFFFF, 0xFFFF, 0xFFFF, 0xFFFF, 0xFFFF, 0xFFFF, 0xFFFF, 0xFFFF, 0xFFFF,
  0xFFFF, 0xFFFF, 0xFFFF, 0xFFFF, 0xFFFF, 0xFFFF, 0xFFFF, 0xFFFF, 0xFFFF, 0xFFFF, 0xFFFF, 0xFFFF,
  0xFFFF, 0xFFFF, 0xFFFF, 0xFFFF, 0xFFFF, 0xFFFF, 0xFFFF, 0xFFFF, 0xFFFF, 0xFFFF, 0xFFFF, 0xFFFF,
  0xFFFF, 0xFFFF, 0xFFFF, 0xFFFF, 0xFFFF, 0xFFFF, 0xFFFF, 0xFFFF, 0xFFFF, 0xFFFF, 0xFFFF, 0xFFFF,
  0xFFFF, 0xFFFF, 0xFFFF, 0xFFFF, 0xFFFF, 0xFFFF, 0xFFFF, 0xFFFF, 0xFFFF, 0xFFFF, 0xFFFF, 0xFFFF,
  0xFFFF, 0xFFFF, 0xFFFF, 0xFFFF, 0xFFFF, 0xFFFF, 0xFFFF, 0xFFFF, 0xFFFF, 0xFFFF, 0xFFFF, 0xFFFF,
  0xFFFF, 0xFFFF, 0xFFFF, 0xFFFF, 0xFFFF, 0xFFFF, 0xFFFF, 0xFFFF, 0xFFFF, 0xFFFF, 0xFFFF, 0xFFFF,
  0xFFFF, 0xFEE9, 0xFE40, 0xFDC1, 0xF440, 0xFE51, 0xB698, 0x0283, 0x0AA4, 0x0AC5, 0x0AA4, 0x02A4,
  0x0AC5, 0x0AC5, 0x0AC5, 0x0AE5, 0x0AE5, 0x0B05, 0x0B05, 0x0B25, 0x0B26, 0x0B26, 0x0B46, 0x0B66,
  0x0B66, 0x0B66, 0x0B66, 0x0B86, 0x0B86, 0x0B86, 0x0BA6, 0x0BA7, 0x0BC7, 0x0BC7, 0x0BC7, 0x0BE7,
  0x0C07, 0x0C07, 0x0C07, 0x0428, 0x4426, 0xF440, 0xFCE0, 0xFD60, 0xFDE0, 0xFE40, 0xFEC0, 0xC622,
  0x0C47, 0x0C48, 0x1447, 0x0C67, 0x0C67, 0x0C67, 0x0C67, 0x0C67, 0x0C67, 0x0C68, 0x0C68, 0x0C68,
  0x0488, 0xA483, 0xFC80, 0xF500, 0xFD80, 0xFE00, 0xFE80, 0xFEE0, 0x7D84, 0x0448, 0x1488, 0x0C68,
  0x0C68, 0x0C68, 0x0C68, 0x0C68, 0x0C87, 0x0C0A, 0x0295, 0x0294, 0x0294, 0x0274, 0x0274, 0x0273,
  0x0253, 0x0253, 0x0253, 0x0233, 0x0213, 0x0231, 0x0348, 0x0B86, 0x0AEB, 0x0AAD, 0x0B28, 0x0B66,
  0x0B07, 0x09CF, 0x1171, 0x1170, 0x116F, 0x114E, 0x194E, 0x08EF, 0x944B, 0xFEA0, 0xFDA1, 0xFC80,
  0xF652, 0xFFFF, 0xFFFF, 0xFFFF, 0xFFFF, 0xFFFF, 0xFFFF, 0xFFFF, 0xFFFF, 0xFFFF, 0xFFFF, 0xFFFF,
  0xFFFF, 0xFFFF, 0xFFFF, 0xFFFF, 0xFFFF, 0xFFFF, 0xFFFF, 0xFFFF, 0xFFFF, 0xFFFF, 0xFFFF, 0xFFFF,
  0xFFFF, 0xFFFF, 0xFFFF, 0xFFFF, 0xFFFF, 0xFFFF, 0xFFFF, 0xFFFF, 0xFFFF, 0xFFFF, 0xFFFF, 0xFFFF,
  0xFFFF, 0xFFFF, 0xFFFF, 0xFFFF, 0xFFFF, 0xFFFF, 0xFFFF, 0xFFFF, 0xFFFF, 0xFFFF, 0xFFFF, 0xFFFF,
  0xFFFF, 0xFFFF, 0xFFFF, 0xFFFF, 0xFFFF, 0xFFFF, 0xFFFF, 0xFFFF, 0xFFFF, 0xFFFF, 0xFFFF, 0xFFFF,
  0xFFFF, 0xFFFF, 0xFFFF, 0xFFFF, 0xFFFF, 0xFFFF, 0xFFFF, 0xFFFF, 0xFFFF, 0xFFFF, 0xFFFF, 0xFFFF,
  0xFFFF, 0xFFFF, 0xFFFF, 0xFFFF, 0xFFFF, 0xFFFF, 0xFFFF, 0xFFFF, 0xFFFF, 0xFFFF, 0xFFFF, 0xFFFF,
  0xFFFF, 0xFFFF, 0xFFFF, 0xFFFF, 0xFFFF, 0xFFFF, 0xFFFF, 0xFFFF, 0xFFFF, 0xFFFF, 0xFFFF, 0xFFFF,
  0xFFFF, 0xFFFF, 0xFFFF, 0xFFFF, 0xFFFF, 0xFFFF, 0xFFFF, 0xFFFF, 0xFFFF, 0xFFFF, 0xFFFF, 0xFFFF,
  0xFFFF, 0xFFFF, 0xFFFF, 0xFFFF, 0xFFFF, 0xFFFF, 0xFFFF, 0xFFFF, 0xFFFF, 0xFFFF, 0xFFFF, 0xFFFF,
  0xFFFF, 0xFFFF, 0xFFFF, 0xFFFF, 0xFFFF, 0xFFFF, 0xFFFF, 0xFFFF, 0xFFFF, 0xFFFF, 0xFFFF, 0xFFFF,
  0xFFFF, 0xFFFF, 0xFFFF, 0xFFFF, 0xFFFF, 0xFFFF, 0xFFFF, 0xFFFF, 0xFFFF, 0xFFFF, 0xFFFF, 0xFFFF,
  0xFFFF, 0xFFFF, 0xFFFF, 0xFFFF, 0xFFFF, 0xFFFF, 0xFFFF, 0xFFFF, 0xFFFF, 0xFFB8, 0xFE80, 0xFE00,
  0xFD20, 0xBC23, 0x0AC5, 0x0AA4, 0x0AA5, 0x0AA5, 0x0AA4, 0x02C4, 0x0AC5, 0x0AC5, 0x0AE5, 0x0AE5,
  0x0B05, 0x0B05, 0x0B25, 0x0B26, 0x0B46, 0x0B46, 0x0B46, 0x0B66, 0x0B66, 0x0B66, 0x0B86, 0x0B86,
  0x0BA6, 0x0BA6, 0x0BC7, 0x0BC7, 0x0BC7, 0x0BC7, 0x0BE7, 0x0C07, 0x0C07, 0x0C07, 0x0C27, 0x1427,
  0x0448, 0x5446, 0xFC60, 0xFCE0, 0xFD60, 0xFE00, 0xFE60, 0xFEE0, 0xADE3, 0x0447, 0x0C67, 0x1467,
  0x0C67, 0x0C87, 0x0C87, 0x1487, 0x1488, 0x1488, 0x1488, 0x0488, 0x8C83, 0xFC60, 0xF4E0, 0xFD80,
  0xFE00, 0xFE60, 0xFEE0, 0x8DC4, 0x0488, 0x14A8, 0x1488, 0x0C88, 0x1488, 0x1488, 0x0C88, 0x0C88,
  0x0C48, 0x0311, 0x02B5, 0x02B5, 0x02B5, 0x0294, 0x0294, 0x0274, 0x0274, 0x0274, 0x0254, 0x0272,
  0x0252, 0x030C, 0x0BA6, 0x0BA6, 0x028F, 0x01D4, 0x030A, 0x0BA6, 0x0A0F, 0x09B1, 0x09B0, 0x11B0,
  0x116F, 0x116F, 0x196F, 0x194E, 0x10EE, 0xAC46, 0xFD80, 0xF4C5, 0xFFDE, 0xFFFF, 0xFFFF, 0xFFFF,
  0xFFFF, 0xFFFF, 0xFFFF, 0xFFFF, 0xFFFF, 0xFFFF, 0xFFFF, 0xFFFF, 0xFFFF, 0xFFFF, 0xFFFF, 0xFFFF,
  0xFFFF, 0xFFFF, 0xFFFF, 0xFFFF, 0xFFFF, 0xFFFF, 0xFFFF, 0xFFFF, 0xFFFF, 0xFFFF, 0xFFFF, 0xFFFF,
  0xFFFF, 0xFFFF, 0xFFFF, 0xFFFF, 0xFFFF, 0xFFFF, 0xFFFF, 0xFFFF, 0xFFFF, 0xFFFF, 0xFFFF, 0xFFFF,
  0xFFFF, 0xFFFF, 0xFFFF, 0xFFFF, 0xFFFF, 0xFFFF, 0xFFFF, 0xFFFF, 0xFFFF, 0xFFFF, 0xFFFF, 0xFFFF,
  0xFFFF, 0xFFFF, 0xFFFF, 0xFFFF, 0xFFFF, 0xFFFF, 0xFFFF, 0xFFFF, 0xFFFF, 0xFFFF, 0xFFFF, 0xFFFF,
  0xFFFF, 0xFFFF, 0xFFFF, 0xFFFF, 0xFFFF, 0xFFFF, 0xFFFF, 0xFFFF, 0xFFFF, 0xFFFF, 0xFFFF, 0xFFFF,
  0xFFFF, 0xFFFF, 0xFFFF, 0xFFFF, 0xFFFF, 0xFFFF, 0xFFFF, 0xFFFF, 0xFFFF, 0xFFFF, 0xFFFF, 0xFFFF,
  0xFFFF, 0xFFFF, 0xFFFF, 0xFFFF, 0xFFFF, 0xFFFF, 0xFFFF, 0xFFFF, 0xFFFF, 0xFFFF, 0xFFFF, 0xFFFF,
  0xFFFF, 0xFFFF, 0xFFFF, 0xFFFF, 0xFFFF, 0xFFFF, 0xFFFF, 0xFFFF, 0xFFFF, 0xFFFF, 0xFFFF, 0xFFFF,
  0xFFFF, 0xFFFF, 0xFFFF, 0xFFFF, 0xFFFF, 0xFFFF, 0xFFFF, 0xFFFF, 0xFFFF, 0xFFFF, 0xFFFF, 0xFFFF,
  0xFFFF, 0xFFFF, 0xFFFF, 0xFFFF, 0xFFFF, 0xFFFF, 0xFFFF, 0xFFFF, 0xFFFF, 0xFFFF, 0xFFFF, 0xFFFF,
  0xFFFF, 0xFFFF, 0xFFFF, 0xFFFF, 0xFFFF, 0xFFFF, 0xFFFF, 0xFFFF, 0xFFFF, 0xFFFF, 0xFFFF, 0xFFFF,
  0xFFFF, 0xFFFF, 0xFFFF, 0xFFFF, 0xFFFF, 0xFFFF, 0xF6C8, 0xFE60, 0xC501, 0x0A83, 0x02A4, 0x0AA5,
  0x0AA5, 0x0AC5, 0x02A5, 0x02C5, 0x0AC5, 0x0AE5, 0x0B05, 0x0B05, 0x0B05, 0x0B25, 0x0B25, 0x0B26,
  0x0B46, 0x0B46, 0x0B66, 0x0B66, 0x0B86, 0x0B86, 0x0B86, 0x0BA7, 0x0BA7, 0x0BC7, 0x0BC7, 0x0BE7,
  0x0BE7, 0x0BE7, 0x0C07, 0x0C07, 0x0C07, 0x0C27, 0x0C27, 0x0C28, 0x1447, 0x0468, 0x6465, 0xFC40,
  0xFCE0, 0xFD80, 0xFE00, 0xFE60, 0xFEC0, 0x9DA3, 0x0448, 0x1487, 0x1487, 0x1487, 0x0CA8, 0x14A8,
  0x14A8, 0x14A8, 0x04C8, 0x7484, 0xFC40, 0xFCE0, 0xFD80, 0xFDE0, 0xFE60, 0xFEE0, 0xA5E3, 0x0488,
  0x14A8, 0x14A8, 0x14A8, 0x14A8, 0x14A8, 0x14A8, 0x0CA8, 0x14C7, 0x0BCC, 0x0296, 0x02D5, 0x02D5,
  0x02B5, 0x02B5, 0x02B5, 0x0294, 0x0294, 0x0294, 0x0275, 0x0B6C, 0x0C07, 0x0C07, 0x0B2B, 0x028F,
  0x0250, 0x01F3, 0x0B2A, 0x0B2A, 0x09F2, 0x09D1, 0x09D1, 0x11B0, 0x1190, 0x1190, 0x116F, 0x196F,
  0x114F, 0x110F, 0xAB63, 0xFEF5, 0xFFFF, 0xFFFF, 0xFFFF, 0xFFFF, 0xFFFF, 0xFFFF, 0xFFFF, 0xFFFF,
  0xFFFF, 0xFFFF, 0xFFFF, 0xFFFF, 0xFFFF, 0xFFFF, 0xFFFF, 0xFFFF, 0xFFFF, 0xFFFF, 0xFFFF, 0xFFFF,
  0xFFFF, 0xFFFF, 0xFFFF, 0xFFFF, 0xFFFF, 0xFFFF, 0xFFFF, 0xFFFF, 0xFFFF, 0xFFFF, 0xFFFF, 0xFFFF,
  0xFFFF, 0xFFFF, 0xFFFF, 0xFFFF, 0xFFFF, 0xFFFF, 0xFFFF, 0xFFFF, 0xFFFF, 0xFFFF, 0xFFFF, 0xFFFF,
  0xFFFF, 0xFFFF, 0xFFFF, 0xFFFF, 0xFFFF, 0xFFFF, 0xFFFF, 0xFFFF, 0xFFFF, 0xFFFF, 0xFFFF, 0xFFFF,
  0xFFFF, 0xFFFF, 0xFFFF, 0xFFFF, 0xFFFF, 0xFFFF, 0xFFFF, 0xFFFF, 0xFFFF, 0xFFFF, 0xFFFF, 0xFFFF,
  0xFFFF, 0xFFFF, 0xFFFF, 0xFFFF, 0xFFFF, 0xFFFF, 0xFFFF, 0xFFFF, 0xFFFF, 0xFFFF, 0xFFFF, 0xFFFF,
  0xFFFF, 0xFFFF, 0xFFFF, 0xFFFF, 0xFFFF, 0xFFFF, 0xFFFF, 0xFFFF, 0xFFFF, 0xFFFF, 0xFFFF, 0xFFFF,
  0xFFFF, 0xFFFF, 0xFFFF, 0xFFFF, 0xFFFF, 0xFFFF, 0xFFFF, 0xFFFF, 0xFFFF, 0xFFFF, 0xFFFF, 0xFFFF,
  0xFFFF, 0xFFFF, 0xFFFF, 0xFFFF, 0xFFFF, 0xFFFF, 0xFFFF, 0xFFFF, 0xFFFF, 0xFFFF, 0xFFFF, 0xFFFF,
  0xFFFF, 0xFFFF, 0xFFFF, 0xFFFF, 0xFFFF, 0xFFFF, 0xFFFF, 0xFFFF, 0xFFFF, 0xFFFF, 0xFFFF, 0xFFFF,
  0xFFFF, 0xFFFF, 0xFFFF, 0xFFFF, 0xFFFF, 0xFFFF, 0xFFFF, 0xFFFF, 0xFFFF, 0xFFFF, 0xFFFF, 0xFFFF,
  0xFFFF, 0xFFFF, 0xFFFF, 0xFFFF, 0xFFFF, 0xFFFF, 0xFFFF, 0xFFFF, 0xFFFF, 0xFFFF, 0xFFFF, 0xFFFF,
  0xFFFF, 0xFFFF, 0xFF97, 0xDDE1, 0x1AE4, 0x0284, 0x0AA4, 0x0AA4, 0x0AC5, 0x0AC5, 0x0AC5, 0x0AC5,
  0x0AE5, 0x0B05, 0x0B05, 0x0B05, 0x0B25, 0x0B25, 0x0B26, 0x0B46, 0x0B46, 0x0B66, 0x0B66, 0x0B86,
  0x0B86, 0x0BA7, 0x0BA7, 0x0BC7, 0x0BC7, 0x0BC7, 0x0BE7, 0x0C07, 0x0C07, 0x0C07, 0x0C07, 0x0C07,
  0x0C27, 0x0C27, 0x0C48, 0x0C48, 0x0C68, 0x1468, 0x0488, 0x7C44, 0xFC40, 0xFCE0, 0xFD80, 0xFE00,
  0xFE60, 0xFEC0, 0x85A4, 0x0488, 0x1487, 0x14A8, 0x14A8, 0x14C8, 0x14C8, 0x04C8, 0x5CC5, 0xFC60,
  0xF4C0, 0xFD60, 0xFDE0, 0xFE60, 0xFEC0, 0xB623, 0x0CA8, 0x14C8, 0x14C8, 0x14C8, 0x14C8, 0x14C8,
  0x14C8, 0x14C8, 0x14C8, 0x14E7, 0x0BAF, 0x02D6, 0x02F5, 0x02D5, 0x02D5, 0x02D5, 0x02B5, 0x02B5,
  0x02B5, 0x02B5, 0x0295, 0x02F1, 0x1427, 0x0C27, 0x0BC8, 0x02AE, 0x0213, 0x0212, 0x0232, 0x0212,
  0x0A12, 0x09F1, 0x09D1, 0x09D1, 0x11B0, 0x1190, 0x1190, 0x116F, 0x194F, 0x112E, 0x190D, 0xCE7B,
  0xFFFF, 0xFFFF, 0xFFFF, 0xFFFF, 0xFFFF, 0xFFFF, 0xFFFF, 0xFFFF, 0xFFFF, 0xFFFF, 0xFFFF, 0xFFFF,
  0xFFFF, 0xFFFF, 0xFFFF, 0xFFFF, 0xFFFF, 0xFFFF, 0xFFFF, 0xFFFF, 0xFFFF, 0xFFFF, 0xFFFF, 0xFFFF,
  0xFFFF, 0xFFFF, 0xFFFF, 0xFFFF, 0xFFFF, 0xFFFF, 0xFFFF, 0xFFFF, 0xFFFF, 0xFFFF, 0xFFFF, 0xFFFF,
  0xFFFF, 0xFFFF, 0xFFFF, 0xFFFF, 0xFFFF, 0xFFFF, 0xFFFF, 0xFFFF, 0xFFFF, 0xFFFF, 0xFFFF, 0xFFFF,
  0xFFFF, 0xFFFF, 0xFFFF, 0xFFFF, 0xFFFF, 0xFFFF, 0xFFFF, 0xFFFF, 0xFFFF, 0xFFFF, 0xFFFF, 0xFFFF,
  0xFFFF, 0xFFFF, 0xFFFF, 0xFFFF, 0xFFFF, 0xFFFF, 0xFFFF, 0xFFFF, 0xFFFF, 0xFFFF, 0xFFFF, 0xFFFF,
  0xFFFF, 0xFFFF, 0xFFFF, 0xFFFF, 0xFFFF, 0xFFFF, 0xFFFF, 0xFFFF, 0xFFFF, 0xFFFF, 0xFFFF, 0xFFFF,
  0xFFFF, 0xFFFF, 0xFFFF, 0xFFFF, 0xFFFF, 0xFFFF, 0xFFFF, 0xFFFF, 0xFFFF, 0xFFFF, 0xFFFF, 0xFFFF,
  0xFFFF, 0xFFFF, 0xFFFF, 0xFFFF, 0xFFFF, 0xFFFF, 0xFFFF, 0xFFFF, 0xFFFF, 0xFFFF, 0xFFFF, 0xFFFF,
  0xFFFF, 0xFFFF, 0xFFFF, 0xFFFF, 0xFFFF, 0xFFFF, 0xFFFF, 0xFFFF, 0xFFFF, 0xFFFF, 0xFFFF, 0xFFFF,
  0xFFFF, 0xFFFF, 0xFFFF, 0xFFFF, 0xFFFF, 0xFFFF, 0xFFFF, 0xFFFF, 0xFFFF, 0xFFFF, 0xFFFF, 0xFFFF,
  0xFFFF, 0xFFFF, 0xFFFF, 0xFFFF, 0xFFFF, 0xFFFF, 0xFFFF, 0xFFFF, 0xFFFF, 0xFFFF, 0xFFFF, 0xFFFF,
  0xFFFF, 0xFFFF, 0xFFFF, 0xFFFF, 0xFFFF, 0xFFFF, 0xFFFF, 0xFFFF, 0xFFFF, 0xFFFF, 0xF7BD, 0x2B66,
  0x0264, 0x0AA4, 0x0AA4, 0x0AA4, 0x02C5, 0x02C5, 0x0AE5, 0x0AE5, 0x0B05, 0x0B05, 0x0B05, 0x0B25,
  0x0B25, 0x0B26, 0x0B46, 0x0B46, 0x0B66, 0x0B66, 0x0B86, 0x0B86, 0x0BA6, 0x0BC7, 0x0BC7, 0x0BC7,
  0x0BE7, 0x0BE7, 0x0C07, 0x0C07, 0x0C07, 0x0C07, 0x0C07, 0x0C27, 0x0C27, 0x0C47, 0x0C47, 0x1468,
  0x0C68, 0x1488, 0x1487, 0x04A8, 0x8C44, 0xFC40, 0xFD00, 0xFDA0, 0xFE00, 0xFE80, 0xFEE0, 0x6D85,
  0x0488, 0x14C8, 0x14C8, 0x14C8, 0x04C8, 0x44C6, 0xF460, 0xFCC0, 0xFD60, 0xFDE0, 0xFE40, 0xFEE0,
  0xCE62, 0x14E7, 0x0CC8, 0x14E8, 0x14E8, 0x14E8, 0x14E8, 0x14E8, 0x14C8, 0x14C8, 0x14E8, 0x14A9,
  0x02F5, 0x02F6, 0x02F6, 0x02F6, 0x02F6, 0x02F6, 0x02D5, 0x02D5, 0x02D5, 0x02B5, 0x02B5, 0x0295,
  0x0BCA, 0x0C46, 0x0C07, 0x02AF, 0x0233, 0x0233, 0x0233, 0x0213, 0x0212, 0x09F2, 0x09F1, 0x09D1,
  0x09D1, 0x11B0, 0x1190, 0x116F, 0x116F, 0x194E, 0x110E, 0x31D0, 0xE73D, 0xFFFF, 0xFFFF, 0xFFFF,
  0xFFFF, 0xFFFF, 0xFFFF, 0xFFFF, 0xFFFF, 0xFFFF, 0xFFFF, 0xFFFF, 0xFFFF, 0xFFFF, 0xFFFF, 0xFFFF,
  0xFFFF, 0xFFFF, 0xFFFF, 0xFFFF, 0xFFFF, 0xFFFF, 0xFFFF, 0xFFFF, 0xFFFF, 0xFFFF, 0xFFFF, 0xFFFF,
  0xFFFF, 0xFFFF, 0xFFFF, 0xFFFF, 0xFFFF, 0xFFFF, 0xFFFF, 0xFFFF, 0xFFFF, 0xFFFF, 0xFFFF, 0xFFFF,
  0xFFFF, 0xFFFF, 0xFFFF, 0xFFFF, 0xFFFF, 0xFFFF, 0xFFFF, 0xFFFF, 0xFFFF, 0xFFFF, 0xFFFF, 0xFFFF,
  0xFFFF, 0xFFFF, 0xFFFF, 0xFFFF, 0xFFFF, 0xFFFF, 0xFFFF, 0xFFFF, 0xFFFF, 0xFFFF, 0xFFFF, 0xFFFF,
  0xFFFF, 0xFFFF, 0xFFFF, 0xFFFF, 0xFFFF, 0xFFFF, 0xFFFF, 0xFFFF, 0xFFFF, 0xFFFF, 0xFFFF, 0xFFFF,
  0xFFFF, 0xFFFF, 0xFFFF, 0xFFFF, 0xFFFF, 0xFFFF, 0xFFFF, 0xFFFF, 0xFFFF, 0xFFFF, 0xFFFF, 0xFFFF,
  0xFFFF, 0xFFFF, 0xFFFF, 0xFFFF, 0xFFFF, 0xFFFF, 0xFFFF, 0xFFFF, 0xFFFF, 0xFFFF, 0xFFFF, 0xFFFF,
  0xFFFF, 0xFFFF, 0xFFFF, 0xFFFF, 0xFFFF, 0xFFFF, 0xFFFF, 0xFFFF, 0xFFFF, 0xFFFF, 0xFFFF, 0xFFFF,
  0xFFFF, 0xFFFF, 0xFFFF, 0xFFFF, 0xFFFF, 0xFFFF, 0xFFFF, 0xFFFF, 0xFFFF, 0xFFFF, 0xFFFF, 0xFFFF,
  0xFFFF, 0xFFFF, 0xFFFF, 0xFFFF, 0xFFFF, 0xFFFF, 0xFFFF, 0xFFFF, 0xFFFF, 0xFFFF, 0xFFFF, 0xFFFF,
  0xFFFF, 0xFFFF, 0xFFFF, 0xFFFF, 0xFFFF, 0xFFFF, 0xFFFF, 0xFFFF, 0xFFFF, 0xFFFF, 0xFFFF, 0xFFFF,
  0xFFFF, 0xFFFF, 0xFFFF, 0xFFFF, 0xFFFF, 0xFFFF, 0x546C, 0x0263, 0x0AC5, 0x0AA4, 0x0AA4, 0x0AC5,
  0x0AC5, 0x02C5, 0x0AE5, 0x0B05, 0x0B05, 0x0B25, 0x0B25, 0x0B25, 0x0B46, 0x0B46, 0x0B66, 0x0B66,
  0x0B66, 0x0B86, 0x0B86, 0x0BA7, 0x0BC7, 0x0BC7, 0x0BE7, 0x0BE7, 0x0BE7, 0x0C07, 0x0C07, 0x0C07,
  0x0C07, 0x0C27, 0x0C27, 0x0C27, 0x1447, 0x1467, 0x1468, 0x1468, 0x1468, 0x1488, 0x1488, 0x14A8,
  0x04C8, 0xA463, 0xFC60, 0xFD20, 0xFDA0, 0xFE20, 0xFE80, 0xFEC0, 0x4D45, 0x04A8, 0x14E8, 0x0CE8,
  0x2CE7, 0xE461, 0xFCA0, 0xFD40, 0xFDE0, 0xFE40, 0xFEC0, 0xE6A1, 0x2527, 0x0CE8, 0x1CE8, 0x14E8,
  0x1508, 0x1508, 0x14E8, 0x14E8, 0x14E8, 0x14E8, 0x14E8, 0x14C8, 0x0C2D, 0x0315, 0x0316, 0x0316,
  0x0316, 0x0316, 0x02F6, 0x02F6, 0x02F6, 0x02D5, 0x02D5, 0x02B5, 0x02D3, 0x0C08, 0x0BAA, 0x0254,
  0x0273, 0x0253, 0x0253, 0x0233, 0x0213, 0x0212, 0x09F2, 0x09F2, 0x09D1, 0x09B1, 0x11B0, 0x1190,
  0x116F, 0x114F, 0x196F, 0x08EE, 0x4A92, 0xF7BF, 0xFFFF, 0xFFFF, 0xFFFF, 0xFFFF, 0xFFFF, 0xFFFF,
  0xFFFF, 0xFFFF, 0xFFFF, 0xFFFF, 0xFFFF, 0xFFFF, 0xFFFF, 0xFFFF, 0xFFFF, 0xFFFF, 0xFFFF, 0xFFFF,
  0xFFFF, 0xFFFF, 0xFFFF, 0xFFFF, 0xFFFF, 0xFFFF, 0xFFFF, 0xFFFF, 0xFFFF, 0xFFFF, 0xFFFF, 0xFFFF,
  0xFFFF, 0xFFFF, 0xFFFF, 0xFFFF, 0xFFFF, 0xFFFF, 0xFFFF, 0xFFFF, 0xFFFF, 0xFFFF, 0xFFFF, 0xFFFF,
  0xFFFF, 0xFFFF, 0xFFFF, 0xFFFF, 0xFFFF, 0xFFFF, 0xFFFF, 0xFFFF, 0xFFFF, 0xFFFF, 0xFFFF, 0xFFFF,
  0xFFFF, 0xFFFF, 0xFFFF, 0xFFFF, 0xFFFF, 0xFFFF, 0xFFFF, 0xFFFF, 0xFFFF, 0xFFFF, 0xFFFF, 0xFFFF,
  0xFFFF, 0xFFFF, 0xFFFF, 0xFFFF, 0xFFFF, 0xFFFF, 0xFFFF, 0xFFFF, 0xFFFF, 0xFFFF, 0xFFFF, 0xFFFF,
  0xFFFF, 0xFFFF, 0xFFFF, 0xFFFF, 0xFFFF, 0xFFFF, 0xFFFF, 0xFFFF, 0xFFFF, 0xFFFF, 0xFFFF, 0xFFFF,
  0xFFFF, 0xFFFF, 0xFFFF, 0xFFFF, 0xFFFF, 0xFFFF, 0xFFFF, 0xFFFF, 0xFFFF, 0xFFFF, 0xFFFF, 0xFFFF,
  0xFFFF, 0xFFFF, 0xFFFF, 0xFFFF, 0xFFFF, 0xFFFF, 0xFFFF, 0xFFFF, 0xFFFF, 0xFFFF, 0xFFFF, 0xFFFF,
  0xFFFF, 0xFFFF, 0xFFFF, 0xFFFF, 0xFFFF, 0xFFFF, 0xFFFF, 0xFFFF, 0xFFFF, 0xFFFF, 0xFFFF, 0xFFFF,
  0xFFFF, 0xFFFF, 0xFFFF, 0xFFFF, 0xFFFF, 0xFFFF, 0xFFFF, 0xFFFF, 0xFFFF, 0xFFFF, 0xFFFF, 0xFFFF,
  0xFFFF, 0xFFFF, 0xFFFF, 0xFFFF, 0xFFFF, 0xFFFF, 0xFFFF, 0xFFFF, 0xFFFF, 0xFFFF, 0xFFFF, 0xFFFF,
  0xFFFF, 0x8D72, 0x0262, 0x0AC5, 0x0AA4, 0x0AA4, 0x0AC5, 0x0AC5, 0x0AC5, 0x0AE5, 0x0AE5, 0x0B05,
  0x0B05, 0x0B25, 0x0B25, 0x0B46, 0x0B46, 0x0B66, 0x0B66, 0x0B86, 0x0B86, 0x0B86, 0x0BA6, 0x0BC7,
  0x0BC7, 0x0BE7, 0x0BE7, 0x0BE7, 0x0C07, 0x0C07, 0x0C07, 0x0C27, 0x0C27, 0x0C27, 0x1447, 0x1447,
  0x1467, 0x1468, 0x1468, 0x1488, 0x1487, 0x1487, 0x14A8, 0x14A8, 0x14C8, 0x0CE8, 0xBC42, 0xFC80,
  0xFD20, 0xFDA0, 0xFE20, 0xFE80, 0xF6A1, 0x3526, 0x04C8, 0x1D07, 0xD482, 0xFCA0, 0xF520, 0xFDC0,
  0xFE40, 0xFEA0, 0xEEA1, 0x3D46, 0x0CE8, 0x1D08, 0x1508, 0x1508, 0x1508, 0x1508, 0x14E8, 0x14E8,
  0x14E8, 0x14E8, 0x14E8, 0x1507, 0x14C9, 0x0336, 0x0337, 0x0336, 0x0316, 0x0316, 0x0316, 0x0316,
  0x02F6, 0x02F6, 0x02D6, 0x02D5, 0x0296, 0x03CB, 0x0BCA, 0x0275, 0x0294, 0x0274, 0x0254, 0x0233,
  0x0233, 0x0213, 0x0212, 0x09F2, 0x09F1, 0x09D1, 0x11B1, 0x1190, 0x1190, 0x116F, 0x114F, 0x196F,
  0x08AD, 0x73B4, 0xFFFF, 0xFFFF, 0xFFFF, 0xFFFF, 0xFFFF, 0xFFFF, 0xFFFF, 0xFFFF, 0xFFFF, 0xFFFF,
  0xFFFF, 0xFFFF, 0xFFFF, 0xFFFF, 0xFFFF, 0xFFFF, 0xFFFF, 0xFFFF, 0xFFFF, 0xFFFF, 0xFFFF, 0xFFFF,
  0xFFFF, 0xFFFF, 0xFFFF, 0xFFFF, 0xFFFF, 0xFFFF, 0xFFFF, 0xFFFF, 0xFFFF, 0xFFFF, 0xFFFF, 0xFFFF,
  0xFFFF, 0xFFFF, 0xFFFF, 0xFFFF, 0xFFFF, 0xFFFF, 0xFFFF, 0xFFFF, 0xFFFF, 0xFFFF, 0xFFFF, 0xFFFF,
  0xFFFF, 0xFFFF, 0xFFFF, 0xFFFF, 0xFFFF, 0xFFFF, 0xFFFF, 0xFFFF, 0xFFFF, 0xFFFF, 0xFFFF, 0xFFFF,
  0xFFFF, 0xFFFF, 0xFFFF, 0xFFFF, 0xFFFF, 0xFFFF, 0xFFFF, 0xFFFF, 0xFFFF, 0xFFFF, 0xFFFF, 0xFFFF,
  0xFFFF, 0xFFFF, 0xFFFF, 0xFFFF, 0xFFFF, 0xFFFF, 0xFFFF, 0xFFFF, 0xFFFF, 0xFFFF, 0xFFFF, 0xFFFF,
  0xFFFF, 0xFFFF, 0xFFFF, 0xFFFF, 0xFFFF, 0xFFFF, 0xFFFF, 0xFFFF, 0xFFFF, 0xFFFF, 0xFFFF, 0xFFFF,
  0xFFFF, 0xFFFF, 0xFFFF, 0xFFFF, 0xFFFF, 0xFFFF, 0xFFFF, 0xFFFF, 0xFFFF, 0xFFFF, 0xFFFF, 0xFFFF,
  0xFFFF, 0xFFFF, 0xFFFF, 0xFFFF, 0xFFFF, 0xFFFF, 0xFFFF, 0xFFFF, 0xFFFF, 0xFFFF, 0xFFFF, 0xFFFF,
  0xFFFF, 0xFFFF, 0xFFFF, 0xFFFF, 0xFFFF, 0xFFFF, 0xFFFF, 0xFFFF, 0xFFFF, 0xFFFF, 0xFFFF, 0xFFFF,
  0xFFFF, 0xFFFF, 0xFFFF, 0xFFFF, 0xFFFF, 0xFFFF, 0xFFFF, 0xFFFF, 0xFFFF, 0xFFFF, 0xFFFF, 0xFFFF,
  0xFFFF, 0xFFFF, 0xFFFF, 0xFFFF, 0xFFFF, 0xFFFF, 0xFFFF, 0xFFFF, 0xC6B9, 0x02A4, 0x0AC5, 0x0AA5,
  0x0AA5, 0x0AC5, 0x0AC5, 0x0AC5, 0x02C5, 0x0AE5, 0x0B05, 0x0B05, 0x0B25, 0x0B25, 0x0B25, 0x0B46,
  0x0B66, 0x0B66, 0x0B86, 0x0B86, 0x0B86, 0x0BA6, 0x0BA7, 0x0BC7, 0x0BE7, 0x0BE7, 0x0C07, 0x0C07,
  0x0C07, 0x0C07, 0x0C27, 0x0C27, 0x1447, 0x1448, 0x1448, 0x1467, 0x1467, 0x1488, 0x1488, 0x1488,
  0x1488, 0x1488, 0x14A8, 0x14C8, 0x1CC8, 0x0CE8, 0x1CE7, 0xD441, 0xFC80, 0xFD20, 0xFDC0, 0xFE20,
  0xFEA0, 0xDE82, 0x2D07, 0xB482, 0xFCA0, 0xFD20, 0xFDA0, 0xFE20, 0xFE80, 0xFEC0, 0x5566, 0x04E8,
  0x1D08, 0x1508, 0x1508, 0x1508, 0x1508, 0x1508, 0x1508, 0x1508, 0x1508, 0x1508, 0x14E8, 0x14E8,
  0x0BD3, 0x0338, 0x0337, 0x0337, 0x0337, 0x0337, 0x0316, 0x0316, 0x0316, 0x02F6, 0x02F6, 0x02F6,
  0x02D6, 0x0C0A, 0x0BAC, 0x0295, 0x02B4, 0x0274, 0x0254, 0x0254, 0x0233, 0x0233, 0x0213, 0x0A12,
  0x09F2, 0x09F1, 0x11D1, 0x11B1, 0x1190, 0x1170, 0x116F, 0x114F, 0x194F, 0x08CD, 0xAD79, 0xFFFF,
  0xFFFF, 0xFFFF, 0xFFFF, 0xFFFF, 0xFFFF, 0xFFFF, 0xFFFF, 0xFFFF, 0xFFFF, 0xFFFF, 0xFFFF, 0xFFFF,
  0xFFFF, 0xFFFF, 0xFFFF, 0xFFFF, 0xFFFF, 0xFFFF, 0xFFFF, 0xFFFF, 0xFFFF, 0xFFFF, 0xFFFF, 0xFFFF,
  0xFFFF, 0xFFFF, 0xFFFF, 0xFFFF, 0xFFFF, 0xFFFF, 0xFFFF, 0xFFFF, 0xFFFF, 0xFFFF, 0xFFFF, 0xFFFF,
  0xFFFF, 0xFFFF, 0xFFFF, 0xFFFF, 0xFFFF, 0xFFFF, 0xFFFF, 0xFFFF, 0xFFFF, 0xFFFF, 0xFFFF, 0xFFFF,
  0xFFFF, 0xFFFF, 0xFFFF, 0xFFFF, 0xFFFF, 0xFFFF, 0xFFFF, 0xFFFF, 0xFFFF, 0xFFFF, 0xFFFF, 0xFFFF,
  0xFFFF, 0xFFFF, 0xFFFF, 0xFFFF, 0xFFFF, 0xFFFF, 0xFFFF, 0xFFFF, 0xFFFF, 0xFFFF, 0xFFFF, 0xFFFF,
  0xFFFF, 0xFFFF, 0xFFFF, 0xFFFF, 0xFFFF, 0xFFFF, 0xFFFF, 0xFFFF, 0xFFFF, 0xFFFF, 0xFFFF, 0xFFFF,
  0xFFFF, 0xFFFF, 0xFFFF, 0xFFFF, 0xFFFF, 0xFFFF, 0xFFFF, 0xFFFF, 0xFFFF, 0xFFFF, 0xFFFF, 0xFFFF,
  0xFFFF, 0xFFFF, 0xFFFF, 0xFFFF, 0xFFFF, 0xFFFF, 0xFFFF, 0xFFFF, 0xFFFF, 0xFFFF, 0xFFFF, 0xFFFF,
  0xFFFF, 0xFFFF, 0xFFFF, 0xFFFF, 0xFFFF, 0xFFFF, 0xFFFF, 0xFFFF, 0xFFFF, 0xFFFF, 0xFFFF, 0xFFFF,
  0xFFFF, 0xFFFF, 0xFFFF, 0xFFFF, 0xFFFF, 0xFFFF, 0xFFFF, 0xFFFF, 0xFFFF, 0xFFFF, 0xFFFF, 0xFFFF,
  0xFFFF, 0xFFFF, 0xFFFF, 0xFFFF, 0xFFFF, 0xFFFF, 0xFFFF, 0xFFFF, 0xFFFF, 0xFFFF, 0xFFFF, 0xFFFF,
  0xFFFF, 0xFFFF, 0xFFFF, 0xEF9D, 0x2368, 0x02A4, 0x0AC5, 0x0AA4, 0x0AC5, 0x0AC5, 0x0AC5, 0x0AC5,
  0x0AE5, 0x0AE5, 0x0B05, 0x0B05, 0x0B25, 0x0B25, 0x0B46, 0x0B46, 0x0B66, 0x0B86, 0x0B86, 0x0BA6,
  0x0BA6, 0x0BA6, 0x0BC7, 0x0BC7, 0x0BE7, 0x0C07, 0x0C07, 0x0C07, 0x0C27, 0x0C27, 0x0C27, 0x0C47,
  0x1447, 0x1448, 0x1468, 0x1468, 0x1488, 0x1487, 0x1487, 0x1488, 0x14A8, 0x14A8, 0x14A8, 0x14C8,
  0x14C8, 0x1CC8, 0x0CE8, 0x2CE7, 0xE421, 0xFCA0, 0xFD40, 0xFDC0, 0xFE40, 0xFEC0, 0xEE41, 0xFC80,
  0xFD00, 0xFDA0, 0xFE00, 0xFE80, 0xFEC0, 0x6DC5, 0x04E8, 0x1D07, 0x1508, 0x1D08, 0x1508, 0x1508,
  0x1508, 0x1508, 0x1508, 0x1508, 0x1508, 0x1508, 0x1507, 0x0C4E, 0x0359, 0x0377, 0x0357, 0x0357,
  0x0337, 0x0337, 0x0337, 0x0337, 0x0316, 0x0316, 0x0316, 0x02F6, 0x02F6, 0x0333, 0x02D4, 0x02B5,
  0x02B5, 0x0294, 0x0274, 0x0254, 0x0254, 0x0233, 0x0233, 0x0A13, 0x0A12, 0x09F2, 0x09D1, 0x11B1,
  0x1190, 0x1190, 0x1170, 0x114F, 0x196F, 0x190E, 0x216F, 0xDEFD, 0xFFFF, 0xFFFF, 0xFFFF, 0xFFFF,
  0xFFFF, 0xFFFF, 0xFFFF, 0xFFFF, 0xFFFF, 0xFFFF, 0xFFFF, 0xFFFF, 0xFFFF, 0xFFFF, 0xFFFF, 0xFFFF,
  0xFFFF, 0xFFFF, 0xFFFF, 0xFFFF, 0xFFFF, 0xFFFF, 0xFFFF, 0xFFFF, 0xFFFF, 0xFFFF, 0xFFFF, 0xFFFF,
  0xFFFF, 0xFFFF, 0xFFFF, 0xFFFF, 0xFFFF, 0xFFFF, 0xFFFF, 0xFFFF, 0xFFFF, 0xFFFF, 0xFFFF, 0xFFFF,
  0xFFFF, 0xFFFF, 0xFFFF, 0xFFFF, 0xFFFF, 0xFFFF, 0xFFFF, 0xFFFF, 0xFFFF, 0xFFFF, 0xFFFF, 0xFFFF,
  0xFFFF, 0xFFFF, 0xFFFF, 0xFFFF, 0xFFFF, 0xFFFF, 0xFFFF, 0xFFFF, 0xFFFF, 0xFFFF, 0xFFFF, 0xFFFF,
  0xFFFF, 0xFFFF, 0xFFFF, 0xFFFF, 0xFFFF, 0xFFFF, 0xFFFF, 0xFFFF, 0xFFFF, 0xFFFF, 0xFFFF, 0xFFFF,
  0xFFFF, 0xFFFF, 0xFFFF, 0xFFFF, 0xFFFF, 0xFFFF, 0xFFFF, 0xFFFF, 0xFFFF, 0xFFFF, 0xFFFF, 0xFFFF,
  0xFFFF, 0xFFFF, 0xFFFF, 0xFFFF, 0xFFFF, 0xFFFF, 0xFFFF, 0xFFFF, 0xFFFF, 0xFFFF, 0xFFFF, 0xFFFF,
  0xFFFF, 0xFFFF, 0xFFFF, 0xFFFF, 0xFFFF, 0xFFFF, 0xFFFF, 0xFFFF, 0xFFFF, 0xFFFF, 0xFFFF, 0xFFFF,
  0xFFFF, 0xFFFF, 0xFFFF, 0xFFFF, 0xFFFF, 0xFFFF, 0xFFFF, 0xFFFF, 0xFFFF, 0xFFFF, 0xFFFF, 0xFFFF,
  0xFFFF, 0xFFFF, 0xFFFF, 0xFFFF, 0xFFFF, 0xFFFF, 0xFFFF, 0xFFFF, 0xFFFF, 0xFFFF, 0xFFFF, 0xFFFF,
  0xFFFF, 0xFFFF, 0xFFFF, 0xFFFF, 0xFFFF, 0xFFFF, 0xFFFF, 0xFFFF, 0xFFFF, 0xFFFF, 0xFFFF, 0x5C8E,
  0x0263, 0x0AC5, 0x0AA4, 0x0AA5, 0x0AC5, 0x0AC5, 0x0AC5, 0x0AE5, 0x02E5, 0x0B05, 0x0B05, 0x0B25,
  0x0B25, 0x0B46, 0x0B66, 0x0B66, 0x0B66, 0x0B86, 0x0B86, 0x0BA6, 0x0BA6, 0x0BC7, 0x0BC7, 0x0BE7,
  0x0C07, 0x0C07, 0x0C07, 0x0C27, 0x0C27, 0x0C27, 0x0C47, 0x1448, 0x1448, 0x1468, 0x1468, 0x1488,
  0x1488, 0x1488, 0x14A8, 0x14A8, 0x14A8, 0x14C8, 0x14C8, 0x14C8, 0x14E7, 0x14E8, 0x1CE7, 0x0508,
  0x44E6, 0xF441, 0xFCA0, 0xFD40, 0xFDE0, 0xFE60, 0xFEC1, 0xFE20, 0xFD60, 0xFE00, 0xFE60, 0xFEC0,
  0x8DE4, 0x04E8, 0x1D07, 0x1507, 0x1508, 0x1D08, 0x1D28, 0x1D28, 0x1528, 0x1D28, 0x1528, 0x1528,
  0x1508, 0x1508, 0x1508, 0x03B5, 0x0378, 0x0377, 0x0377, 0x0377, 0x0357, 0x0357, 0x0337, 0x0337,
  0x0337, 0x0317, 0x0316, 0x0316, 0x0316, 0x02F6, 0x02F5, 0x02D5, 0x02B5, 0x02B5, 0x0295, 0x0274,
  0x0274, 0x0254, 0x0233, 0x0213, 0x0A12, 0x0A12, 0x09F2, 0x09D1, 0x11B1, 0x1190, 0x1190, 0x116F,
  0x114F, 0x194F, 0x10CE, 0x4AB2, 0xFFFF, 0xFFFF, 0xFFFF, 0xFFFF, 0xFFFF, 0xFFFF, 0xFFFF, 0xFFFF,
  0xFFFF, 0xFFFF, 0xFFFF, 0xFFFF, 0xFFFF, 0xFFFF, 0xFFFF, 0xFFFF, 0xFFFF, 0xFFFF, 0xFFFF, 0xFFFF,
  0xFFFF, 0xFFFF, 0xFFFF, 0xFFFF, 0xFFFF, 0xFFFF, 0xFFFF, 0xFFFF, 0xFFFF, 0xFFFF, 0xFFFF, 0xFFFF,
  0xFFFF, 0xFFFF, 0xFFFF, 0xFFFF, 0xFFFF, 0xFFFF, 0xFFFF, 0xFFFF, 0xFFFF, 0xFFFF, 0xFFFF, 0xFFFF,
  0xFFFF, 0xFFFF, 0xFFFF, 0xFFFF, 0xFFFF, 0xFFFF, 0xFFFF, 0xFFFF, 0xFFFF, 0xFFFF, 0xFFFF, 0xFFFF,
  0xFFFF, 0xFFFF, 0xFFFF, 0xFFFF, 0xFFFF, 0xFFFF, 0xFFFF, 0xFFFF, 0xFFFF, 0xFFFF, 0xFFFF, 0xFFFF,
  0xFFFF, 0xFFFF, 0xFFFF, 0xFFFF, 0xFFFF, 0xFFFF, 0xFFFF, 0xFFFF, 0xFFFF, 0xFFFF, 0xFFFF, 0xFFFF,
  0xFFFF, 0xFFFF, 0xFFFF, 0xFFFF, 0xFFFF, 0xFFFF, 0xFFFF, 0xFFFF, 0xFFFF, 0xFFFF, 0xFFFF, 0xFFFF,
  0xFFFF, 0xFFFF, 0xFFFF, 0xFFFF, 0xFFFF, 0xFFFF, 0xFFFF, 0xFFFF, 0xFFFF, 0xFFFF, 0xFFFF, 0xFFFF,
  0xFFFF, 0xFFFF, 0xFFFF, 0xFFFF, 0xFFFF, 0xFFFF, 0xFFFF, 0xFFFF, 0xFFFF, 0xFFFF, 0xFFFF, 0xFFFF,
  0xFFFF, 0xFFFF, 0xFFFF, 0xFFFF, 0xFFFF, 0xFFFF, 0xFFFF, 0xFFFF, 0xFFFF, 0xFFFF, 0xFFFF, 0xFFFF,
  0xFFFF, 0xFFFF, 0xFFFF, 0xFFFF, 0xFFFF, 0xFFFF, 0xFFFF, 0xFFFF, 0xFFFF, 0xFFFF, 0xFFFF, 0xFFFF,
  0xFFFF, 0xFFFF, 0xFFFF, 0xFFFF, 0xFFFF, 0xFFFF, 0xB677, 0x0283, 0x0AC5, 0x0AA4, 0x0AC4, 0x0AC5,
  0x02C5, 0x02C5, 0x02E5, 0x0AE5, 0x0B05, 0x0B05, 0x0B25, 0x0B25, 0x0B25, 0x0B46, 0x0B66, 0x0B86,
  0x0B86, 0x0B86, 0x0BA6, 0x0BA6, 0x0BC7, 0x0BC7, 0x0BE7, 0x0C07, 0x0C07, 0x0C07, 0x0C27, 0x0C27,
  0x1427, 0x1447, 0x1447, 0x1448, 0x1468, 0x1468, 0x1488, 0x1488, 0x14A8, 0x14A8, 0x14A8, 0x14C8,
  0x14C8, 0x14C8, 0x14E8, 0x14E7, 0x14E7, 0x14E7, 0x14E7, 0x1CE7, 0x0528, 0x5CE5, 0xFC20, 0xFCC0,
  0xFD80, 0xFE20, 0xFE80, 0xFEC0, 0xFE40, 0xF660, 0xFEC0, 0xB643, 0x0D28, 0x1508, 0x1D08, 0x1528,
  0x1528, 0x1D28, 0x1D28, 0x1D28, 0x1D28, 0x1D28, 0x1D28, 0x1528, 0x1527, 0x1D28, 0x0C51, 0x0398,
  0x03B7, 0x0398, 0x0398, 0x0397, 0x0378, 0x0377, 0x0357, 0x0357, 0x0357, 0x0337, 0x0336, 0x0316,
  0x0316, 0x0316, 0x02F6, 0x02F5, 0x02D5, 0x02B5, 0x02B5, 0x0295, 0x0274, 0x0254, 0x0233, 0x0233,
  0x0213, 0x0A12, 0x09F2, 0x09D1, 0x09D1, 0x11B1, 0x1190, 0x1170, 0x116F, 0x114F, 0x194F, 0x08AD,
  0x94D7, 0xFFFF, 0xFFFF, 0xFFFF, 0xFFFF, 0xFFFF, 0xFFFF, 0xFFFF, 0xFFFF, 0xFFFF, 0xFFFF, 0xFFFF,
  0xFFFF, 0xFFFF, 0xFFFF, 0xFFFF, 0xFFFF, 0xFFFF, 0xFFFF, 0xFFFF, 0xFFFF, 0xFFFF, 0xFFFF, 0xFFFF,
  0xFFFF, 0xFFFF, 0xFFFF, 0xFFFF, 0xFFFF, 0xFFFF, 0xFFFF, 0xFFFF, 0xFFFF, 0xFFFF, 0xFFFF, 0xFFFF,
  0xFFFF, 0xFFFF, 0xFFFF, 0xFFFF, 0xFFFF, 0xFFFF, 0xFFFF, 0xFFFF, 0xFFFF, 0xFFFF, 0xFFFF, 0xFFFF,
  0xFFFF, 0xFFFF, 0xFFFF, 0xFFFF, 0xFFFF, 0xFFFF, 0xFFFF, 0xFFFF, 0xFFFF, 0xFFFF, 0xFFFF, 0xFFFF,
  0xFFFF, 0xFFFF, 0xFFFF, 0xFFFF, 0xFFFF, 0xFFFF, 0xFFFF, 0xFFFF, 0xFFFF, 0xFFFF, 0xFFFF, 0xFFFF,
  0xFFFF, 0xFFFF, 0xFFFF, 0xFFFF, 0xFFFF, 0xFFFF, 0xFFFF, 0xFFFF, 0xFFFF, 0xFFFF, 0xFFFF, 0xFFFF,
  0xFFFF, 0xFFFF, 0xFFFF, 0xFFFF, 0xFFFF, 0xFFFF, 0xFFFF, 0xFFFF, 0xFFFF, 0xFFFF, 0xFFFF, 0xFFFF,
  0xFFFF, 0xFFFF, 0xFFFF, 0xFFFF, 0xFFFF, 0xFFFF, 0xFFFF, 0xFFFF, 0xFFFF, 0xFFFF, 0xFFFF, 0xFFFF,
  0xFFFF, 0xFFFF, 0xFFFF, 0xFFFF, 0xFFFF, 0xFFFF, 0xFFFF, 0xFFFF, 0xFFFF, 0xFFFF, 0xFFFF, 0xFFFF,
  0xFFFF, 0xFFFF, 0xFFFF, 0xFFFF, 0xFFFF, 0xFFFF, 0xFFFF, 0xFFFF, 0xFFFF, 0xFFFF, 0xFFFF, 0xFFFF,
  0xFFFF, 0xFFFF, 0xFFFF, 0xFFFF, 0xFFFF, 0xFFFF, 0xFFFF, 0xFFFF, 0xFFFF, 0xFFFF, 0xFFFF, 0xFFFF,
  0xFFFF, 0xF7DE, 0x2B88, 0x0284, 0x0AC5, 0x0AC5, 0x0AC5, 0x0AC5, 0x02C5, 0x02E5, 0x02E5, 0x0B05,
  0x0B05, 0x0B25, 0x0B25, 0x0B25, 0x0B45, 0x0B46, 0x0B66, 0x0B86, 0x0B86, 0x0BA6, 0x0BC7, 0x0BC7,
  0x0BC7, 0x0BE7, 0x0BE7, 0x0C07, 0x0C07, 0x0C07, 0x0C27, 0x0C27, 0x0C47, 0x0C47, 0x1447, 0x1468,
  0x1468, 0x1488, 0x1488, 0x14A8, 0x14A8, 0x14A8, 0x14C8, 0x14C8, 0x14C8, 0x14E8, 0x14E7, 0x14E7,
  0x14E7, 0x14E7, 0x1507, 0x1508, 0x1D07, 0x0D28, 0x7CA5, 0xFC40, 0xFD00, 0xFDA0, 0xFE20, 0xFE80,
  0xFEA0, 0xFEA0, 0xC662, 0x1D47, 0x1527, 0x1D27, 0x1D28, 0x1D28, 0x1D28, 0x1D28, 0x1D28, 0x1D48,
  0x1D28, 0x1D28, 0x1D47, 0x1D27, 0x14AD, 0x0C16, 0x03B9, 0x03B8, 0x03B8, 0x0398, 0x0398, 0x0398,
  0x0398, 0x0397, 0x0377, 0x0377, 0x0377, 0x0357, 0x0337, 0x0337, 0x0336, 0x0316, 0x0316, 0x02F6,
  0x02F6, 0x02D5, 0x02B5, 0x02B5, 0x0294, 0x0274, 0x0253, 0x0233, 0x0213, 0x0A12, 0x0A12, 0x09F2,
  0x09D1, 0x09B1, 0x1190, 0x1190, 0x116F, 0x114F, 0x194F, 0x190E, 0x192E, 0xDEFD, 0xFFFF, 0xFFFF,
  0xFFFF, 0xFFFF, 0xFFFF, 0xFFFF, 0xFFFF, 0xFFFF, 0xFFFF, 0xFFFF, 0xFFFF, 0xFFFF, 0xFFFF, 0xFFFF,
  0xFFFF, 0xFFFF, 0xFFFF, 0xFFFF, 0xFFFF, 0xFFFF, 0xFFFF, 0xFFFF, 0xFFFF, 0xFFFF, 0xFFFF, 0xFFFF,
  0xFFFF, 0xFFFF, 0xFFFF, 0xFFFF, 0xFFFF, 0xFFFF, 0xFFFF, 0xFFFF, 0xFFFF, 0xFFFF, 0xFFFF, 0xFFFF,
  0xFFFF, 0xFFFF, 0xFFFF, 0xFFFF, 0xFFFF, 0xFFFF, 0xFFFF, 0xFFFF, 0xFFFF, 0xFFFF, 0xFFFF, 0xFFFF,
  0xFFFF, 0xFFFF, 0xFFFF, 0xFFFF, 0xFFFF, 0xFFFF, 0xFFFF, 0xFFFF, 0xFFFF, 0xFFFF, 0xFFFF, 0xFFFF,
  0xFFFF, 0xFFFF, 0xFFFF, 0xFFFF, 0xFFFF, 0xFFFF, 0xFFFF, 0xFFFF, 0xFFFF, 0xFFFF, 0xFFFF, 0xFFFF,
  0xFFFF, 0xFFFF, 0xFFFF, 0xFFFF, 0xFFFF, 0xFFFF, 0xFFFF, 0xFFFF, 0xFFFF, 0xFFFF, 0xFFFF, 0xFFFF,
  0xFFFF, 0xFFFF, 0xFFFF, 0xFFFF, 0xFFFF, 0xFFFF, 0xFFFF, 0xFFFF, 0xFFFF, 0xFFFF, 0xFFFF, 0xFFFF,
  0xFFFF, 0xFFFF, 0xFFFF, 0xFFFF, 0xFFFF, 0xFFFF, 0xFFFF, 0xFFFF, 0xFFFF, 0xFFFF, 0xFFFF, 0xFFFF,
  0xFFFF, 0xFFFF, 0xFFFF, 0xFFFF, 0xFFFF, 0xFFFF, 0xFFFF, 0xFFFF, 0xFFFF, 0xFFFF, 0xFFFF, 0xFFFF,
  0xFFFF, 0xFFFF, 0xFFFF, 0xFFFF, 0xFFFF, 0xFFFF, 0xFFFF, 0xFFFF, 0xFFFF, 0xFFFF, 0xFFFF, 0xFFFF,
  0xFFFF, 0xFFFF, 0xFFFF, 0xFFFF, 0xFFFF, 0xFFFF, 0xFFFF, 0xFFFF, 0xFFFF, 0x7D31, 0x0263, 0x0AC5,
  0x0AC5, 0x0AC5, 0x0AC5, 0x02C5, 0x02E5, 0x0AE5, 0x0305, 0x0B05, 0x0B26, 0x0B46, 0x0B46, 0x0B46,
  0x0B46, 0x0B66, 0x0B86, 0x0B86, 0x0BA6, 0x0BC7, 0x0BC7, 0x0BC7, 0x0BC7, 0x0BE7, 0x0C07, 0x0C07,
  0x0C07, 0x0C27, 0x0C27, 0x0C47, 0x0C47, 0x1468, 0x1468, 0x1488, 0x1488, 0x1488, 0x14A8, 0x14A8,
  0x14C8, 0x14C8, 0x14C8, 0x14E8, 0x14E8, 0x14E8, 0x14E7, 0x14E7, 0x14E7, 0x1507, 0x1507, 0x1508,
  0x1508, 0x1508, 0x1D48, 0xE461, 0xFC80, 0xFD20, 0xFDC0, 0xFE40, 0xFEA0, 0xFEC0, 0x55A5, 0x04E7,
  0x1C8C, 0x1471, 0x1D67, 0x1D48, 0x1D48, 0x1D48, 0x1D28, 0x1D48, 0x1D48, 0x1D47, 0x14EB, 0x0C34,
  0x0BD9, 0x0BD9, 0x0BF8, 0x0BD8, 0x03D8, 0x03B8, 0x03B8, 0x03B8, 0x03B8, 0x0398, 0x0398, 0x0397,
  0x0377, 0x0377, 0x0357, 0x0357, 0x0337, 0x0337, 0x0316, 0x0316, 0x02F6, 0x02F6, 0x02F5, 0x02B5,
  0x02B5, 0x0294, 0x0274, 0x0253, 0x0233, 0x0213, 0x0A12, 0x09F2, 0x09F1, 0x09D1, 0x11B1, 0x1190,
  0x1170, 0x116F, 0x114F, 0x194F, 0x08AD, 0x5AF3, 0xFFFF, 0xFFFF, 0xFFFF, 0xFFFF, 0xFFFF, 0xFFFF,
  0xFFFF, 0xFFFF, 0xFFFF, 0xFFFF, 0xFFFF, 0xFFFF, 0xFFFF, 0xFFFF, 0xFFFF, 0xFFFF, 0xFFFF, 0xFFFF,
  0xFFFF, 0xFFFF, 0xFFFF, 0xFFFF, 0xFFFF, 0xFFFF, 0xFFFF, 0xFFFF, 0xFFFF, 0xFFFF, 0xFFFF, 0xFFFF,
  0xFFFF, 0xFFFF, 0xFFFF, 0xFFFF, 0xFFFF, 0xFFFF, 0xFFFF, 0xFFFF, 0xFFFF, 0xFFFF, 0xFFFF, 0xFFFF,
  0xFFFF, 0xFFFF, 0xFFFF, 0xFFFF, 0xFFFF, 0xFFFF, 0xFFFF, 0xFFFF, 0xFFFF, 0xFFFF, 0xFFFF, 0xFFFF,
  0xFFFF, 0xFFFF, 0xFFFF, 0xFFFF, 0xFFFF, 0xFFFF, 0xFFFF, 0xFFFF, 0xFFFF, 0xFFFF, 0xFFFF, 0xFFFF,
  0xFFFF, 0xFFFF, 0xFFFF, 0xFFFF, 0xFFFF, 0xFFFF, 0xFFFF, 0xFFFF, 0xFFFF, 0xFFFF, 0xFFFF, 0xFFFF,
  0xFFFF, 0xFFFF, 0xFFFF, 0xFFFF, 0xFFFF, 0xFFFF, 0xFFFF, 0xFFFF, 0xFFFF, 0xFFFF, 0xFFFF, 0xFFFF,
  0xFFFF, 0xFFFF, 0xFFFF, 0xFFFF, 0xFFFF, 0xFFFF, 0xFFFF, 0xFFFF, 0xFFFF, 0xFFFF, 0xFFFF, 0xFFFF,
  0xFFFF, 0xFFFF, 0xFFFF, 0xFFFF, 0xFFFF, 0xFFFF, 0xFFFF, 0xFFFF, 0xFFFF, 0xFFFF, 0xFFFF, 0xFFFF,
  0xFFFF, 0xFFFF, 0xFFFF, 0xFFFF, 0xFFFF, 0xFFFF, 0xFFFF, 0xFFFF, 0xFFFF, 0xFFFF, 0xFFFF, 0xFFFF,
  0xFFFF, 0xFFFF, 0xFFFF, 0xFFFF, 0xFFFF, 0xFFFF, 0xFFFF, 0xFFFF, 0xFFFF, 0xFFFF, 0xFFFF, 0xFFFF,
  0xFFFF, 0xFFFF, 0xFFFF, 0xFFFF, 0xD71B, 0x0AC5, 0x0AC4, 0x0AC5, 0x0AC5, 0x0AC5, 0x0AC5, 0x0AE5,
  0x0AE5, 0x0AE5, 0x0B05, 0x0B25, 0x0B26, 0x0B46, 0x0B46, 0x0B66, 0x0B66, 0x0B86, 0x0B86, 0x0BA6,
  0x0BA7, 0x0BC7, 0x0BC7, 0x0BE7, 0x0BE7, 0x0C07, 0x0C07, 0x0C07, 0x0C27, 0x0C27, 0x0C47, 0x1447,
  0x1467, 0x1468, 0x1488, 0x1488, 0x1488, 0x14A8, 0x14A8, 0x14A8, 0x14C8, 0x14C8, 0x14E8, 0x14E8,
  0x14E8, 0x14E8, 0x14E7, 0x1507, 0x1507, 0x1507, 0x1507, 0x1508, 0x1508, 0x0548, 0xACC3, 0xFC80,
  0xF460, 0xFC80, 0xFD60, 0xFDE0, 0xFE60, 0xFEC0, 0xDE81, 0x244F, 0x03B8, 0x0BD9, 0x14CF, 0x1D67,
  0x1D47, 0x1D48, 0x1D48, 0x1D48, 0x1D67, 0x1CEE, 0x0C19, 0x0BF9, 0x0BF8, 0x0BF8, 0x0BF8, 0x0BF8,
  0x0BD8, 0x0BD8, 0x0BD8, 0x0BD8, 0x03B8, 0x03B8, 0x03B8, 0x0398, 0x0398, 0x0397, 0x0377, 0x0377,
  0x0357, 0x0337, 0x0337, 0x0316, 0x0316, 0x0316, 0x02F6, 0x02D5, 0x02B5, 0x0294, 0x0274, 0x0254,
  0x0253, 0x0233, 0x0A12, 0x0A12, 0x09F2, 0x09D1, 0x11B1, 0x1190, 0x1190, 0x116F, 0x114F, 0x112F,
  0x192F, 0x08AD, 0xAD99, 0xFFFF, 0xFFFF, 0xFFFF, 0xFFFF, 0xFFFF, 0xFFFF, 0xFFFF, 0xFFFF, 0xFFFF,
  0xFFFF, 0xFFFF, 0xFFFF, 0xFFFF, 0xFFFF, 0xFFFF, 0xFFFF, 0xFFFF, 0xFFFF, 0xFFFF, 0xFFFF, 0xFFFF,
  0xFFFF, 0xFFFF, 0xFFFF, 0xFFFF, 0xFFFF, 0xFFFF, 0xFFFF, 0xFFFF, 0xFFFF, 0xFFFF, 0xFFFF, 0xFFFF,
  0xFFFF, 0xFFFF, 0xFFFF, 0xFFFF, 0xFFFF, 0xFFFF, 0xFFFF, 0xFFFF, 0xFFFF, 0xFFFF, 0xFFFF, 0xFFFF,
  0xFFFF, 0xFFFF, 0xFFFF, 0xFFFF, 0xFFFF, 0xFFFF, 0xFFFF, 0xFFFF, 0xFFFF, 0xFFFF, 0xFFFF, 0xFFFF,
  0xFFFF, 0xFFFF, 0xFFFF, 0xFFFF, 0xFFFF, 0xFFFF, 0xFFFF, 0xFFFF, 0xFFFF, 0xFFFF, 0xFFFF, 0xFFFF,
  0xFFFF, 0xFFFF, 0xFFFF, 0xFFFF, 0xFFFF, 0xFFFF, 0xFFFF, 0xFFFF, 0xFFFF, 0xFFFF, 0xFFFF, 0xFFFF,
  0xFFFF, 0xFFFF, 0xFFFF, 0xFFFF, 0xFFFF, 0xFFFF, 0xFFFF, 0xFFFF, 0xFFFF, 0xFFFF, 0xFFFF, 0xFFFF,
  0xFFFF, 0xFFFF, 0xFFFF, 0xFFFF, 0xFFFF, 0xFFFF, 0xFFFF, 0xFFFF, 0xFFFF, 0xFFFF, 0xFFFF, 0xFFFF,
  0xFFFF, 0xFFFF, 0xFFFF, 0xFFFF, 0xFFFF, 0xFFFF, 0xFFFF, 0xFFFF, 0xFFFF, 0xFFFF, 0xFFFF, 0xFFFF,
  0xFFFF, 0xFFFF, 0xFFFF, 0xFFFF, 0xFFFF, 0xFFFF, 0xFFFF, 0xFFFF, 0xFFFF, 0xFFFF, 0xFFFF, 0xFFFF,
  0xFFFF, 0xFFFF, 0xFFFF, 0xFFFF, 0xFFFF, 0xFFFF, 0xFFFF, 0xFFFF, 0xFFFF, 0xFFFF, 0xFFFF, 0xFFFF,
  0x544C, 0x0263, 0x0AC5, 0x0AC5, 0x0AC5, 0x0AC5, 0x0AC5, 0x0AE5, 0x0AE5, 0x0B05, 0x0B25, 0x0B46,
  0x0B46, 0x0B46, 0x0B66, 0x0B66, 0x0B86, 0x0B86, 0x0BA6, 0x0BA7, 0x0BC7, 0x0BC7, 0x0BC7, 0x0BE7,
  0x0BE7, 0x0C07, 0x0C07, 0x0C07, 0x0C27, 0x0C47, 0x1447, 0x1447, 0x1467, 0x1468, 0x1488, 0x1488,
  0x1488, 0x14A8, 0x14A8, 0x14A8, 0x14C8, 0x14E8, 0x14E8, 0x1508, 0x1508, 0x1508, 0x1507, 0x1507,
  0x1507, 0x1507, 0x1507, 0x1508, 0x0548, 0x7CC4, 0xFC40, 0xFCE0, 0xFD60, 0xFC80, 0xFCA0, 0xFD80,
  0xFE00, 0xFE40, 0xFEA0, 0xC5C6, 0x0C16, 0x0418, 0x13FA, 0x1493, 0x1D48, 0x1D66, 0x1D67, 0x1D67,
  0x1D0B, 0x1418, 0x1419, 0x1418, 0x1418, 0x1419, 0x1419, 0x1419, 0x0BF9, 0x0BF8, 0x0BF8, 0x0BF8,
  0x0BD8, 0x0BD8, 0x03D8, 0x03B8, 0x0398, 0x0398, 0x0398, 0x0377, 0x0377, 0x0357, 0x0357, 0x0337,
  0x0316, 0x0316, 0x02F6, 0x02D5, 0x02B5, 0x02B5, 0x0294, 0x0274, 0x0254, 0x0233, 0x0A13, 0x0A12,
  0x0A12, 0x09F2, 0x11D1, 0x11B1, 0x1190, 0x1170, 0x116F, 0x114F, 0x194F, 0x10EE, 0x31F0, 0xF79E,
  0xFFFF, 0xFFFF, 0xFFFF, 0xFFFF, 0xFFFF, 0xFFFF, 0xFFFF, 0xFFFF, 0xFFFF, 0xFFFF, 0xFFFF, 0xFFFF,
  0xFFFF, 0xFFFF, 0xFFFF, 0xFFFF, 0xFFFF, 0xFFFF, 0xFFFF, 0xFFFF, 0xFFFF, 0xFFFF, 0xFFFF, 0xFFFF,
  0xFFFF, 0xFFFF, 0xFFFF, 0xFFFF, 0xFFFF, 0xFFFF, 0xFFFF, 0xFFFF, 0xFFFF, 0xFFFF, 0xFFFF, 0xFFFF,
  0xFFFF, 0xFFFF, 0xFFFF, 0xFFFF, 0xFFFF, 0xFFFF, 0xFFFF, 0xFFFF, 0xFFFF, 0xFFFF, 0xFFFF, 0xFFFF,
  0xFFFF, 0xFFFF, 0xFFFF, 0xFFFF, 0xFFFF, 0xFFFF, 0xFFFF, 0xFFFF, 0xFFFF, 0xFFFF, 0xFFFF, 0xFFFF,
  0xFFFF, 0xFFFF, 0xFFFF, 0xFFFF, 0xFFFF, 0xFFFF, 0xFFFF, 0xFFFF, 0xFFFF, 0xFFFF, 0xFFFF, 0xFFFF,
  0xFFFF, 0xFFFF, 0xFFFF, 0xFFFF, 0xFFFF, 0xFFFF, 0xFFFF, 0xFFFF, 0xFFFF, 0xFFFF, 0xFFFF, 0xFFFF,
  0xFFFF, 0xFFFF, 0xFFFF, 0xFFFF, 0xFFFF, 0xFFFF, 0xFFFF, 0xFFFF, 0xFFFF, 0xFFFF, 0xFFFF, 0xFFFF,
  0xFFFF, 0xFFFF, 0xFFFF, 0xFFFF, 0xFFFF, 0xFFFF, 0xFFFF, 0xFFFF, 0xFFFF, 0xFFFF, 0xFFFF, 0xFFFF,
  0xFFFF, 0xFFFF, 0xFFFF, 0xFFFF, 0xFFFF, 0xFFFF, 0xFFFF, 0xFFFF, 0xFFFF, 0xFFFF, 0xFFFF, 0xFFFF,
  0xFFFF, 0xFFFF, 0xFFFF, 0xFFFF, 0xFFFF, 0xFFFF, 0xFFFF, 0xFFFF, 0xFFFF, 0xFFFF, 0xFFFF, 0xFFFF,
  0xFFFF, 0xFFFF, 0xFFFF, 0xFFFF, 0xFFFF, 0xFFFF, 0xFFFF, 0xBE98, 0x0283, 0x0AC5, 0x0AC5, 0x0AC5,
  0x0AC5, 0x0AE5, 0x0AE5, 0x0AE5, 0x0B05, 0x0B25, 0x0B25, 0x0B46, 0x0B46, 0x0B46, 0x0B66, 0x0B86,
  0x0B86, 0x0BA6, 0x0BA7, 0x0BA7, 0x0BC7, 0x0BC7, 0x0BE7, 0x0BE7, 0x0C07, 0x0C07, 0x0C07, 0x0C27,
  0x0C27, 0x0C47, 0x1447, 0x1467, 0x1468, 0x1488, 0x1488, 0x1488, 0x14A8, 0x14A8, 0x14C8, 0x14C8,
  0x14C8, 0x14E8, 0x1508, 0x1508, 0x1508, 0x1508, 0x1507, 0x1507, 0x1507, 0x1507, 0x1507, 0x0528,
  0x4D05, 0xFC40, 0xFCA0, 0xFD40, 0xFE00, 0xFE00, 0xFCA0, 0xFCE0, 0xFD80, 0xFDE0, 0xF660, 0xFEE0,
  0xA626, 0x04ED, 0x1472, 0x0BFA, 0x1436, 0x14D0, 0x1D0D, 0x1CEE, 0x1437, 0x1419, 0x1438, 0x1419,
  0x1419, 0x1419, 0x1419, 0x1419, 0x1419, 0x13F9, 0x13F9, 0x0BF8, 0x0BF8, 0x0BD8, 0x0BD8, 0x03D8,
  0x03B8, 0x03B8, 0x0398, 0x0398, 0x0377, 0x0377, 0x0357, 0x0337, 0x0337, 0x0316, 0x0316, 0x02F6,
  0x02D5, 0x02B5, 0x0294, 0x0294, 0x0274, 0x0253, 0x0A33, 0x0A13, 0x0A12, 0x09F2, 0x09D1, 0x11B1,
  0x11B0, 0x1190, 0x1170, 0x114F, 0x114F, 0x194F, 0x088D, 0x94B7, 0xFFFF, 0xFFFF, 0xFFFF, 0xFFFF,
  0xFFFF, 0xFFFF, 0xFFFF, 0xFFFF, 0xFFFF, 0xFFFF, 0xFFFF, 0xFFFF, 0xFFFF, 0xFFFF, 0xFFFF, 0xFFFF,
  0xFFFF, 0xFFFF, 0xFFFF, 0xFFFF, 0xFFFF, 0xFFFF, 0xFFFF, 0xFFFF, 0xFFFF, 0xFFFF, 0xFFFF, 0xFFFF,
  0xFFFF, 0xFFFF, 0xFFFF, 0xFFFF, 0xFFFF, 0xFFFF, 0xFFFF, 0xFFFF, 0xFFFF, 0xFFFF, 0xFFFF, 0xFFFF,
  0xFFFF, 0xFFFF, 0xFFFF, 0xFFFF, 0xFFFF, 0xFFFF, 0xFFFF, 0xFFFF, 0xFFFF, 0xFFFF, 0xFFFF, 0xFFFF,
  0xFFFF, 0xFFFF, 0xFFFF, 0xFFFF, 0xFFFF, 0xFFFF, 0xFFFF, 0xFFFF, 0xFFFF, 0xFFFF, 0xFFFF, 0xFFFF,
  0xFFFF, 0xFFFF, 0xFFFF, 0xFFFF, 0xFFFF, 0xFFFF, 0xFFFF, 0xFFFF, 0xFFFF, 0xFFFF, 0xFFFF, 0xFFFF,
  0xFFFF, 0xFFFF, 0xFFFF, 0xFFFF, 0xFFFF, 0xFFFF, 0xFFFF, 0xFFFF, 0xFFFF, 0xFFFF, 0xFFFF, 0xFFFF,
  0xFFFF, 0xFFFF, 0xFFFF, 0xFFFF, 0xFFFF, 0xFFFF, 0xFFFF, 0xFFFF, 0xFFFF, 0xFFFF, 0xFFFF, 0xFFFF,
  0xFFFF, 0xFFFF, 0xFFFF, 0xFFFF, 0xFFFF, 0xFFFF, 0xFFFF, 0xFFFF, 0xFFFF, 0xFFFF, 0xFFFF, 0xFFFF,
  0xFFFF, 0xFFFF, 0xFFFF, 0xFFFF, 0xFFFF, 0xFFFF, 0xFFFF, 0xFFFF, 0xFFFF, 0xFFFF, 0xFFFF, 0xFFFF,
  0xFFFF, 0xFFFF, 0xFFFF, 0xFFFF, 0xFFFF, 0xFFFF, 0xFFFF, 0xFFFF, 0xFFFF, 0xFFFF, 0xFFFF, 0xFFFF,
  0xFFFF, 0xFFFF, 0xFFFF, 0x43EB, 0x0263, 0x0AC5, 0x0AC5, 0x0AC5, 0x0AE5, 0x0AE5, 0x0B05, 0x0B05,
  0x0B05, 0x0B25, 0x0B26, 0x0B46, 0x0B46, 0x0B46, 0x0B66, 0x0B86, 0x0B86, 0x0BA6, 0x0BA7, 0x0BC7,
  0x0BC7, 0x0BC7, 0x0BE7, 0x0BE7, 0x0C07, 0x0C07, 0x0C07, 0x0C27, 0x0C47, 0x0C47, 0x1467, 0x1468,
  0x1468, 0x1488, 0x1488, 0x1488, 0x14A8, 0x14C8, 0x14C8, 0x14E8, 0x14E8, 0x1508, 0x1508, 0x1508,
  0x1508, 0x1508, 0x1508, 0x1507, 0x1507, 0x1507, 0x0D08, 0x2D06, 0xEC60, 0xFCA0, 0xF520, 0xFDC0,
  0xFE20, 0xFEC0, 0xDDE1, 0xF461, 0xFCE0, 0xFDA0, 0xFE20, 0xFE81, 0xFEE0, 0x8622, 0x0527, 0x1455,
  0x1419, 0x143A, 0x145A, 0x143A, 0x1439, 0x1439, 0x1439, 0x1439, 0x1439, 0x1439, 0x1419, 0x1419,
  0x1419, 0x1419, 0x1419, 0x13F8, 0x0BF8, 0x0BD8, 0x0BD8, 0x0BD8, 0x03D8, 0x03D8, 0x03B8, 0x0398,
  0x0398, 0x0377, 0x0357, 0x0337, 0x0337, 0x0337, 0x0316, 0x0316, 0x02F6, 0x02D5, 0x02B4, 0x0294,
  0x0274, 0x0254, 0x0253, 0x0A33, 0x0A13, 0x0A12, 0x09F2, 0x09D1, 0x11B1, 0x1190, 0x1170, 0x116F,
  0x114F, 0x192F, 0x10EE, 0x31B0, 0xF79E, 0xFFFF, 0xFFFF, 0xFFFF, 0xFFFF, 0xFFFF, 0xFFFF, 0xFFFF,
  0xFFFF, 0xFFFF, 0xFFFF, 0xFFFF, 0xFFFF, 0xFFFF, 0xFFFF, 0xFFFF, 0xFFFF, 0xFFFF, 0xFFFF, 0xFFFF,
  0xFFFF, 0xFFFF, 0xFFFF, 0xFFFF, 0xFFFF, 0xFFFF, 0xFFFF, 0xFFFF, 0xFFFF, 0xFFFF, 0xFFFF, 0xFFFF,
  0xFFFF, 0xFFFF, 0xFFFF, 0xFFFF, 0xFFFF, 0xFFFF, 0xFFFF, 0xFFFF, 0xFFFF, 0xFFFF, 0xFFFF, 0xFFFF,
  0xFFFF, 0xFFFF, 0xFFFF, 0xFFFF, 0xFFFF, 0xFFFF, 0xFFFF, 0xFFFF, 0xFFFF, 0xFFFF, 0xFFFF, 0xFFFF,
  0xFFFF, 0xFFFF, 0xFFFF, 0xFFFF, 0xFFFF, 0xFFFF, 0xFFFF, 0xFFFF, 0xFFFF, 0xFFFF, 0xFFFF, 0xFFFF,
  0xFFFF, 0xFFFF, 0xFFFF, 0xFFFF, 0xFFFF, 0xFFFF, 0xFFFF, 0xFFFF, 0xFFFF, 0xFFFF, 0xFFFF, 0xFFFF,
  0xFFFF, 0xFFFF, 0xFFFF, 0xFFFF, 0xFFFF, 0xFFFF, 0xFFFF, 0xFFFF, 0xFFFF, 0xFFFF, 0xFFFF, 0xFFFF,
  0xFFFF, 0xFFFF, 0xFFFF, 0xFFFF, 0xFFFF, 0xFFFF, 0xFFFF, 0xFFFF, 0xFFFF, 0xFFFF, 0xFFFF, 0xFFFF,
  0xFFFF, 0xFFFF, 0xFFFF, 0xFFFF, 0xFFFF, 0xFFFF, 0xFFFF, 0xFFFF, 0xFFFF, 0xFFFF, 0xFFFF, 0xFFFF,
  0xFFFF, 0xFFFF, 0xFFFF, 0xFFFF, 0xFFFF, 0xFFFF, 0xFFFF, 0xFFFF, 0xFFFF, 0xFFFF, 0xFFFF, 0xFFFF,
  0xFFFF, 0xFFFF, 0xFFFF, 0xFFFF, 0xFFFF, 0xFFFF, 0xFFFF, 0xFFFF, 0xFFFF, 0xFFFF, 0xC6B9, 0x02A4,
  0x0AC5, 0x0AC5, 0x0AC5, 0x0AC5, 0x0AE5, 0x0B05, 0x0B05, 0x0B05, 0x0B25, 0x0B26, 0x0B46, 0x0B46,
  0x0B46, 0x0B66, 0x0B66, 0x0B86, 0x0BA6, 0x0BA7, 0x0BC7, 0x0BC7, 0x0BC7, 0x0BE7, 0x0BE7, 0x0C07,
  0x0C07, 0x0C07, 0x0C27, 0x0C27, 0x0C47, 0x1468, 0x1468, 0x1488, 0x1488, 0x1488, 0x14A8, 0x14A8,
  0x14C8, 0x14C8, 0x14E8, 0x14E8, 0x1508, 0x1508, 0x1508, 0x1508, 0x1508, 0x1508, 0x1508, 0x1508,
  0x1508, 0x1528, 0x1527, 0xCC62, 0xFC80, 0xFD20, 0xFDA0, 0xFE00, 0xFE80, 0xE681, 0x25A7, 0x74C4,
  0xFC40, 0xFD20, 0xFDC0, 0xFE40, 0xFEA0, 0xFEC0, 0x55A5, 0x0455, 0x1C39, 0x1459, 0x1459, 0x1459,
  0x1459, 0x1C59, 0x1C59, 0x1459, 0x1439, 0x1439, 0x1439, 0x1439, 0x1439, 0x1419, 0x1419, 0x1419,
  0x13F9, 0x13F8, 0x0BF8, 0x0BD8, 0x0BD8, 0x03D8, 0x03B8, 0x03B8, 0x0398, 0x0377, 0x0377, 0x0357,
  0x0357, 0x0337, 0x0336, 0x0316, 0x0AF6, 0x02D5, 0x02B5, 0x0294, 0x0294, 0x0274, 0x0253, 0x0A33,
  0x0A33, 0x0A12, 0x09F2, 0x09D1, 0x09B1, 0x11B1, 0x1190, 0x116F, 0x114F, 0x112F, 0x192E, 0x088D,
  0x9D18, 0xFFFF, 0xFFFF, 0xFFFF, 0xFFFF, 0xFFFF, 0xFFFF, 0xFFFF, 0xFFFF, 0xFFFF, 0xFFFF, 0xFFFF,
  0xFFFF, 0xFFFF, 0xFFFF, 0xFFFF, 0xFFFF, 0xFFFF, 0xFFFF, 0xFFFF, 0xFFFF, 0xFFFF, 0xFFFF, 0xFFFF,
  0xFFFF, 0xFFFF, 0xFFFF, 0xFFFF, 0xFFFF, 0xFFFF, 0xFFFF, 0xFFFF, 0xFFFF, 0xFFFF, 0xFFFF, 0xFFFF,
  0xFFFF, 0xFFFF, 0xFFFF, 0xFFFF, 0xFFFF, 0xFFFF, 0xFFFF, 0xFFFF, 0xFFFF, 0xFFFF, 0xFFFF, 0xFFFF,
  0xFFFF, 0xFFFF, 0xFFFF, 0xFFFF, 0xFFFF, 0xFFFF, 0xFFFF, 0xFFFF, 0xFFFF, 0xFFFF, 0xFFFF, 0xFFFF,
  0xFFFF, 0xFFFF, 0xFFFF, 0xFFFF, 0xFFFF, 0xFFFF, 0xFFFF, 0xFFFF, 0xFFFF, 0xFFFF, 0xFFFF, 0xFFFF,
  0xFFFF, 0xFFFF, 0xFFFF, 0xFFFF, 0xFFFF, 0xFFFF, 0xFFFF, 0xFFFF, 0xFFFF, 0xFFFF, 0xFFFF, 0xFFFF,
  0xFFFF, 0xFFFF, 0xFFFF, 0xFFFF, 0xFFFF, 0xFFFF, 0xFFFF, 0xFFFF, 0xFFFF, 0xFFFF, 0xFFFF, 0xFFFF,
  0xFFFF, 0xFFFF, 0xFFFF, 0xFFFF, 0xFFFF, 0xFFFF, 0xFFFF, 0xFFFF, 0xFFFF, 0xFFFF, 0xFFFF, 0xFFFF,
  0xFFFF, 0xFFFF, 0xFFFF, 0xFFFF, 0xFFFF, 0xFFFF, 0xFFFF, 0xFFFF, 0xFFFF, 0xFFFF, 0xFFFF, 0xFFFF,
  0xFFFF, 0xFFFF, 0xFFFF, 0xFFFF, 0xFFFF, 0xFFFF, 0xFFFF, 0xFFFF, 0xFFFF, 0xFFFF, 0xFFFF, 0xFFFF,
  0xFFFF, 0xFFFF, 0xFFFF, 0xFFFF, 0xFFFF, 0xFFFF, 0x5C8E, 0x0283, 0x0AC5, 0x0AC5, 0x0AC5, 0x0AC5,
  0x0AE5, 0x0B05, 0x0B05, 0x0B25, 0x0B25, 0x0B46, 0x0B46, 0x0B46, 0x0B66, 0x0B66, 0x0B66, 0x0B86,
  0x0BA6, 0x0BA7, 0x0BC7, 0x0BC7, 0x0BE7, 0x0BE7, 0x0C07, 0x0C07, 0x0C07, 0x0C07, 0x0C27, 0x0C47,
  0x0C68, 0x1468, 0x1488, 0x1488, 0x1488, 0x14A8, 0x14A8, 0x14C8, 0x14C8, 0x14E8, 0x14E8, 0x1508,
  0x1508, 0x1508, 0x1508, 0x1508, 0x1508, 0x1508, 0x1528, 0x1528, 0x1D28, 0x0548, 0xA4A3, 0xFC60,
  0xF500, 0xFDA0, 0xFE00, 0xFE60, 0xF680, 0x4DA6, 0x0D28, 0x0D48, 0xA483, 0xFC80, 0xFD40, 0xFDC0,
  0xFE40, 0xFEA0, 0xEEA1, 0x3496, 0x0C3B, 0x1C79, 0x1C59, 0x1C79, 0x1C79, 0x1C59, 0x1C5A, 0x1C5A,
  0x1C5A, 0x1C5A, 0x1C59, 0x1439, 0x1C39, 0x1439, 0x1439, 0x1419, 0x1419, 0x1419, 0x13F8, 0x0BF8,
  0x0BD8, 0x0BD8, 0x03D8, 0x03B8, 0x0398, 0x0398, 0x0377, 0x0357, 0x0357, 0x0337, 0x0337, 0x0316,
  0x02F6, 0x02D5, 0x02D5, 0x02B5, 0x0294, 0x0274, 0x0274, 0x0253, 0x0A33, 0x0A12, 0x09F2, 0x09D1,
  0x09B1, 0x11B1, 0x1190, 0x1170, 0x114F, 0x114F, 0x192E, 0x10CE, 0x39F0, 0xF7BF, 0xFFFF, 0xFFFF,
  0xFFFF, 0xFFFF, 0xFFFF, 0xFFFF, 0xFFFF, 0xFFFF, 0xFFFF, 0xFFFF, 0xFFFF, 0xFFFF, 0xFFFF, 0xFFFF,
  0xFFFF, 0xFFFF, 0xFFFF, 0xFFFF, 0xFFFF, 0xFFFF, 0xFFFF, 0xFFFF, 0xFFFF, 0xFFFF, 0xFFFF, 0xFFFF,
  0xFFFF, 0xFFFF, 0xFFFF, 0xFFFF, 0xFFFF, 0xFFFF, 0xFFFF, 0xFFFF, 0xFFFF, 0xFFFF, 0xFFFF, 0xFFFF,
  0xFFFF, 0xFFFF, 0xFFFF, 0xFFFF, 0xFFFF, 0xFFFF, 0xFFFF, 0xFFFF, 0xFFFF, 0xFFFF, 0xFFFF, 0xFFFF,
  0xFFFF, 0xFFFF, 0xFFFF, 0xFFFF, 0xFFFF, 0xFFFF, 0xFFFF, 0xFFFF, 0xFFFF, 0xFFFF, 0xFFFF, 0xFFFF,
  0xFFFF, 0xFFFF, 0xFFFF, 0xFFFF, 0xFFFF, 0xFFFF, 0xFFFF, 0xFFFF, 0xFFFF, 0xFFFF, 0xFFFF, 0xFFFF,
  0xFFFF, 0xFFFF, 0xFFFF, 0xFFFF, 0xFFFF, 0xFFFF, 0xFFFF, 0xFFFF, 0xFFFF, 0xFFFF, 0xFFFF, 0xFFFF,
  0xFFFF, 0xFFFF, 0xFFFF, 0xFFFF, 0xFFFF, 0xFFFF, 0xFFFF, 0xFFFF, 0xFFFF, 0xFFFF, 0xFFFF, 0xFFFF,
  0xFFFF, 0xFFFF, 0xFFFF, 0xFFFF, 0xFFFF, 0xFFFF, 0xFFFF, 0xFFFF, 0xFFFF, 0xFFFF, 0xFFFF, 0xFFFF,
  0xFFFF, 0xFFFF, 0xFFFF, 0xFFFF, 0xFFFF, 0xFFFF, 0xFFFF, 0xFFFF, 0xFFFF, 0xFFFF, 0xFFFF, 0xFFFF,
  0xFFFF, 0xFFFF, 0xFFFF, 0xFFFF, 0xFFFF, 0xFFFF, 0xFFFF, 0xFFFF, 0xFFFF, 0xFFFF, 0xFFFF, 0xFFFF,
  0xFFFF, 0xCEFA, 0x0AC4, 0x0AC5, 0x0AC5, 0x0AC5, 0x0AC5, 0x0AE5, 0x0AE5, 0x0B05, 0x0B25, 0x0B25,
  0x0B26, 0x0B46, 0x0B46, 0x0B66, 0x0B66, 0x0B86, 0x0B86, 0x0B86, 0x0BA6, 0x0BC7, 0x0BC7, 0x0BC7,
  0x0BE7, 0x0BE7, 0x0C07, 0x0C07, 0x0C07, 0x0C27, 0x0C47, 0x0C47, 0x0C68, 0x1488, 0x1488, 0x14A8,
  0x14A8, 0x14A8, 0x14C8, 0x14C8, 0x14E8, 0x14E8, 0x1508, 0x1508, 0x1508, 0x1508, 0x1508, 0x1508,
  0x1508, 0x1508, 0x1528, 0x1D28, 0x0548, 0x7D04, 0xFC40, 0xF4C0, 0xFD60, 0xFE00, 0xFE60, 0xFEA0,
  0x6DA5, 0x0528, 0x1D48, 0x1548, 0x1548, 0xCC62, 0xFCA0, 0xFD60, 0xFDE0, 0xFE40, 0xFEA0, 0xD645,
  0x1C99, 0x145A, 0x1C79, 0x1C79, 0x1C79, 0x1C79, 0x1C7A, 0x1C7A, 0x1C7A, 0x1C7A, 0x1C7A, 0x1C5A,
  0x1C5A, 0x1C5A, 0x145A, 0x1439, 0x1439, 0x1419, 0x1419, 0x13F9, 0x0BF9, 0x0BF8, 0x0BD8, 0x03B8,
  0x03B8, 0x0398, 0x0377, 0x0377, 0x0357, 0x0357, 0x0337, 0x0316, 0x0316, 0x02F6, 0x02D5, 0x02D5,
  0x02B5, 0x0294, 0x0274, 0x0253, 0x0233, 0x0A12, 0x09F2, 0x09F2, 0x09D1, 0x11B1, 0x11B1, 0x1190,
  0x1170, 0x114F, 0x112F, 0x192F, 0x08AD, 0x9D18, 0xFFFF, 0xFFFF, 0xFFFF, 0xFFFF, 0xFFFF, 0xFFFF,
  0xFFFF, 0xFFFF, 0xFFFF, 0xFFFF, 0xFFFF, 0xFFFF, 0xFFFF, 0xFFFF, 0xFFFF, 0xFFFF, 0xFFFF, 0xFFFF,
  0xFFFF, 0xFFFF, 0xFFFF, 0xFFFF, 0xFFFF, 0xFFFF, 0xFFFF, 0xFFFF, 0xFFFF, 0xFFFF, 0xFFFF, 0xFFFF,
  0xFFFF, 0xFFFF, 0xFFFF, 0xFFFF, 0xFFFF, 0xFFFF, 0xFFFF, 0xFFFF, 0xFFFF, 0xFFFF, 0xFFFF, 0xFFFF,
  0xFFFF, 0xFFFF, 0xFFFF, 0xFFFF, 0xFFFF, 0xFFFF, 0xFFFF, 0xFFFF, 0xFFFF, 0xFFFF, 0xFFFF, 0xFFFF,
  0xFFFF, 0xFFFF, 0xFFFF, 0xFFFF, 0xFFFF, 0xFFFF, 0xFFFF, 0xFFFF, 0xFFFF, 0xFFFF, 0xFFFF, 0xFFFF,
  0xFFFF, 0xFFFF, 0xFFFF, 0xFFFF, 0xFFFF, 0xFFFF, 0xFFFF, 0xFFFF, 0xFFFF, 0xFFFF, 0xFFFF, 0xFFFF,
  0xFFFF, 0xFFFF, 0xFFFF, 0xFFFF, 0xFFFF, 0xFFFF, 0xFFFF, 0xFFFF, 0xFFFF, 0xFFFF, 0xFFFF, 0xFFFF,
  0xFFFF, 0xFFFF, 0xFFFF, 0xFFFF, 0xFFFF, 0xFFFF, 0xFFFF, 0xFFFF, 0xFFFF, 0xFFFF, 0xFFFF, 0xFFFF,
  0xFFFF, 0xFFFF, 0xFFFF, 0xFFFF, 0xFFFF, 0xFFFF, 0xFFFF, 0xFFFF, 0xFFFF, 0xFFFF, 0xFFFF, 0xFFFF,
  0xFFFF, 0xFFFF, 0xFFFF, 0xFFFF, 0xFFFF, 0xFFFF, 0xFFFF, 0xFFFF, 0xFFFF, 0xFFFF, 0xFFFF, 0xFFFF,
  0xFFFF, 0xFFFF, 0xFFFF, 0xFFFF, 0xFFFF, 0xFFFF, 0xFFFF, 0xFFFF, 0xFFFF, 0x6CCF, 0x0283, 0x0AE5,
  0x0AC5, 0x0AC5, 0x0AE5, 0x0AE5, 0x0B05, 0x0B05, 0x0B25, 0x0B25, 0x0B46, 0x0B46, 0x0B46, 0x0B66,
  0x0B86, 0x0B86, 0x0B86, 0x0BA6, 0x0BA7, 0x0BC7, 0x0BC7, 0x0BE7, 0x0BE7, 0x0BE7, 0x0C07, 0x0C07,
  0x0C27, 0x0C27, 0x0C47, 0x0C47, 0x0C67, 0x1488, 0x14A8, 0x14A8, 0x14A8, 0x14C8, 0x14C8, 0x14E8,
  0x14E8, 0x14E8, 0x1508, 0x1508, 0x1508, 0x1508, 0x1508, 0x1508, 0x1507, 0x1508, 0x1D28, 0x0D48,
  0x4D25, 0xFC60, 0xFCC0, 0xFD40, 0xFDC0, 0xFE40, 0xFEC0, 0x9E24, 0x0528, 0x1D48, 0x1D48, 0x1D48,
  0x1548, 0x2D47, 0xE460, 0xFCC0, 0xFD60, 0xFDE0, 0xFE60, 0xFEC0, 0xB608, 0x0C5B, 0x1C79, 0x1C99,
  0x1C9A, 0x1C9A, 0x1C9A, 0x1C9A, 0x1C9A, 0x1C7A, 0x1C7A, 0x1C7A, 0x1C7A, 0x1C5A, 0x1C5A, 0x145A,
  0x1439, 0x1439, 0x1439, 0x1419, 0x1419, 0x0BF9, 0x0BF8, 0x03D8, 0x03B8, 0x0398, 0x0398, 0x0377,
  0x0357, 0x0357, 0x0337, 0x0336, 0x0316, 0x02F6, 0x02F6, 0x02D5, 0x02B5, 0x0294, 0x0274, 0x0254,
  0x0233, 0x0A13, 0x0A12, 0x09F2, 0x09D1, 0x09B1, 0x11B1, 0x1190, 0x1170, 0x114F, 0x114F, 0x192F,
  0x10CE, 0x4231, 0xFFDF, 0xFFFF, 0xFFFF, 0xFFFF, 0xFFFF, 0xFFFF, 0xFFFF, 0xFFFF, 0xFFFF, 0xFFFF,
  0xFFFF, 0xFFFF, 0xFFFF, 0xFFFF, 0xFFFF, 0xFFFF, 0xFFFF, 0xFFFF, 0xFFFF, 0xFFFF, 0xFFFF, 0xFFFF,
  0xFFFF, 0xFFFF, 0xFFFF, 0xFFFF, 0xFFFF, 0xFFFF, 0xFFFF, 0xFFFF, 0xFFFF, 0xFFFF, 0xFFFF, 0xFFFF,
  0xFFFF, 0xFFFF, 0xFFFF, 0xFFFF, 0xFFFF, 0xFFFF, 0xFFFF, 0xFFFF, 0xFFFF, 0xFFFF, 0xFFFF, 0xFFFF,
  0xFFFF, 0xFFFF, 0xFFFF, 0xFFFF, 0xFFFF, 0xFFFF, 0xFFFF, 0xFFFF, 0xFFFF, 0xFFFF, 0xFFFF, 0xFFFF,
  0xFFFF, 0xFFFF, 0xFFFF, 0xFFFF, 0xFFFF, 0xFFFF, 0xFFFF, 0xFFFF, 0xFFFF, 0xFFFF, 0xFFFF, 0xFFFF,
  0xFFFF, 0xFFFF, 0xFFFF, 0xFFFF, 0xFFFF, 0xFFFF, 0xFFFF, 0xFFFF, 0xFFFF, 0xFFFF, 0xFFFF, 0xFFFF,
  0xFFFF, 0xFFFF, 0xFFFF, 0xFFFF, 0xFFFF, 0xFFFF, 0xFFFF, 0xFFFF, 0xFFFF, 0xFFFF, 0xFFFF, 0xFFFF,
  0xFFFF, 0xFFFF, 0xFFFF, 0xFFFF, 0xFFFF, 0xFFFF, 0xFFFF, 0xFFFF, 0xFFFF, 0xFFFF, 0xFFFF, 0xFFFF,
  0xFFFF, 0xFFFF, 0xFFFF, 0xFFFF, 0xFFFF, 0xFFFF, 0xFFFF, 0xFFFF, 0xFFFF, 0xFFFF, 0xFFFF, 0xFFFF,
  0xFFFF, 0xFFFF, 0xFFFF, 0xFFFF, 0xFFFF, 0xFFFF, 0xFFFF, 0xFFFF, 0xFFFF, 0xFFFF, 0xFFFF, 0xFFFF,
  0xFFFF, 0xFFFF, 0xFFFF, 0xFFFF, 0xE77D, 0x1B06, 0x0AC4, 0x0AC5, 0x0AC5, 0x0AE5, 0x0AE5, 0x0B05,
  0x0B05, 0x0B05, 0x0B25, 0x0B26, 0x0B46, 0x0B46, 0x0B66, 0x0B66, 0x0B86, 0x0B86, 0x0B86, 0x0BA6,
  0x0BC7, 0x0BC7, 0x0BC7, 0x0BE7, 0x0BE7, 0x0C07, 0x0C07, 0x0C27, 0x0C27, 0x0C47, 0x0C47, 0x0C47,
  0x0C67, 0x1488, 0x14A8, 0x14A8, 0x14A8, 0x14C8, 0x14C8, 0x14E8, 0x14E8, 0x14E8, 0x1508, 0x14E8,
  0x1508, 0x1508, 0x1508, 0x1528, 0x1508, 0x1D28, 0x1528, 0x2D47, 0xE461, 0xFCA0, 0xFD40, 0xFDE0,
  0xFE40, 0xFEA0, 0xC662, 0x0D48, 0x1D48, 0x1D48, 0x1D48, 0x1D48, 0x1D48, 0x0D68, 0x5506, 0xFC60,
  0xFCE0, 0xFD80, 0xFE00, 0xFE61, 0xFEE0, 0x8DAC, 0x0C7C, 0x24B9, 0x1CBA, 0x1CBA, 0x1CBA, 0x1C9A,
  0x1C9A, 0x1C9A, 0x1C9A, 0x1C7A, 0x1C7A, 0x1C7A, 0x1C7A, 0x1C5A, 0x1C5A, 0x1439, 0x1439, 0x1439,
  0x1419, 0x13F9, 0x0BF9, 0x0BD8, 0x03B8, 0x03B8, 0x0398, 0x0398, 0x0377, 0x0357, 0x0337, 0x0336,
  0x0316, 0x0316, 0x02F6, 0x02D5, 0x02B5, 0x0294, 0x0274, 0x0274, 0x0253, 0x0A33, 0x0A12, 0x09F2,
  0x09D1, 0x09B1, 0x11B1, 0x1190, 0x1170, 0x1170, 0x114F, 0x192F, 0x192F, 0x10CE, 0xBDDA, 0xFFFF,
  0xFFFF, 0xFFFF, 0xFFFF, 0xFFFF, 0xFFFF, 0xFFFF, 0xFFFF, 0xFFFF, 0xFFFF, 0xFFFF, 0xFFFF, 0xFFFF,
  0xFFFF, 0xFFFF, 0xFFFF, 0xFFFF, 0xFFFF, 0xFFFF, 0xFFFF, 0xFFFF, 0xFFFF, 0xFFFF, 0xFFFF, 0xFFFF,
  0xFFFF, 0xFFFF, 0xFFFF, 0xFFFF, 0xFFFF, 0xFFFF, 0xFFFF, 0xFFFF, 0xFFFF, 0xFFFF, 0xFFFF, 0xFFFF,
  0xFFFF, 0xFFFF, 0xFFFF, 0xFFFF, 0xFFFF, 0xFFFF, 0xFFFF, 0xFFFF, 0xFFFF, 0xFFFF, 0xFFFF, 0xFFFF,
  0xFFFF, 0xFFFF, 0xFFFF, 0xFFFF, 0xFFFF, 0xFFFF, 0xFFFF, 0xFFFF, 0xFFFF, 0xFFFF, 0xFFFF, 0xFFFF,
  0xFFFF, 0xFFFF, 0xFFFF, 0xFFFF, 0xFFFF, 0xFFFF, 0xFFFF, 0xFFFF, 0xFFFF, 0xFFFF, 0xFFFF, 0xFFFF,
  0xFFFF, 0xFFFF, 0xFFFF, 0xFFFF, 0xFFFF, 0xFFFF, 0xFFFF, 0xFFFF, 0xFFFF, 0xFFFF, 0xFFFF, 0xFFFF,
  0xFFFF, 0xFFFF, 0xFFFF, 0xFFFF, 0xFFFF, 0xFFFF, 0xFFFF, 0xFFFF, 0xFFFF, 0xFFFF, 0xFFFF, 0xFFFF,
  0xFFFF, 0xFFFF, 0xFFFF, 0xFFFF, 0xFFFF, 0xFFFF, 0xFFFF, 0xFFFF, 0xFFFF, 0xFFFF, 0xFFFF, 0xFFFF,
  0xFFFF, 0xFFFF, 0xFFFF, 0xFFFF, 0xFFFF, 0xFFFF, 0xFFFF, 0xFFFF, 0xFFFF, 0xFFFF, 0xFFFF, 0xFFFF,
  0xFFFF, 0xFFFF, 0xFFFF, 0xFFFF, 0xFFFF, 0xFFFF, 0xFFFF, 0xFFFF, 0xFFFF, 0xFFFF, 0xFFFF, 0xFFFF,
  0x8D93, 0x0283, 0x0AE5, 0x0AC5, 0x0AE5, 0x0AE5, 0x0AE5, 0x0B05, 0x0B05, 0x0B05, 0x0B26, 0x0B26,
  0x0B46, 0x0B46, 0x0B66, 0x0B86, 0x0B86, 0x0B86, 0x0BA6, 0x0BA7, 0x0BC7, 0x0BC7, 0x0BC7, 0x0BE7,
  0x0BE7, 0x0C07, 0x0C07, 0x0C27, 0x0C27, 0x0C47, 0x0C48, 0x0C68, 0x1468, 0x1488, 0x14A8, 0x14C8,
  0x14C8, 0x14C8, 0x14E8, 0x14E8, 0x1508, 0x1508, 0x1508, 0x1508, 0x1508, 0x1508, 0x1508, 0x1528,
  0x1528, 0x1528, 0x0D48, 0xBC82, 0xFC80, 0xFD20, 0xFDC0, 0xFE20, 0xFEA0, 0xEE81, 0x2D87, 0x1548,
  0x1D48, 0x1D48, 0x1D48, 0x1D48, 0x1D48, 0x1D48, 0x0D88, 0x7D05, 0xFC40, 0xFCE0, 0xFDA0, 0xFE20,
  0xFE60, 0xFEA0, 0x6552, 0x0C9C, 0x24DA, 0x1CDA, 0x1CDA, 0x1CDA, 0x1CBA, 0x1CBA, 0x1C9A, 0x1C9A,
  0x1C9A, 0x1C7A, 0x1C7A, 0x1C7A, 0x1C5A, 0x1C59, 0x1439, 0x143A, 0x141A, 0x1419, 0x0BF8, 0x0BD8,
  0x0BD8, 0x03B8, 0x03B8, 0x0398, 0x0377, 0x0357, 0x0357, 0x0337, 0x0336, 0x0316, 0x02F6, 0x02D6,
  0x02B5, 0x0294, 0x0274, 0x0274, 0x0253, 0x0233, 0x0A13, 0x09F2, 0x09F2, 0x09D1, 0x11B1, 0x1191,
  0x1170, 0x1170, 0x114F, 0x192F, 0x192F, 0x08AD, 0x5B13, 0xFFFF, 0xFFFF, 0xFFFF, 0xFFFF, 0xFFFF,
  0xFFFF, 0xFFFF, 0xFFFF, 0xFFFF, 0xFFFF, 0xFFFF, 0xFFFF, 0xFFFF, 0xFFFF, 0xFFFF, 0xFFFF, 0xFFFF,
  0xFFFF, 0xFFFF, 0xFFFF, 0xFFFF, 0xFFFF, 0xFFFF, 0xFFFF, 0xFFFF, 0xFFFF, 0xFFFF, 0xFFFF, 0xFFFF,
  0xFFFF, 0xFFFF, 0xFFFF, 0xFFFF, 0xFFFF, 0xFFFF, 0xFFFF, 0xFFFF, 0xFFFF, 0xFFFF, 0xFFFF, 0xFFFF,
  0xFFFF, 0xFFFF, 0xFFFF, 0xFFFF, 0xFFFF, 0xFFFF, 0xFFFF, 0xFFFF, 0xFFFF, 0xFFFF, 0xFFFF, 0xFFFF,
  0xFFFF, 0xFFFF, 0xFFFF, 0xFFFF, 0xFFFF, 0xFFFF, 0xFFFF, 0xFFFF, 0xFFFF, 0xFFFF, 0xFFFF, 0xFFFF,
  0xFFFF, 0xFFFF, 0xFFFF, 0xFFFF, 0xFFFF, 0xFFFF, 0xFFFF, 0xFFFF, 0xFFFF, 0xFFFF, 0xFFFF, 0xFFFF,
  0xFFFF, 0xFFFF, 0xFFFF, 0xFFFF, 0xFFFF, 0xFFFF, 0xFFFF, 0xFFFF, 0xFFFF, 0xFFFF, 0xFFFF, 0xFFFF,
  0xFFFF, 0xFFFF, 0xFFFF, 0xFFFF, 0xFFFF, 0xFFFF, 0xFFFF, 0xFFFF, 0xFFFF, 0xFFFF, 0xFFFF, 0xFFFF,
  0xFFFF, 0xFFFF, 0xFFFF, 0xFFFF, 0xFFFF, 0xFFFF, 0xFFFF, 0xFFFF, 0xFFFF, 0xFFFF, 0xFFFF, 0xFFFF,
  0xFFFF, 0xFFFF, 0xFFFF, 0xFFFF, 0xFFFF, 0xFFFF, 0xFFFF, 0xFFFF, 0xFFFF, 0xFFFF, 0xFFFF, 0xFFFF,
  0xFFFF, 0xFFFF, 0xFFFF, 0xFFFF, 0xFFFF, 0xFFFF, 0xFFFF, 0xFFFF, 0x33C9, 0x02A4, 0x0AE5, 0x0AE5,
  0x0AE5, 0x0AE5, 0x0AE5, 0x0B05, 0x0B05, 0x0305, 0x0326, 0x0326, 0x0346, 0x0B46, 0x0B66, 0x0B86,
  0x0B86, 0x0BA6, 0x0BA7, 0x0BC7, 0x0BC7, 0x0BE7, 0x0BE7, 0x0BE7, 0x0C07, 0x0C07, 0x0C07, 0x0C27,
  0x0C27, 0x1447, 0x1468, 0x1468, 0x1488, 0x1488, 0x14A8, 0x14C8, 0x14C8, 0x14E8, 0x1508, 0x1508,
  0x1508, 0x1508, 0x1508, 0x1508, 0x1508, 0x1508, 0x1508, 0x1528, 0x1D28, 0x0568, 0x8CC3, 0xFC40,
  0xFD00, 0xFDA0, 0xFE00, 0xFE60, 0xFEA0, 0x55A6, 0x0D48, 0x2548, 0x1D48, 0x1D48, 0x1D68, 0x1D68,
  0x1D68, 0x1D68, 0x1D48, 0x0DA8, 0xACA3, 0xFC60, 0xFD20, 0xFDA0, 0xFE00, 0xFE80, 0xF6A1, 0x4537,
  0x14DC, 0x24FA, 0x24DB, 0x24FB, 0x24DB, 0x24DA, 0x24BA, 0x1CBA, 0x1C9A, 0x1C9A, 0x1C9A, 0x1C7A,
  0x1C7A, 0x1C59, 0x1C5A, 0x1459, 0x1CCF, 0x1474, 0x0BDA, 0x0BF8, 0x0BD8, 0x0BD8, 0x03B8, 0x0398,
  0x0377, 0x0377, 0x0357, 0x0337, 0x0337, 0x0316, 0x0316, 0x0AF6, 0x02D5, 0x02B5, 0x0294, 0x0274,
  0x0254, 0x0253, 0x0A33, 0x0A12, 0x09F2, 0x09D1, 0x09B1, 0x1190, 0x1170, 0x1170, 0x114F, 0x112F,
  0x190E, 0x18EE, 0x212F, 0xE71D, 0xFFFF, 0xFFFF, 0xFFFF, 0xFFFF, 0xFFFF, 0xFFFF, 0xFFFF, 0xFFFF,
  0xFFFF, 0xFFFF, 0xFFFF, 0xFFFF, 0xFFFF, 0xFFFF, 0xFFFF, 0xFFFF, 0xFFFF, 0xFFFF, 0xFFFF, 0xFFFF,
  0xFFFF, 0xFFFF, 0xFFFF, 0xFFFF, 0xFFFF, 0xFFFF, 0xFFFF, 0xFFFF, 0xFFFF, 0xFFFF, 0xFFFF, 0xFFFF,
  0xFFFF, 0xFFFF, 0xFFFF, 0xFFFF, 0xFFFF, 0xFFFF, 0xFFFF, 0xFFFF, 0xFFFF, 0xFFFF, 0xFFFF, 0xFFFF,
  0xFFFF, 0xFFFF, 0xFFFF, 0xFFFF, 0xFFFF, 0xFFFF, 0xFFFF, 0xFFFF, 0xFFFF, 0xFFFF, 0xFFFF, 0xFFFF,
  0xFFFF, 0xFFFF, 0xFFFF, 0xFFFF, 0xFFFF, 0xFFFF, 0xFFFF, 0xFFFF, 0xFFFF, 0xFFFF, 0xFFFF, 0xFFFF,
  0xFFFF, 0xFFFF, 0xFFFF, 0xFFFF, 0xFFFF, 0xFFFF, 0xFFFF, 0xFFFF, 0xFFFF, 0xFFFF, 0xFFFF, 0xFFFF,
  0xFFFF, 0xFFFF, 0xFFFF, 0xFFFF, 0xFFFF, 0xFFFF, 0xFFFF, 0xFFFF, 0xFFFF, 0xFFFF, 0xFFFF, 0xFFFF,
  0xFFFF, 0xFFFF, 0xFFFF, 0xFFFF, 0xFFFF, 0xFFFF, 0xFFFF, 0xFFFF, 0xFFFF, 0xFFFF, 0xFFFF, 0xFFFF,
  0xFFFF, 0xFFFF, 0xFFFF, 0xFFFF, 0xFFFF, 0xFFFF, 0xFFFF, 0xFFFF, 0xFFFF, 0xFFFF, 0xFFFF, 0xFFFF,
  0xFFFF, 0xFFFF, 0xFFFF, 0xFFFF, 0xFFFF, 0xFFFF, 0xFFFF, 0xFFFF, 0xFFFF, 0xFFFF, 0xFFFF, 0xFFFF,
  0xFFFF, 0xFFFF, 0xFFFF, 0xCED9, 0x02C4, 0x0AE5, 0x0AE5, 0x0AE5, 0x0AE5, 0x0AE5, 0x0B05, 0x0B05,
  0x0B05, 0x0B25, 0x0B46, 0x0B46, 0x0B66, 0x0B66, 0x0B66, 0x0B86, 0x0BA6, 0x0BA7, 0x0BA7, 0x0BC7,
  0x0BC7, 0x0BE7, 0x0BE7, 0x0BE7, 0x0C07, 0x0C07, 0x0C27, 0x0C27, 0x0C47, 0x1447, 0x1468, 0x1468,
  0x1488, 0x14A8, 0x14A8, 0x14C8, 0x14E8, 0x14E8, 0x1508, 0x1508, 0x1508, 0x1508, 0x1508, 0x1508,
  0x1508, 0x1508, 0x1528, 0x1D28, 0x0548, 0x5505, 0xFC40, 0xFCC0, 0xFD60, 0xFE00, 0xFE60, 0xFEC0,
  0x85E4, 0x0528, 0x1D48, 0x1D48, 0x1D68, 0x1D68, 0x1D68, 0x1D68, 0x1D68, 0x1D68, 0x1D68, 0x1D88,
  0x2588, 0xD462, 0xFC80, 0xFD20, 0xFDA0, 0xFE40, 0xFEC0, 0xD685, 0x251B, 0x1CFB, 0x251B, 0x251B,
  0x24FB, 0x24FB, 0x24DB, 0x24BA, 0x24BA, 0x1CBA, 0x1CBA, 0x1C9A, 0x1C7A, 0x1C7A, 0x1C97, 0x1D49,
  0x1D66, 0x1D0B, 0x1438, 0x0BF9, 0x0BF8, 0x0BF8, 0x03D8, 0x0398, 0x0398, 0x0377, 0x0357, 0x0357,
  0x0337, 0x0336, 0x0316, 0x0AF6, 0x02D5, 0x02B5, 0x0294, 0x0274, 0x0254, 0x0253, 0x0233, 0x0A12,
  0x09F2, 0x09D1, 0x09B1, 0x1190, 0x1170, 0x1170, 0x114F, 0x112F, 0x190E, 0x192E, 0x088D, 0x9CF8,
  0xFFFF, 0xFFFF, 0xFFFF, 0xFFFF, 0xFFFF, 0xFFFF, 0xFFFF, 0xFFFF, 0xFFFF, 0xFFFF, 0xFFFF, 0xFFFF,
  0xFFFF, 0xFFFF, 0xFFFF, 0xFFFF, 0xFFFF, 0xFFFF, 0xFFFF, 0xFFFF, 0xFFFF, 0xFFFF, 0xFFFF, 0xFFFF,
  0xFFFF, 0xFFFF, 0xFFFF, 0xFFFF, 0xFFFF, 0xFFFF, 0xFFFF, 0xFFFF, 0xFFFF, 0xFFFF, 0xFFFF, 0xFFFF,
  0xFFFF, 0xFFFF, 0xFFFF, 0xFFFF, 0xFFFF, 0xFFFF, 0xFFFF, 0xFFFF, 0xFFFF, 0xFFFF, 0xFFFF, 0xFFFF,
  0xFFFF, 0xFFFF, 0xFFFF, 0xFFFF, 0xFFFF, 0xFFFF, 0xFFFF, 0xFFFF, 0xFFFF, 0xFFFF, 0xFFFF, 0xFFFF,
  0xFFFF, 0xFFFF, 0xFFFF, 0xFFFF, 0xFFFF, 0xFFFF, 0xFFFF, 0xFFFF, 0xFFFF, 0xFFFF, 0xFFFF, 0xFFFF,
  0xFFFF, 0xFFFF, 0xFFFF, 0xFFFF, 0xFFFF, 0xFFFF, 0xFFFF, 0xFFFF, 0xFFFF, 0xFFFF, 0xFFFF, 0xFFFF,
  0xFFFF, 0xFFFF, 0xFFFF, 0xFFFF, 0xFFFF, 0xFFFF, 0xFFFF, 0xFFFF, 0xFFFF, 0xFFFF, 0xFFFF, 0xFFFF,
  0xFFFF, 0xFFFF, 0xFFFF, 0xFFFF, 0xFFFF, 0xFFFF, 0xFFFF, 0xFFFF, 0xFFFF, 0xFFFF, 0xFFFF, 0xFFFF,
  0xFFFF, 0xFFFF, 0xFFFF, 0xFFFF, 0xFFFF, 0xFFFF, 0xFFFF, 0xFFFF, 0xFFFF, 0xFFFF, 0xFFFF, 0xFFFF,
  0xFFFF, 0xFFFF, 0xFFFF, 0xFFFF, 0xFFFF, 0xFFFF, 0xFFFF, 0xFFFF, 0xFFFF, 0xFFFF, 0xFFFF, 0x7D31,
  0x0283, 0x0AE5, 0x0AE5, 0x0AE5, 0x0AE5, 0x0B05, 0x0B05, 0x0B05, 0x0B25, 0x0B26, 0x0B46, 0x0B66,
  0x0B66, 0x0B86, 0x0B86, 0x0BA6, 0x0BA7, 0x0BA7, 0x0BC7, 0x0BC7, 0x0BE7, 0x0BE7, 0x0BE7, 0x0C07,
  0x0C07, 0x0C07, 0x0C27, 0x0C27, 0x0C47, 0x1467, 0x1468, 0x1468, 0x1488, 0x14A8, 0x14C8, 0x14C8,
  0x14E8, 0x14E8, 0x1508, 0x1508, 0x1508, 0x1508, 0x1508, 0x1508, 0x1508, 0x1508, 0x1D28, 0x0D48,
  0x2D26, 0xEC40, 0xFCA0, 0xFD40, 0xFDC0, 0xFE40, 0xFEC0, 0xB643, 0x0D48, 0x1D48, 0x1D48, 0x1D68,
  0x1D68, 0x1D68, 0x1D68, 0x1D68, 0x1D68, 0x1D68, 0x1D68, 0x2568, 0x1589, 0x3567, 0xEC41, 0xFCA0,
  0xFD40, 0xFDE0, 0xFE61, 0xFEE0, 0xAE0A, 0x14FD, 0x253B, 0x253B, 0x251B, 0x24FB, 0x24FB, 0x24DB,
  0x24DB, 0x24DB, 0x1CBA, 0x1CBA, 0x1C9A, 0x1C7B, 0x14B7, 0x1D67, 0x1D68, 0x1D87, 0x1D0C, 0x1419,
  0x0C18, 0x0BF8, 0x0BD8, 0x03B8, 0x0398, 0x0377, 0x0377, 0x0357, 0x0337, 0x0337, 0x0316, 0x02F6,
  0x02D5, 0x02B5, 0x0294, 0x0274, 0x0254, 0x0253, 0x0233, 0x0A12, 0x09F2, 0x09D2, 0x09B1, 0x1190,
  0x1190, 0x1170, 0x1170, 0x194F, 0x192E, 0x192E, 0x08AD, 0x52D2, 0xFFFF, 0xFFFF, 0xFFFF, 0xFFFF,
  0xFFFF, 0xFFFF, 0xFFFF, 0xFFFF, 0xFFFF, 0xFFFF, 0xFFFF, 0xFFFF, 0xFFFF, 0xFFFF, 0xFFFF, 0xFFFF,
  0xFFFF, 0xFFFF, 0xFFFF, 0xFFFF, 0xFFFF, 0xFFFF, 0xFFFF, 0xFFFF, 0xFFFF, 0xFFFF, 0xFFFF, 0xFFFF,
  0xFFFF, 0xFFFF, 0xFFFF, 0xFFFF, 0xFFFF, 0xFFFF, 0xFFFF, 0xFFFF, 0xFFFF, 0xFFFF, 0xFFFF, 0xFFFF,
  0xFFFF, 0xFFFF, 0xFFFF, 0xFFFF, 0xFFFF, 0xFFFF, 0xFFFF, 0xFFFF, 0xFFFF, 0xFFFF, 0xFFFF, 0xFFFF,
  0xFFFF, 0xFFFF, 0xFFFF, 0xFFFF, 0xFFFF, 0xFFFF, 0xFFFF, 0xFFFF, 0xFFFF, 0xFFFF, 0xFFFF, 0xFFFF,
  0xFFFF, 0xFFFF, 0xFFFF, 0xFFFF, 0xFFFF, 0xFFFF, 0xFFFF, 0xFFFF, 0xFFFF, 0xFFFF, 0xFFFF, 0xFFFF,
  0xFFFF, 0xFFFF, 0xFFFF, 0xFFFF, 0xFFFF, 0xFFFF, 0xFFFF, 0xFFFF, 0xFFFF, 0xFFFF, 0xFFFF, 0xFFFF,
  0xFFFF, 0xFFFF, 0xFFFF, 0xFFFF, 0xFFFF, 0xFFFF, 0xFFFF, 0xFFFF, 0xFFFF, 0xFFFF, 0xFFFF, 0xFFFF,
  0xFFFF, 0xFFFF, 0xFFFF, 0xFFFF, 0xFFFF, 0xFFFF, 0xFFFF, 0xFFFF, 0xFFFF, 0xFFFF, 0xFFFF, 0xFFFF,
  0xFFFF, 0xFFFF, 0xFFFF, 0xFFFF, 0xFFFF, 0xFFFF, 0xFFFF, 0xFFFF, 0xFFFF, 0xFFFF, 0xFFFF, 0xFFFF,
  0xFFFF, 0xFFFF, 0xFFFF, 0xFFFF, 0xFFFF, 0xFFFF, 0xFFDF, 0x33A9, 0x02A4, 0x0AE5, 0x0AE5, 0x0AE5,
  0x0AE5, 0x0B05, 0x0B05, 0x0B25, 0x0B26, 0x0B46, 0x0B46, 0x0B66, 0x0B66, 0x0B86, 0x0B86, 0x0BA6,
  0x0BA7, 0x0BC7, 0x0BC7, 0x0BC7, 0x0BE7, 0x0BE7, 0x0C07, 0x0C07, 0x0C07, 0x0C27, 0x0C27, 0x0C27,
  0x1447, 0x1467, 0x1468, 0x1488, 0x1488, 0x14A8, 0x14A8, 0x14C8, 0x14E8, 0x1508, 0x1508, 0x1508,
  0x1508, 0x1508, 0x1508, 0x1508, 0x1D28, 0x1D28, 0x1547, 0x0D48, 0xCCA2, 0xFCA0, 0xF520, 0xFDA0,
  0xFE00, 0xFEA0, 0xDE82, 0x1D67, 0x1568, 0x1D68, 0x1D48, 0x1D68, 0x1D68, 0x1D68, 0x1D68, 0x1D68,
  0x1D68, 0x1D68, 0x1D68, 0x1D68, 0x2568, 0x0DA8, 0x6526, 0xFC40, 0xFCE0, 0xFD80, 0xFE20, 0xFE80,
  0xFEE0, 0x7DF0, 0x151E, 0x2D5B, 0x253C, 0x253B, 0x251B, 0x251B, 0x24FB, 0x24FB, 0x24DB, 0x1CBA,
  0x1CBA, 0x1C9B, 0x1CB5, 0x1D47, 0x1D68, 0x1D87, 0x1CF0, 0x141A, 0x1418, 0x0BF8, 0x0BD8, 0x03B8,
  0x03B8, 0x0398, 0x0377, 0x0357, 0x0337, 0x0337, 0x0316, 0x0316, 0x0AF6, 0x02B5, 0x02B5, 0x0294,
  0x0274, 0x0253, 0x0233, 0x0A12, 0x09F2, 0x09F2, 0x09D1, 0x11B1, 0x1190, 0x1170, 0x1170, 0x114F,
  0x192F, 0x190E, 0x190E, 0x212E, 0xDEFD, 0xFFFF, 0xFFFF, 0xFFFF, 0xFFFF, 0xFFFF, 0xFFFF, 0xFFFF,
  0xFFFF, 0xFFFF, 0xFFFF, 0xFFFF, 0xFFFF, 0xFFFF, 0xFFFF, 0xFFFF, 0xFFFF, 0xFFFF, 0xFFFF, 0xFFFF,
  0xFFFF, 0xFFFF, 0xFFFF, 0xFFFF, 0xFFFF, 0xFFFF, 0xFFFF, 0xFFFF, 0xFFFF, 0xFFFF, 0xFFFF, 0xFFFF,
  0xFFFF, 0xFFFF, 0xFFFF, 0xFFFF, 0xFFFF, 0xFFFF, 0xFFFF, 0xFFFF, 0xFFFF, 0xFFFF, 0xFFFF, 0xFFFF,
  0xFFFF, 0xFFFF, 0xFFFF, 0xFFFF, 0xFFFF, 0xFFFF, 0xFFFF, 0xFFFF, 0xFFFF, 0xFFFF, 0xFFFF, 0xFFFF,
  0xFFFF, 0xFFFF, 0xFFFF, 0xFFFF, 0xFFFF, 0xFFFF, 0xFFFF, 0xFFFF, 0xFFFF, 0xFFFF, 0xFFFF, 0xFFFF,
  0xFFFF, 0xFFFF, 0xFFFF, 0xFFFF, 0xFFFF, 0xFFFF, 0xFFFF, 0xFFFF, 0xFFFF, 0xFFFF, 0xFFFF, 0xFFFF,
  0xFFFF, 0xFFFF, 0xFFFF, 0xFFFF, 0xFFFF, 0xFFFF, 0xFFFF, 0xFFFF, 0xFFFF, 0xFFFF, 0xFFFF, 0xFFFF,
  0xFFFF, 0xFFFF, 0xFFFF, 0xFFFF, 0xFFFF, 0xFFFF, 0xFFFF, 0xFFFF, 0xFFFF, 0xFFFF, 0xFFFF, 0xFFFF,
  0xFFFF, 0xFFFF, 0xFFFF, 0xFFFF, 0xFFFF, 0xFFFF, 0xFFFF, 0xFFFF, 0xFFFF, 0xFFFF, 0xFFFF, 0xFFFF,
  0xFFFF, 0xFFFF, 0xFFFF, 0xFFFF, 0xFFFF, 0xFFFF, 0xFFFF, 0xFFFF, 0xFFFF, 0xFFFF, 0xFFFF, 0xFFFF,
  0xFFFF, 0xFFFF, 0xCEDA, 0x0AC5, 0x0AC5, 0x0AC5, 0x0AE5, 0x0AE5, 0x0B05, 0x0B05, 0x0B25, 0x0B26,
  0x0B46, 0x0B46, 0x0B46, 0x0B66, 0x0B86, 0x0B86, 0x0BA6, 0x0BA7, 0x0BC7, 0x0BC7, 0x0BC7, 0x0BE7,
  0x0BE7, 0x0C07, 0x0C07, 0x0C07, 0x0C27, 0x0C27, 0x0C27, 0x0C47, 0x1447, 0x1467, 0x1467, 0x1488,
  0x1488, 0x14A8, 0x14C8, 0x14C8, 0x14E8, 0x1508, 0x1508, 0x1508, 0x1508, 0x1508, 0x1508, 0x1508,
  0x1D28, 0x2548, 0x050A, 0x8CA4, 0xFC60, 0xFD00, 0xFD80, 0xFE00, 0xFE60, 0xF6A0, 0x45A7, 0x0D48,
  0x1D48, 0x1D48, 0x1D48, 0x1D68, 0x1D68, 0x1D68, 0x1D68, 0x1D68, 0x1D68, 0x1D68, 0x1D88, 0x1D68,
  0x1D68, 0x2568, 0x0DA9, 0x8CC3, 0xFC40, 0xFD20, 0xFDC0, 0xFE20, 0xFE80, 0xF6A1, 0x4D97, 0x1D3D,
  0x2D5B, 0x253C, 0x253B, 0x251B, 0x251B, 0x24FB, 0x24FB, 0x24DB, 0x1CBA, 0x1CBA, 0x1C98, 0x254A,
  0x2587, 0x1D87, 0x1CEE, 0x141A, 0x1418, 0x0BF9, 0x0BD8, 0x03B8, 0x03B8, 0x0398, 0x0377, 0x0357,
  0x0337, 0x0337, 0x0316, 0x0316, 0x0AF6, 0x02D5, 0x02B5, 0x0294, 0x0274, 0x0253, 0x0233, 0x0A13,
  0x0A12, 0x09F2, 0x09D1, 0x09B1, 0x1190, 0x1170, 0x1170, 0x114F, 0x192F, 0x192E, 0x192F, 0x08AD,
  0x9CF8, 0xFFFF, 0xFFFF, 0xFFFF, 0xFFFF, 0xFFFF, 0xFFFF, 0xFFFF, 0xFFFF, 0xFFFF, 0xFFFF, 0xFFFF,
  0xFFFF, 0xFFFF, 0xFFFF, 0xFFFF, 0xFFFF, 0xFFFF, 0xFFFF, 0xFFFF, 0xFFFF, 0xFFFF, 0xFFFF, 0xFFFF,
  0xFFFF, 0xFFFF, 0xFFFF, 0xFFFF, 0xFFFF, 0xFFFF, 0xFFFF, 0xFFFF, 0xFFFF, 0xFFFF, 0xFFFF, 0xFFFF,
  0xFFFF, 0xFFFF, 0xFFFF, 0xFFFF, 0xFFFF, 0xFFFF, 0xFFFF, 0xFFFF, 0xFFFF, 0xFFFF, 0xFFFF, 0xFFFF,
  0xFFFF, 0xFFFF, 0xFFFF, 0xFFFF, 0xFFFF, 0xFFFF, 0xFFFF, 0xFFFF, 0xFFFF, 0xFFFF, 0xFFFF, 0xFFFF,
  0xFFFF, 0xFFFF, 0xFFFF, 0xFFFF, 0xFFFF, 0xFFFF, 0xFFFF, 0xFFFF, 0xFFFF, 0xFFFF, 0xFFFF, 0xFFFF,
  0xFFFF, 0xFFFF, 0xFFFF, 0xFFFF, 0xFFFF, 0xFFFF, 0xFFFF, 0xFFFF, 0xFFFF, 0xFFFF, 0xFFFF, 0xFFFF,
  0xFFFF, 0xFFFF, 0xFFFF, 0xFFFF, 0xFFFF, 0xFFFF, 0xFFFF, 0xFFFF, 0xFFFF, 0xFFFF, 0xFFFF, 0xFFFF,
  0xFFFF, 0xFFFF, 0xFFFF, 0xFFFF, 0xFFFF, 0xFFFF, 0xFFFF, 0xFFFF, 0xFFFF, 0xFFFF, 0xFFFF, 0xFFFF,
  0xFFFF, 0xFFFF, 0xFFFF, 0xFFFF, 0xFFFF, 0xFFFF, 0xFFFF, 0xFFFF, 0xFFFF, 0xFFFF, 0xFFFF, 0xFFFF,
  0xFFFF, 0xFFFF, 0xFFFF, 0xFFFF, 0xFFFF, 0xFFFF, 0xFFFF, 0xFFFF, 0xFFFF, 0xFFFF, 0x8D93, 0x0283,
  0x0AE5, 0x0AC5, 0x0AE5, 0x0B05, 0x0B05, 0x0B25, 0x0B26, 0x0B46, 0x0B46, 0x0B46, 0x0B46, 0x0B66,
  0x0B86, 0x0B86, 0x0BA7, 0x0BA7, 0x0BC7, 0x0BC7, 0x0BC7, 0x0BE7, 0x0BE7, 0x0C07, 0x0C27, 0x0C27,
  0x0C27, 0x0C27, 0x0C27, 0x0C47, 0x1447, 0x1467, 0x1467, 0x1487, 0x14A8, 0x14A8, 0x14C8, 0x14C8,
  0x14E8, 0x1508, 0x1508, 0x1508, 0x1508, 0x1528, 0x1508, 0x1D08, 0x1D47, 0x04AB, 0x4B6D, 0xFC60,
  0xFCC0, 0xFD60, 0xFDE0, 0xFE60, 0xFEA0, 0x6DC5, 0x0548, 0x1D48, 0x1D48, 0x1D48, 0x1D48, 0x1D68,
  0x1D68, 0x1D68, 0x1D68, 0x1D68, 0x1D68, 0x1D88, 0x1D88, 0x1D88, 0x1D68, 0x2568, 0x1D87, 0x1D6C,
  0xC468, 0xFC80, 0xFD40, 0xFDC0, 0xFE40, 0xFEA0, 0xE684, 0x2D7B, 0x255C, 0x255B, 0x253C, 0x253B,
  0x251B, 0x251B, 0x24FB, 0x24FB, 0x1CDB, 0x1CBA, 0x1CBB, 0x1D4E, 0x1D87, 0x1D66, 0x1CAF, 0x141A,
  0x1419, 0x13F8, 0x0BD8, 0x03D8, 0x03B8, 0x0398, 0x0377, 0x0357, 0x0337, 0x0337, 0x0336, 0x0316,
  0x0AF6, 0x02F6, 0x02B5, 0x0294, 0x0274, 0x0254, 0x0233, 0x0A33, 0x0A12, 0x09F2, 0x09D1, 0x09B1,
  0x1190, 0x1170, 0x1170, 0x114F, 0x194F, 0x192E, 0x192E, 0x10AD, 0x5B13, 0xFFFF, 0xFFFF, 0xFFFF,
  0xFFFF, 0xFFFF, 0xFFFF, 0xFFFF, 0xFFFF, 0xFFFF, 0xFFFF, 0xFFFF, 0xFFFF, 0xFFFF, 0xFFFF, 0xFFFF,
  0xFFFF, 0xFFFF, 0xFFFF, 0xFFFF, 0xFFFF, 0xFFFF, 0xFFFF, 0xFFFF, 0xFFFF, 0xFFFF, 0xFFFF, 0xFFFF,
  0xFFFF, 0xFFFF, 0xFFFF, 0xFFFF, 0xFFFF, 0xFFFF, 0xFFFF, 0xFFFF, 0xFFFF, 0xFFFF, 0xFFFF, 0xFFFF,
  0xFFFF, 0xFFFF, 0xFFFF, 0xFFFF, 0xFFFF, 0xFFFF, 0xFFFF, 0xFFFF, 0xFFFF, 0xFFFF, 0xFFFF, 0xFFFF,
  0xFFFF, 0xFFFF, 0xFFFF, 0xFFFF, 0xFFFF, 0xFFFF, 0xFFFF, 0xFFFF, 0xFFFF, 0xFFFF, 0xFFFF, 0xFFFF,
  0xFFFF, 0xFFFF, 0xFFFF, 0xFFFF, 0xFFFF, 0xFFFF, 0xFFFF, 0xFFFF, 0xFFFF, 0xFFFF, 0xFFFF, 0xFFFF,
  0xFFFF, 0xFFFF, 0xFFFF, 0xFFFF, 0xFFFF, 0xFFFF, 0xFFFF, 0xFFFF, 0xFFFF, 0xFFFF, 0xFFFF, 0xFFFF,
  0xFFFF, 0xFFFF, 0xFFFF, 0xFFFF, 0xFFFF, 0xFFFF, 0xFFFF, 0xFFFF, 0xFFFF, 0xFFFF, 0xFFFF, 0xFFFF,
  0xFFFF, 0xFFFF, 0xFFFF, 0xFFFF, 0xFFFF, 0xFFFF, 0xFFFF, 0xFFFF, 0xFFFF, 0xFFFF, 0xFFFF, 0xFFFF,
  0xFFFF, 0xFFFF, 0xFFFF, 0xFFFF, 0xFFFF, 0xFFFF, 0xFFFF, 0xFFFF, 0xFFFF, 0xFFFF, 0xFFFF, 0xFFFF,
  0xFFFF, 0xFFFF, 0xFFFF, 0xFFFF, 0xFFFF, 0xFFFF, 0x4BAE, 0x02A4, 0x0AE5, 0x0AE5, 0x0B05, 0x0B05,
  0x0B05, 0x0B25, 0x0B26, 0x0B46, 0x0B46, 0x0B46, 0x0B66, 0x0B66, 0x0B86, 0x0BA6, 0x0BA7, 0x0BC7,
  0x0BC7, 0x0BC7, 0x0BC7, 0x0BE7, 0x0BE7, 0x0C07, 0x12AA, 0x0B89, 0x0C67, 0x0C27, 0x0C47, 0x0C67,
  0x0C67, 0x0C67, 0x0C87, 0x1487, 0x14A8, 0x14C8, 0x14C8, 0x14E8, 0x14E8, 0x1508, 0x1508, 0x1508,
  0x1528, 0x1508, 0x1528, 0x1D28, 0x1548, 0x24CA, 0xE403, 0xFCC0, 0xFD20, 0xFDC0, 0xFE40, 0xFEC0,
  0xA623, 0x0548, 0x1D68, 0x1D48, 0x1D48, 0x1D48, 0x1D68, 0x1D68, 0x1D48, 0x1D68, 0x1D68, 0x1D68,
  0x1D68, 0x1D68, 0x1D88, 0x1D88, 0x1D88, 0x1D88, 0x256A, 0x2559, 0x355B, 0xDC44, 0xFCA0, 0xFD60,
  0xFE00, 0xFE60, 0xFEC0, 0xBE69, 0x1D5D, 0x255C, 0x255C, 0x253C, 0x253B, 0x251B, 0x251B, 0x24FB,
  0x24DB, 0x1CDB, 0x1D6C, 0x1D87, 0x1D67, 0x1CCE, 0x1419, 0x1439, 0x1419, 0x13F8, 0x0BD8, 0x03B8,
  0x03B8, 0x0398, 0x0377, 0x0357, 0x0357, 0x0337, 0x0316, 0x0316, 0x02F6, 0x02D5, 0x02B5, 0x0294,
  0x0274, 0x0254, 0x0233, 0x0A33, 0x0A12, 0x09F2, 0x09D1, 0x09B1, 0x1190, 0x1190, 0x1170, 0x116F,
  0x114F, 0x192F, 0x192E, 0x190E, 0x296F, 0xEF7E, 0xFFFF, 0xFFFF, 0xFFFF, 0xFFFF, 0xFFFF, 0xFFFF,
  0xFFFF, 0xFFFF, 0xFFFF, 0xFFFF, 0xFFFF, 0xFFFF, 0xFFFF, 0xFFFF, 0xFFFF, 0xFFFF, 0xFFFF, 0xFFFF,
  0xFFFF, 0xFFFF, 0xFFFF, 0xFFFF, 0xFFFF, 0xFFFF, 0xFFFF, 0xFFFF, 0xFFFF, 0xFFFF, 0xFFFF, 0xFFFF,
  0xFFFF, 0xFFFF, 0xFFFF, 0xFFFF, 0xFFFF, 0xFFFF, 0xFFFF, 0xFFFF, 0xFFFF, 0xFFFF, 0xFFFF, 0xFFFF,
  0xFFFF, 0xFFFF, 0xFFFF, 0xFFFF, 0xFFFF, 0xFFFF, 0xFFFF, 0xFFFF, 0xFFFF, 0xFFFF, 0xFFFF, 0xFFFF,
  0xFFFF, 0xFFFF, 0xFFFF, 0xFFFF, 0xFFFF, 0xFFFF, 0xFFFF, 0xFFFF, 0xFFFF, 0xFFFF, 0xFFFF, 0xFFFF,
  0xFFFF, 0xFFFF, 0xFFFF, 0xFFFF, 0xFFFF, 0xFFFF, 0xFFFF, 0xFFFF, 0xFFFF, 0xFFFF, 0xFFFF, 0xFFFF,
  0xFFFF, 0xFFFF, 0xFFFF, 0xFFFF, 0xFFFF, 0xFFFF, 0xFFFF, 0xFFFF, 0xFFFF, 0xFFFF, 0xFFFF, 0xFFFF,
  0xFFFF, 0xFFFF, 0xFFFF, 0xFFFF, 0xFFFF, 0xFFFF, 0xFFFF, 0xFFFF, 0xFFFF, 0xFFFF, 0xFFFF, 0xFFFF,
  0xFFFF, 0xFFFF, 0xFFFF, 0xFFFF, 0xFFFF, 0xFFFF, 0xFFFF, 0xFFFF, 0xFFFF, 0xFFFF, 0xFFFF, 0xFFFF,
  0xFFFF, 0xFFFF, 0xFFFF, 0xFFFF, 0xFFFF, 0xFFFF, 0xFFFF, 0xFFFF, 0xFFFF, 0xFFFF, 0xFFDE, 0xFF7B,
  0xFF17, 0xDDF2, 0x214E, 0x0A09, 0x0305, 0x0AE5, 0x0B05, 0x0B05, 0x0B25, 0x0B26, 0x0B26, 0x0B46,
  0x0B46, 0x0B46, 0x0B66, 0x0B86, 0x0B86, 0x0BA7, 0x0BA7, 0x0BC7, 0x0BC7, 0x0BC7, 0x0BC7, 0x0C07,
  0x0C27, 0x0BC8, 0x194E, 0x18EE, 0x0B69, 0x0CC6, 0x0C87, 0x0C28, 0x1428, 0x0C87, 0x0C87, 0x14A8,
  0x14A8, 0x14C8, 0x14C8, 0x14E8, 0x1508, 0x1508, 0x1508, 0x1528, 0x1528, 0x1528, 0x1528, 0x1528,
  0x0D48, 0xBCA2, 0xFC80, 0xF500, 0xFD80, 0xFE20, 0xFEA0, 0xDE82, 0x1D47, 0x1548, 0x1D68, 0x1D68,
  0x1D48, 0x1D48, 0x1D48, 0x1D68, 0x1D68, 0x1D68, 0x1D68, 0x1D68, 0x1D68, 0x1D68, 0x2589, 0x2589,
  0x1D89, 0x1D87, 0x2557, 0x2D3C, 0x1D7D, 0x5536, 0xF441, 0xFCE0, 0xFDA0, 0xFE20, 0xFE80, 0xFEC0,
  0x8610, 0x153F, 0x2D7C, 0x255C, 0x253C, 0x253B, 0x251B, 0x24FB, 0x24DB, 0x1CDB, 0x1D4C, 0x2566,
  0x1D67, 0x1CB1, 0x145B, 0x143A, 0x143A, 0x0BF9, 0x0BF8, 0x0BF7, 0x0398, 0x0397, 0x0377, 0x0357,
  0x0357, 0x0337, 0x0317, 0x0316, 0x02F6, 0x0AF6, 0x02B5, 0x0294, 0x0274, 0x0254, 0x0233, 0x0233,
  0x0A12, 0x09F2, 0x09D1, 0x09B1, 0x11B1, 0x1190, 0x1170, 0x116F, 0x194F, 0x192F, 0x190E, 0x192E,
  0x10CD, 0xACB1, 0xFF18, 0xF77D, 0xFFFF, 0xFFFF, 0xFFFF, 0xFFFF, 0xFFFF, 0xFFFF, 0xFFFF, 0xFFFF,
  0xFFFF, 0xFFFF, 0xFFFF, 0xFFFF, 0xFFFF, 0xFFFF, 0xFFFF, 0xFFFF, 0xFFFF, 0xFFFF, 0xFFFF, 0xFFFF,
  0xFFFF, 0xFFFF, 0xFFFF, 0xFFFF, 0xFFFF, 0xFFFF, 0xFFFF, 0xFFFF, 0xFFFF, 0xFFFF, 0xFFFF, 0xFFFF,
  0xFFFF, 0xFFFF, 0xFFFF, 0xFFFF, 0xFFFF, 0xFFFF, 0xFFFF, 0xFFFF, 0xFFFF, 0xFFFF, 0xFFFF, 0xFFFF,
  0xFFFF, 0xFFFF, 0xFFFF, 0xFFFF, 0xFFFF, 0xFFFF, 0xFFFF, 0xFFFF, 0xFFFF, 0xFFFF, 0xFFFF, 0xFFFF,
  0xFFFF, 0xFFFF, 0xFFFF, 0xFFFF, 0xFFFF, 0xFFFF, 0xFFFF, 0xFFFF, 0xFFFF, 0xFFFF, 0xFFFF, 0xFFFF,
  0xFFFF, 0xFFFF, 0xFFFF, 0xFFFF, 0xFFFF, 0xFFFF, 0xFFFF, 0xFFFF, 0xFFFF, 0xFFFF, 0xFFFF, 0xFFFF,
  0xFFFF, 0xFFFF, 0xFFFF, 0xFFFF, 0xFFFF, 0xFFFF, 0xFFFF, 0xFFFF, 0xFFFF, 0xFFFF, 0xFFFF, 0xFFFF,
  0xFFFF, 0xFFFF, 0xFFFF, 0xFFFF, 0xFFFF, 0xFFFF, 0xFFFF, 0xFFFF, 0xFFFF, 0xFFFF, 0xFFFF, 0xFFFF,
  0xFFFF, 0xFFFF, 0xFFFF, 0xFFFF, 0xFFFF, 0xFFFF, 0xFFFF, 0xFFFF, 0xFFFF, 0xFFFF, 0xFFFF, 0xFFFF,
  0xFFFF, 0xFFBD, 0xFF59, 0xFEB3, 0xFE0E, 0xFD69, 0xFD04, 0xFCA1, 0xFCE0, 0xAB63, 0x08CF, 0x192D,
  0x0AA7, 0x0B05, 0x0B05, 0x0B25, 0x0B26, 0x0B26, 0x0B26, 0x0B46, 0x0B46, 0x0B46, 0x0B66, 0x0B86,
  0x0BA6, 0x0BA7, 0x0BA7, 0x0BC7, 0x0BC7, 0x0BA7, 0x03E7, 0x0B68, 0x120C, 0x116D, 0x190E, 0x190E,
  0x194D, 0x126B, 0x19ED, 0x192E, 0x198D, 0x0C68, 0x14A8, 0x14A8, 0x14C8, 0x14C8, 0x14E8, 0x14E8,
  0x1508, 0x1508, 0x1508, 0x1528, 0x1528, 0x1528, 0x1D28, 0x0548, 0x84C4, 0xFC60, 0xF4E0, 0xFD60,
  0xFDE0, 0xFE60, 0xF6A0, 0x4586, 0x0D48, 0x1D48, 0x1D48, 0x1D68, 0x1D68, 0x1D48, 0x1D48, 0x1D68,
  0x1D68, 0x1D68, 0x1D68, 0x1D68, 0x2588, 0x2588, 0x2588, 0x1D89, 0x1DA8, 0x256F, 0x2D3B, 0x2D5B,
  0x2D5B, 0x1DBE, 0x7D11, 0xFC40, 0xFD20, 0xFDC0, 0xFE40, 0xFE80, 0xFEC0, 0x55D6, 0x1D5E, 0x2D5C,
  0x255C, 0x253C, 0x251B, 0x251B, 0x24FB, 0x1CDB, 0x1CDA, 0x1D4C, 0x1D87, 0x1D86, 0x1CF2, 0x1CF3,
  0x1D2A, 0x1454, 0x0BF8, 0x1D47, 0x0C32, 0x0398, 0x0377, 0x0357, 0x0357, 0x0337, 0x0317, 0x0316,
  0x02F6, 0x02F6, 0x02B5, 0x0294, 0x0274, 0x0254, 0x0233, 0x0233, 0x0A12, 0x09F2, 0x09D1, 0x09B1,
  0x11B1, 0x1190, 0x1170, 0x116F, 0x114F, 0x192F, 0x190E, 0x192E, 0x08CF, 0x7AA6, 0xFCA0, 0xECA2,
  0xF506, 0xFDAB, 0xFE71, 0xFEF7, 0xFF7B, 0xFFFF, 0xFFFF, 0xFFFF, 0xFFFF, 0xFFFF, 0xFFFF, 0xFFFF,
  0xFFFF, 0xFFFF, 0xFFFF, 0xFFFF, 0xFFFF, 0xFFFF, 0xFFFF, 0xFFFF, 0xFFFF, 0xFFFF, 0xFFFF, 0xFFFF,
  0xFFFF, 0xFFFF, 0xFFFF, 0xFFFF, 0xFFFF, 0xFFFF, 0xFFFF, 0xFFFF, 0xFFFF, 0xFFFF, 0xFFFF, 0xFFFF,
  0xFFFF, 0xFFFF, 0xFFFF, 0xFFFF, 0xFFFF, 0xFFFF, 0xFFFF, 0xFFFF, 0xFFFF, 0xFFFF, 0xFFFF, 0xFFFF,
  0xFFFF, 0xFFFF, 0xFFFF, 0xFFFF, 0xFFFF, 0xFFFF, 0xFFFF, 0xFFFF, 0xFFFF, 0xFFFF, 0xFFFF, 0xFFFF,
  0xFFFF, 0xFFFF, 0xFFFF, 0xFFFF, 0xFFFF, 0xFFFF, 0xFFFF, 0xFFFF, 0xFFFF, 0xFFFF, 0xFFFF, 0xFFFF,
  0xFFFF, 0xFFFF, 0xFFFF, 0xFFFF, 0xFFFF, 0xFFFF, 0xFFFF, 0xFFFF, 0xFFFF, 0xFFFF, 0xFFFF, 0xFFFF,
  0xFFFF, 0xFFFF, 0xFFFF, 0xFFFF, 0xFFFF, 0xFFFF, 0xFFFF, 0xFFFF, 0xFFFF, 0xFFFF, 0xFFFF, 0xFFFF,
  0xFFFF, 0xFFFF, 0xFFFF, 0xFFFF, 0xFFFF, 0xFFFF, 0xFFFF, 0xFFFF, 0xFFFF, 0xFFFF, 0xFFFF, 0xFFFF,
  0xFFFF, 0xFFFF, 0xFFFF, 0xFFFF, 0xFFFF, 0xFF9C, 0xFF17, 0xFE50, 0xFD88, 0xFD03, 0xFCC0, 0xFCC0,
  0xFD00, 0xFD20, 0xFD80, 0xFDA1, 0xFE00, 0x7308, 0x08CF, 0x190E, 0x114D, 0x0AE6, 0x0B25, 0x0B26,
  0x0B26, 0x0B26, 0x0B46, 0x0B46, 0x0B46, 0x0B66, 0x0B86, 0x0B86, 0x0BA6, 0x0BA7, 0x0BA7, 0x0BA7,
  0x03A7, 0x03E7, 0x0B68, 0x192E, 0x18CF, 0x190E, 0x190E, 0x190E, 0x190E, 0x18CF, 0x18EF, 0x190E,
  0x18CF, 0x136A, 0x14E7, 0x14A8, 0x14C8, 0x14C8, 0x14E8, 0x1547, 0x1528, 0x1528, 0x1508, 0x1508,
  0x1528, 0x1D48, 0x0D48, 0x4506, 0xFC40, 0xFCE0, 0xFD60, 0xFDE0, 0xFE40, 0xFEA0, 0x6DA6, 0x0D48,
  0x1D68, 0x1D68, 0x1D68, 0x1D68, 0x1D68, 0x1D48, 0x1D48, 0x1D68, 0x1D68, 0x1D68, 0x1D68, 0x1D68,
  0x1D88, 0x2588, 0x2589, 0x2587, 0x256D, 0x253B, 0x2D3B, 0x2D5C, 0x2D7C, 0x2D9D, 0x1DFE, 0xB4AA,
  0xFC80, 0xFD60, 0xFDE0, 0xFE40, 0xFEA0, 0xE6A3, 0x359B, 0x257D, 0x2D5B, 0x253C, 0x253B, 0x251B,
  0x24FB, 0x24DB, 0x1CDB, 0x1CDB, 0x1D6C, 0x1D6B, 0x2548, 0x1D48, 0x1D29, 0x2566, 0x1472, 0x0C53,
  0x0C14, 0x0379, 0x0358, 0x0357, 0x0357, 0x0337, 0x0316, 0x0316, 0x02F6, 0x02F6, 0x02B5, 0x0295,
  0x0274, 0x0254, 0x0233, 0x0233, 0x0A12, 0x09F2, 0x09D1, 0x09D1, 0x11B1, 0x1190, 0x1170, 0x116F,
  0x114F, 0x192E, 0x190E, 0x190E, 0x08CE, 0x4A2B, 0xFDC0, 0xFD60, 0xFD20, 0xFCE0, 0xFCC0, 0xFCA0,
  0xFCC1, 0xFD25, 0xFE0E, 0xFEB4, 0xFF5A, 0xFFFF, 0xFFFF, 0xFFFF, 0xFFFF, 0xFFFF, 0xFFFF, 0xFFFF,
  0xFFFF, 0xFFFF, 0xFFFF, 0xFFFF, 0xFFFF, 0xFFFF, 0xFFFF, 0xFFFF, 0xFFFF, 0xFFFF, 0xFFFF, 0xFFFF,
  0xFFFF, 0xFFFF, 0xFFFF, 0xFFFF, 0xFFFF, 0xFFFF, 0xFFFF, 0xFFFF, 0xFFFF, 0xFFFF, 0xFFFF, 0xFFFF,
  0xFFFF, 0xFFFF, 0xFFFF, 0xFFFF, 0xFFFF, 0xFFFF, 0xFFFF, 0xFFFF, 0xFFFF, 0xFFFF, 0xFFFF, 0xFFFF,
  0xFFFF, 0xFFFF, 0xFFFF, 0xFFFF, 0xFFFF, 0xFFFF, 0xFFFF, 0xFFFF, 0xFFFF, 0xFFFF, 0xFFFF, 0xFFFF,
  0xFFFF, 0xFFFF, 0xFFFF, 0xFFFF, 0xFFFF, 0xFFFF, 0xFFFF, 0xFFFF, 0xFFFF, 0xFFFF, 0xFFFF, 0xFFFF,
  0xFFFF, 0xFFFF, 0xFFFF, 0xFFFF, 0xFFFF, 0xFFFF, 0xFFFF, 0xFFFF, 0xFFFF, 0xFFFF, 0xFFFF, 0xFFFF,
  0xFFFF, 0xFFFF, 0xFFFF, 0xFFFF, 0xFFFF, 0xFFFF, 0xFFFF, 0xFFFF, 0xFFFF, 0xFFFF, 0xFFFF, 0xFFFF,
  0xFFFF, 0xFFFF, 0xFFFF, 0xFFFF, 0xFFFF, 0xFFFF, 0xFFFF, 0xFFFF, 0xFFFF, 0xFFBD, 0xFEF6, 0xFE0E,
  0xFD67, 0xFD02, 0xFCC0, 0xFCE0, 0xFD20, 0xFD60, 0xFDC1, 0xFE01, 0xFE21, 0xFE40, 0xFE60, 0xFE80,
  0xFEA0, 0x4A4A, 0x10CE, 0x192D, 0x18EE, 0x120A, 0x0325, 0x0B06, 0x0B26, 0x0B26, 0x0B46, 0x0B46,
  0x0B66, 0x0B66, 0x0B86, 0x0B87, 0x0BA7, 0x0BA7, 0x0BA7, 0x0B87, 0x03E6, 0x0B28, 0x192D, 0x190E,
  0x192E, 0x190E, 0x190E, 0x190E, 0x190E, 0x190E, 0x190E, 0x190E, 0x18EE, 0x132A, 0x14E7, 0x14A8,
  0x14C8, 0x14E8, 0x14E9, 0x0B8D, 0x0AB0, 0x0BCC, 0x1547, 0x1547, 0x1D47, 0x1548, 0x1D47, 0xDC61,
  0xFCA0, 0xFD40, 0xFDC0, 0xFE20, 0xFEC0, 0xADA8, 0x0377, 0x1D0A, 0x2586, 0x1D67, 0x1D68, 0x1D68,
  0x1D68, 0x1D48, 0x1D48, 0x1D48, 0x1D68, 0x1D68, 0x1D88, 0x1D88, 0x2588, 0x2589, 0x25A9, 0x254F,
  0x251A, 0x253C, 0x255B, 0x255C, 0x2D9C, 0x2DBD, 0x25DD, 0x35DC, 0xDC64, 0xFCC0, 0xFD80, 0xFE00,
  0xFE60, 0xFEA0, 0xBE48, 0x1D5D, 0x2D5C, 0x2D3C, 0x253B, 0x251B, 0x24FB, 0x24FB, 0x1CDA, 0x1CDC,
  0x1D6D, 0x14F2, 0x1C92, 0x1454, 0x0C57, 0x1D68, 0x1CEE, 0x03DA, 0x03B7, 0x0C12, 0x03B4, 0x0357,
  0x0357, 0x0337, 0x0316, 0x0316, 0x02F6, 0x02F6, 0x02D5, 0x02B5, 0x0294, 0x0254, 0x0233, 0x0233,
  0x0A12, 0x09F2, 0x09D1, 0x09D1, 0x11B1, 0x1190, 0x1170, 0x1170, 0x114F, 0x192E, 0x190E, 0x190E,
  0x10EE, 0x216D, 0xEE00, 0xFE60, 0xFE40, 0xFE20, 0xFE01, 0xFDA1, 0xFD60, 0xFD00, 0xFCC0, 0xFC80,
  0xFC80, 0xFD26, 0xFDED, 0xFED5, 0xFFBD, 0xFFFF, 0xFFFF, 0xFFFF, 0xFFFF, 0xFFFF, 0xFFFF, 0xFFFF,
  0xFFFF, 0xFFFF, 0xFFFF, 0xFFFF, 0xFFFF, 0xFFFF, 0xFFFF, 0xFFFF, 0xFFFF, 0xFFFF, 0xFFFF, 0xFFFF,
  0xFFFF, 0xFFFF, 0xFFFF, 0xFFFF, 0xFFFF, 0xFFFF, 0xFFFF, 0xFFFF, 0xFFFF, 0xFFFF, 0xFFFF, 0xFFFF,
  0xFFFF, 0xFFFF, 0xFFFF, 0xFFFF, 0xFFFF, 0xFFFF, 0xFFFF, 0xFFFF, 0xFFFF, 0xFFFF, 0xFFFF, 0xFFFF,
  0xFFFF, 0xFFFF, 0xFFFF, 0xFFFF, 0xFFFF, 0xFFFF, 0xFFFF, 0xFFFF, 0xFFFF, 0xFFFF, 0xFFFF, 0xFFFF,
  0xFFFF, 0xFFFF, 0xFFFF, 0xFFFF, 0xFFFF, 0xFFFF, 0xFFFF, 0xFFFF, 0xFFFF, 0xFFFF, 0xFFFF, 0xFFFF,
  0xFFFF, 0xFFFF, 0xFFFF, 0xFFFF, 0xFFFF, 0xFFFF, 0xFFFF, 0xFFFF, 0xFFFF, 0xFFFF, 0xFFFF, 0xFFFF,
  0xFFFF, 0xFFFF, 0xFFFF, 0xFFFF, 0xFFFF, 0xFFFF, 0xFFFF, 0xFFFF, 0xFFFF, 0xFFFF, 0xFFFF, 0xFFFF,
  0xFFFF, 0xFFFF, 0xFF9C, 0xFE92, 0xFDA9, 0xFCE3, 0xFCA0, 0xFCC0, 0xFD40, 0xFDA0, 0xFDE1, 0xFE01,
  0xFE20, 0xFE40, 0xFE60, 0xFE80, 0xFEA1, 0xFEE6, 0xFF0A, 0xFF4F, 0xE6D2, 0x298E, 0x18EE, 0x190E,
  0x18EE, 0x118C, 0x0326, 0x0B26, 0x0B26, 0x0B46, 0x0B46, 0x0B46, 0x0B66, 0x0B86, 0x0B86, 0x0BA7,
  0x0BA7, 0x0BA7, 0x03A7, 0x0406, 0x0B68, 0x194D, 0x18EE, 0x190E, 0x190E, 0x190E, 0x190E, 0x190E,
  0x190E, 0x190E, 0x190E, 0x190E, 0x192E, 0x0C68, 0x1507, 0x14E7, 0x1508, 0x1508, 0x12CF, 0x09B2,
  0x01F2, 0x0213, 0x0B2F, 0x13AE, 0x144B, 0x0D68, 0xACA2, 0xFC60, 0xF500, 0xFDA0, 0xFE20, 0xFEC0,
  0xDE44, 0x1396, 0x0338, 0x0BB5, 0x0C51, 0x1D2A, 0x1D87, 0x1D48, 0x1D48, 0x1D68, 0x1D48, 0x1D48,
  0x1D68, 0x1D68, 0x1D88, 0x1D88, 0x1D88, 0x1D88, 0x1D8C, 0x24FC, 0x251B, 0x253B, 0x255C, 0x257C,
  0x2D9C, 0x25BD, 0x2DBD, 0x1DFF, 0x5597, 0xFC40, 0xFD00, 0xFDA0, 0xFE20, 0xFE60, 0xFEC0, 0x85F0,
  0x153E, 0x2D3B, 0x253B, 0x251B, 0x24FB, 0x24FB, 0x1CBB, 0x24F4, 0x2567, 0x1D49, 0x1496, 0x143A,
  0x1477, 0x1D67, 0x0C36, 0x0BF5, 0x1527, 0x1D47, 0x2547, 0x0BB4, 0x0338, 0x0337, 0x0316, 0x0316,
  0x02F6, 0x0AF6, 0x02D5, 0x02B5, 0x0294, 0x0274, 0x0253, 0x0213, 0x0A12, 0x09F2, 0x09D1, 0x09D1,
  0x11B1, 0x1190, 0x1170, 0x116F, 0x114F, 0x192E, 0x190E, 0x190E, 0x190E, 0x10EE, 0xBD8D, 0xFF0A,
  0xF6C6, 0xFEA2, 0xFE80, 0xFE40, 0xFE20, 0xFE00, 0xFDE0, 0xFDA1, 0xFD60, 0xFD00, 0xFCC0, 0xFC80,
  0xFCE3, 0xFDCB, 0xFEB4, 0xFF9C, 0xFFFF, 0xFFFF, 0xFFFF, 0xFFFF, 0xFFFF, 0xFFFF, 0xFFFF, 0xFFFF,
  0xFFFF, 0xFFFF, 0xFFFF, 0xFFFF, 0xFFFF, 0xFFFF, 0xFFFF, 0xFFFF, 0xFFFF, 0xFFFF, 0xFFFF, 0xFFFF,
  0xFFFF, 0xFFFF, 0xFFFF, 0xFFFF, 0xFFFF, 0xFFFF, 0xFFFF, 0xFFFF, 0xFFFF, 0xFFFF, 0xFFFF, 0xFFFF,
  0xFFFF, 0xFFFF, 0xFFFF, 0xFFFF, 0xFFFF, 0xFFFF, 0xFFFF, 0xFFFF, 0xFFFF, 0xFFFF, 0xFFFF, 0xFFFF,
  0xFFFF, 0xFFFF, 0xFFFF, 0xFFFF, 0xFFFF, 0xFFFF, 0xFFFF, 0xFFFF, 0xFFFF, 0xFFFF, 0xFFFF, 0xFFFF,
  0xFFFF, 0xFFFF, 0xFFFF, 0xFFFF, 0xFFFF, 0xFFFF, 0xFFFF, 0xFFFF, 0xFFFF, 0xFFFF, 0xFFFF, 0xFFFF,
  0xFFFF, 0xFFFF, 0xFFFF, 0xFFFF, 0xFFFF, 0xFFFF, 0xFFFF, 0xFFFF, 0xFFFF, 0xFFFF, 0xFFFF, 0xFFFF,
  0xFFFF, 0xFFFF, 0xFFFF, 0xFFFF, 0xFFFF, 0xFFFF, 0xFFFF, 0xFFBD, 0xFEB3, 0xFD89, 0xFCE2, 0xFCC0,
  0xFD20, 0xFD80, 0xFDC1, 0xFE01, 0xFE20, 0xFE40, 0xFE40, 0xFE80, 0xFEA3, 0xFF09, 0xFF50, 0xFF75,
  0xFFBB, 0xFFFF, 0xFFFF, 0xFFFF, 0xCE5C, 0x10EE, 0x190E, 0x190E, 0x18EE, 0x194D, 0x0306, 0x0B26,
  0x0B26, 0x0B26, 0x0B46, 0x0B66, 0x0B66, 0x0B86, 0x0B86, 0x0BA7, 0x0BA7, 0x0BC7, 0x0B68, 0x126B,
  0x196D, 0x18EE, 0x190E, 0x190E, 0x190E, 0x190E, 0x190E, 0x190E, 0x190E, 0x190E, 0x190E, 0x190E,
  0x192F, 0x12EB, 0x136A, 0x136B, 0x1449, 0x12AE, 0x09B2, 0x0A11, 0x0A12, 0x0232, 0x0233, 0x0214,
  0x02B3, 0x6CA6, 0xFC40, 0xF4E0, 0xFD60, 0xFE00, 0xFE80, 0xFEE0, 0x3C12, 0x0317, 0x0356, 0x0378,
  0x0379, 0x03F6, 0x150A, 0x1D66, 0x1D67, 0x1D48, 0x1D48, 0x1D48, 0x1D68, 0x1D68, 0x1D88, 0x1D87,
  0x1D87, 0x1D87, 0x1D4F, 0x24FC, 0x251B, 0x253B, 0x253B, 0x2D7C, 0x2D7C, 0x259C, 0x25BD, 0x2DDD,
  0x1E1F, 0x8D30, 0xFC60, 0xFD40, 0xFDA0, 0xFE20, 0xFE80, 0xFEA1, 0x4D77, 0x1D1D, 0x2D3B, 0x251B,
  0x24FB, 0x24DB, 0x1CDB, 0x1CB9, 0x1CD3, 0x1D0E, 0x14B7, 0x147B, 0x143B, 0x1472, 0x1412, 0x0BB5,
  0x1450, 0x1D68, 0x2568, 0x03B5, 0x0357, 0x0337, 0x0316, 0x02F6, 0x02F6, 0x02D6, 0x02B5, 0x02B5,
  0x0294, 0x0274, 0x0253, 0x0233, 0x0A12, 0x09F2, 0x09D2, 0x09D1, 0x11B1, 0x1190, 0x1170, 0x114F,
  0x194F, 0x192E, 0x190E, 0x190E, 0x192E, 0x08AD, 0xA519, 0xFFFF, 0xFFDF, 0xFFDC, 0xFF97, 0xFF30,
  0xFEE9, 0xFEA3, 0xFE60, 0xFE40, 0xFE40, 0xFE20, 0xFE01, 0xFDC1, 0xFD40, 0xFCC0, 0xFC80, 0xFCA2,
  0xFD69, 0xFEB4, 0xFFDD, 0xFFFF, 0xFFFF, 0xFFFF, 0xFFFF, 0xFFFF, 0xFFFF, 0xFFFF, 0xFFFF, 0xFFFF,
  0xFFFF, 0xFFFF, 0xFFFF, 0xFFFF, 0xFFFF, 0xFFFF, 0xFFFF, 0xFFFF, 0xFFFF, 0xFFFF, 0xFFFF, 0xFFFF,
  0xFFFF, 0xFFFF, 0xFFFF, 0xFFFF, 0xFFFF, 0xFFFF, 0xFFFF, 0xFFFF, 0xFFFF, 0xFFFF, 0xFFFF, 0xFFFF,
  0xFFFF, 0xFFFF, 0xFFFF, 0xFFFF, 0xFFFF, 0xFFFF, 0xFFFF, 0xFFFF, 0xFFFF, 0xFFFF, 0xFFFF, 0xFFFF,
  0xFFFF, 0xFFFF, 0xFFFF, 0xFFFF, 0xFFFF, 0xFFFF, 0xFFFF, 0xFFFF, 0xFFFF, 0xFFFF, 0xFFFF, 0xFFFF,
  0xFFFF, 0xFFFF, 0xFFFF, 0xFFFF, 0xFFFF, 0xFFFF, 0xFFFF, 0xFFFF, 0xFFFF, 0xFFFF, 0xFFFF, 0xFFFF,
  0xFFFF, 0xFFFF, 0xFFFF, 0xFFFF, 0xFFFF, 0xFFFF, 0xFFFF, 0xFFFF, 0xFFFF, 0xFFFF, 0xFFFF, 0xFFFF,
  0xFFFF, 0xFF18, 0xFE0D, 0xFD03, 0xFCC0, 0xFD20, 0xFD80, 0xFDE1, 0xFE20, 0xFE40, 0xFE60, 0xFE80,
  0xFEC4, 0xFF0B, 0xFF52, 0xFF99, 0xFFDE, 0xFFFF, 0xFFFF, 0xFFFF, 0xFFFF, 0xFFFF, 0xFFFF, 0xFFFF,
  0xA537, 0x08AD, 0x192E, 0x190E, 0x190E, 0x196D, 0x0306, 0x0326, 0x0B26, 0x0B26, 0x0B46, 0x0B66,
  0x0B66, 0x0B86, 0x0BA6, 0x0BA7, 0x0BA7, 0x0BC7, 0x0B68, 0x192E, 0x18EE, 0x190E, 0x190E, 0x190E,
  0x190E, 0x190E, 0x190E, 0x190E, 0x190E, 0x190E, 0x190E, 0x190E, 0x190E, 0x190F, 0x192F, 0x1150,
  0x1190, 0x1191, 0x09F1, 0x09F2, 0x0A12, 0x0233, 0x0252, 0x0253, 0x2AD0, 0xEC41, 0xFCA0, 0xFD60,
  0xFDE0, 0xFE40, 0xFEE0, 0x7CEC, 0x02F8, 0x0356, 0x0357, 0x0377, 0x0397, 0x0398, 0x03D7, 0x14AF,
  0x1D0A, 0x1D48, 0x1D68, 0x1D68, 0x1D68, 0x1D67, 0x1D4A, 0x1CF5, 0x2530, 0x1D88, 0x1CF7, 0x24FB,
  0x251B, 0x253B, 0x253B, 0x2D5C, 0x2D7C, 0x259C, 0x25BD, 0x25BD, 0x2DDD, 0x261F, 0xB4C9, 0xFC80,
  0xF540, 0xFDC0, 0xFE40, 0xFEA0, 0xDE85, 0x2D3B, 0x251C, 0x24FB, 0x24FB, 0x24DB, 0x24DA, 0x1CBA,
  0x1C9B, 0x145B, 0x1497, 0x152C, 0x150D, 0x0C16, 0x03D7, 0x146E, 0x1CCB, 0x1D87, 0x14AF, 0x0359,
  0x0357, 0x0337, 0x0316, 0x02F6, 0x02F6, 0x02D5, 0x02B5, 0x0295, 0x0294, 0x0274, 0x0253, 0x0A33,
  0x0A12, 0x09F2, 0x09D2, 0x09D1, 0x11B1, 0x1190, 0x1170, 0x116F, 0x114F, 0x192E, 0x190E, 0x190E,
  0x192E, 0x08AD, 0x7BF4, 0xFFFF, 0xFFFF, 0xFFFF, 0xFFFF, 0xFFFF, 0xFFFF, 0xFFDE, 0xFF99, 0xFF52,
  0xFF0B, 0xFEC4, 0xFE80, 0xFE40, 0xFE20, 0xFE01, 0xFDA1, 0xFD40, 0xFCC0, 0xFC60, 0xFCC3, 0xFDEE,
  0xFF7A, 0xFFFF, 0xFFFF, 0xFFFF, 0xFFFF, 0xFFFF, 0xFFFF, 0xFFFF, 0xFFFF, 0xFFFF, 0xFFFF, 0xFFFF,
  0xFFFF, 0xFFFF, 0xFFFF, 0xFFFF, 0xFFFF, 0xFFFF, 0xFFFF, 0xFFFF, 0xFFFF, 0xFFFF, 0xFFFF, 0xFFFF,
  0xFFFF, 0xFFFF, 0xFFFF, 0xFFFF, 0xFFFF, 0xFFFF, 0xFFFF, 0xFFFF, 0xFFFF, 0xFFFF, 0xFFFF, 0xFFFF,
  0xFFFF, 0xFFFF, 0xFFFF, 0xFFFF, 0xFFFF, 0xFFFF, 0xFFFF, 0xFFFF, 0xFFFF, 0xFFFF, 0xFFFF, 0xFFFF,
  0xFFFF, 0xFFFF, 0xFFFF, 0xFFFF, 0xFFFF, 0xFFFF, 0xFFFF, 0xFFFF, 0xFFFF, 0xFFFF, 0xFFFF, 0xFFFF,
  0xFFFF, 0xFFFF, 0xFFFF, 0xFFFF, 0xFFFF, 0xFFFF, 0xFFFF, 0xFFFF, 0xFFFF, 0xFFFF, 0xFFFF, 0xFFFF,
  0xFFFF, 0xFFFF, 0xFFFF, 0xFFFF, 0xFFFF, 0xFFFF, 0xFFFF, 0xFED5, 0xF547, 0xFCA0, 0xFCE0, 0xFD80,
  0xFE01, 0xFE21, 0xFE40, 0xFE60, 0xFE80, 0xFEC6, 0xFF4F, 0xFFB8, 0xFFFE, 0xFFFF, 0xFFFF, 0xFFFF,
  0xFFFF, 0xFFFF, 0xFFFF, 0xFFFF, 0xFFFF, 0xFFFF, 0xFFFF, 0xFFFF, 0x8435, 0x088D, 0x192E, 0x190E,
  0x190F, 0x194D, 0x0306, 0x0326, 0x0B26, 0x0B46, 0x0B46, 0x0B66, 0x0B66, 0x0B86, 0x0B87, 0x0BA7,
  0x0BC7, 0x0BA7, 0x0407, 0x0ACA, 0x18EE, 0x190E, 0x190E, 0x190E, 0x190E, 0x190E, 0x190E, 0x190E,
  0x190E, 0x190E, 0x190E, 0x190E, 0x190E, 0x194E, 0x116F, 0x1190, 0x1190, 0x11B0, 0x09D1, 0x09F1,
  0x0A12, 0x0232, 0x0252, 0x0254, 0xBBE5, 0xFCC0, 0xFD40, 0xFDC0, 0xFE20, 0xFEC0, 0xBD86, 0x02F6,
  0x0336, 0x0337, 0x0357, 0x0377, 0x0398, 0x03B8, 0x03B8, 0x03B9, 0x0BF8, 0x1436, 0x1D4A, 0x1D87,
  0x1D47, 0x1CAF, 0x1C78, 0x1C9B, 0x24BA, 0x1CF7, 0x1CDB, 0x24FA, 0x24FB, 0x251B, 0x2D3B, 0x2D5C,
  0x2D7C, 0x2D7C, 0x259C, 0x2DBD, 0x2DDD, 0x25FE, 0x35BB, 0xE443, 0xFCA0, 0xFD60, 0xFDE0, 0xFE60,
  0xFEC0, 0xAE2A, 0x14DD, 0x24FB, 0x24FB, 0x24DB, 0x1CBA, 0x1C9A, 0x1C99, 0x1C7A, 0x1C76, 0x1D49,
  0x1565, 0x14B1, 0x0C1A, 0x0436, 0x1D29, 0x2586, 0x1D0A, 0x0377, 0x0357, 0x0337, 0x0317, 0x02F6,
  0x02F6, 0x02F5, 0x02B5, 0x0295, 0x0294, 0x0274, 0x0233, 0x0A33, 0x0A12, 0x09F2, 0x09D2, 0x09D1,
  0x11B1, 0x1190, 0x1170, 0x116F, 0x114F, 0x192F, 0x190E, 0x190E, 0x192E, 0x10AD, 0x5AF2, 0xFFFF,
  0xFFFF, 0xFFFF, 0xFFFF, 0xFFFF, 0xFFFF, 0xFFFF, 0xFFFF, 0xFFFF, 0xFFFF, 0xFFDE, 0xFF97, 0xFF2F,
  0xFEC6, 0xFE60, 0xFE40, 0xFE20, 0xFDE1, 0xFD81, 0xFCE0, 0xFC80, 0xFCA1, 0xFDAB, 0xFF38, 0xFFFF,
  0xFFFF, 0xFFFF, 0xFFFF, 0xFFFF, 0xFFFF, 0xFFFF, 0xFFFF, 0xFFFF, 0xFFFF, 0xFFFF, 0xFFFF, 0xFFFF,
  0xFFFF, 0xFFFF, 0xFFFF, 0xFFFF, 0xFFFF, 0xFFFF, 0xFFFF, 0xFFFF, 0xFFFF, 0xFFFF, 0xFFFF, 0xFFFF,
  0xFFFF, 0xFFFF, 0xFFFF, 0xFFFF, 0xFFFF, 0xFFFF, 0xFFFF, 0xFFFF, 0xFFFF, 0xFFFF, 0xFFFF, 0xFFFF,
  0xFFFF, 0xFFFF, 0xFFFF, 0xFFFF, 0xFFFF, 0xFFFF, 0xFFFF, 0xFFFF, 0xFFFF, 0xFFFF, 0xFFFF, 0xFFFF,
  0xFFFF, 0xFFFF, 0xFFFF, 0xFFFF, 0xFFFF, 0xFFFF, 0xFFFF, 0xFFFF, 0xFFFF, 0xFFFF, 0xFFFF, 0xFFFF,
  0xFFFF, 0xFFFF, 0xFFFF, 0xFFFF, 0xFFFF, 0xFFFF, 0xFFFF, 0xFFFF, 0xFFFF, 0xFFFF, 0xFFFF, 0xFFFF,
  0xFFFF, 0xFED5, 0xFD46, 0xFCA0, 0xFD00, 0xFDA1, 0xFE21, 0xFE60, 0xFE80, 0xFE80, 0xFEE6, 0xFF51,
  0xFFBA, 0xFFFF, 0xFFFF, 0xFFFF, 0xFFFF, 0xFFFF, 0xFFFF, 0xFFFF, 0xFFFF, 0xFFFF, 0xFFFF, 0xFFFF,
  0xFFFF, 0xFFFF, 0xFFFF, 0xFFFF, 0x6353, 0x08AD, 0x192E, 0x190E, 0x190E, 0x190E, 0x0AA8, 0x0346,
  0x0B26, 0x0B46, 0x0B46, 0x0B66, 0x0B66, 0x0B86, 0x0B86, 0x0BA7, 0x0BC7, 0x0BC7, 0x0407, 0x0B0A,
  0x18EF, 0x190E, 0x190E, 0x190E, 0x190E, 0x190E, 0x190E, 0x190E, 0x190E, 0x190E, 0x190E, 0x190E,
  0x190E, 0x192F, 0x114F, 0x1170, 0x1190, 0x11B0, 0x09D1, 0x09F1, 0x0A12, 0x0A32, 0x0214, 0x8389,
  0xFCC0, 0xFD00, 0xFDA0, 0xFE20, 0xFE80, 0xE680, 0x23EF, 0x02D7, 0x0336, 0x0337, 0x0357, 0x0377,
  0x0398, 0x03B8, 0x03B8, 0x0BD8, 0x0BF8, 0x0C19, 0x1D2B, 0x2587, 0x1CB4, 0x1C3A, 0x1C79, 0x1C99,
  0x1C9A, 0x24BB, 0x24DA, 0x24DA, 0x24FB, 0x251B, 0x2D1B, 0x2D3C, 0x2D5C, 0x2D7C, 0x259C, 0x2D9C,
  0x25BD, 0x2DBC, 0x1DDE, 0x5D35, 0xFC20, 0xFD00, 0xFDA0, 0xFE20, 0xFE80, 0xFEC0, 0x6D92, 0x14DD,
  0x2CFA, 0x24DB, 0x1CBA, 0x1C9A, 0x1C7A, 0x1C79, 0x143B, 0x1CED, 0x1D46, 0x1455, 0x1D4B, 0x14EF,
  0x0417, 0x1470, 0x146E, 0x0358, 0x0337, 0x0337, 0x0317, 0x02F6, 0x02F6, 0x0AF5, 0x02B5, 0x0294,
  0x0274, 0x0254, 0x0233, 0x0A33, 0x0A12, 0x09F2, 0x09D2, 0x09D1, 0x11B1, 0x1190, 0x1170, 0x114F,
  0x194F, 0x192F, 0x190E, 0x190E, 0x190E, 0x10CD, 0x4251, 0xFFFF, 0xFFFF, 0xFFFF, 0xFFFF, 0xFFFF,
  0xFFFF, 0xFFFF, 0xFFFF, 0xFFFF, 0xFFFF, 0xFFFF, 0xFFFF, 0xFFFF, 0xFFFF, 0xFFB8, 0xFF2F, 0xFEC5,
  0xFE60, 0xFE20, 0xFE00, 0xFDC1, 0xFD40, 0xFCA0, 0xFC80, 0xFDCC, 0xFF7B, 0xFFFF, 0xFFFF, 0xFFFF,
  0xFFFF, 0xFFFF, 0xFFFF, 0xFFFF, 0xFFFF, 0xFFFF, 0xFFFF, 0xFFFF, 0xFFFF, 0xFFFF, 0xFFFF, 0xFFFF,
  0xFFFF, 0xFFFF, 0xFFFF, 0xFFFF, 0xFFFF, 0xFFFF, 0xFFFF, 0xFFFF, 0xFFFF, 0xFFFF, 0xFFFF, 0xFFFF,
  0xFFFF, 0xFFFF, 0xFFFF, 0xFFFF, 0xFFFF, 0xFFFF, 0xFFFF, 0xFFFF, 0xFFFF, 0xFFFF, 0xFFFF, 0xFFFF,
  0xFFFF, 0xFFFF, 0xFFFF, 0xFFFF, 0xFFFF, 0xFFFF, 0xFFFF, 0xFFFF, 0xFFFF, 0xFFFF, 0xFFFF, 0xFFFF,
  0xFFFF, 0xFFFF, 0xFFFF, 0xFFFF, 0xFFFF, 0xFFFF, 0xFFFF, 0xFFFF, 0xFFFF, 0xFFFF, 0xFFFF, 0xFFFF,
  0xFFFF, 0xFFFF, 0xFFFF, 0xFFFF, 0xFFFF, 0xFFFF, 0xFFFF, 0xFF7A, 0xFD89, 0xFCA0, 0xFD20, 0xFDC1,
  0xFE21, 0xFE60, 0xFE80, 0xFEE4, 0xFF4E, 0xFFB8, 0xFFFF, 0xFFFF, 0xFFFF, 0xFFFF, 0xFFFF, 0xFFFF,
  0xFFFF, 0xFFFF, 0xFFFF, 0xFFFF, 0xFFFF, 0xFFFF, 0xFFFF, 0xFFFF, 0xFFFF, 0xFFFF, 0xFFFF, 0xFFFF,
  0x4A92, 0x08AD, 0x190E, 0x190E, 0x190E, 0x18EF, 0x11CC, 0x0346, 0x0B26, 0x0B46, 0x0B46, 0x0B66,
  0x0B86, 0x0B86, 0x0B86, 0x0BA7, 0x0BC7, 0x0BC7, 0x0C07, 0x12AA, 0x18EF, 0x192E, 0x190E, 0x190E,
  0x190E, 0x190E, 0x190E, 0x190E, 0x190E, 0x190E, 0x190E, 0x190E, 0x190E, 0x192F, 0x114F, 0x116F,
  0x1190, 0x11B0, 0x09D1, 0x09F1, 0x0A12, 0x01F3, 0x3AAE, 0xFCA0, 0xFCE0, 0xFD80, 0xFDE0, 0xFE40,
  0xFEA0, 0x5DA4, 0x048C, 0x02F6, 0x0336, 0x0337, 0x0357, 0x0377, 0x0398, 0x03B8, 0x03B8, 0x0BD8,
  0x0BF9, 0x1419, 0x1D2B, 0x1D66, 0x1CF1, 0x145A, 0x1C79, 0x1C79, 0x1C9A, 0x24BA, 0x24BA, 0x24DA,
  0x24DB, 0x24FB, 0x251B, 0x2D3B, 0x2D3B, 0x2D5C, 0x257C, 0x257C, 0x257C, 0x259C, 0x2D9C, 0x15BE,
  0x9CCD, 0xFC60, 0xFD20, 0xFDC0, 0xFE20, 0xFEA0, 0xEEA2, 0x3D18, 0x1CBB, 0x24BA, 0x1CBA, 0x1C9A,
  0x1C7A, 0x1C59, 0x143A, 0x1473, 0x1453, 0x1474, 0x1DA6, 0x258A, 0x1D0F, 0x0397, 0x0396, 0x1CAB,
  0x144F, 0x02F8, 0x0316, 0x02F6, 0x02F6, 0x0AF5, 0x02B5, 0x0294, 0x0274, 0x0254, 0x0233, 0x0A33,
  0x0A12, 0x09F2, 0x09D2, 0x09B1, 0x11B1, 0x1190, 0x1170, 0x114F, 0x194F, 0x192F, 0x190E, 0x190E,
  0x190E, 0x10EE, 0x31B0, 0xF79E, 0xFFFF, 0xFFFF, 0xFFFF, 0xFFFF, 0xFFFF, 0xFFFF, 0xFFFF, 0xFFFF,
  0xFFFF, 0xFFFF, 0xFFFF, 0xFFFF, 0xFFFF, 0xFFFF, 0xFFFF, 0xFFFF, 0xFF97, 0xFF0D, 0xFEA3, 0xFE40,
  0xFE00, 0xFDC1, 0xFD61, 0xFCA0, 0xFCA1, 0xFE0E, 0xFFDE, 0xFFFF, 0xFFFF, 0xFFFF, 0xFFFF, 0xFFFF,
  0xFFFF, 0xFFFF, 0xFFFF, 0xFFFF, 0xFFFF, 0xFFFF, 0xFFFF, 0xFFFF, 0xFFFF, 0xFFFF, 0xFFFF, 0xFFFF,
  0xFFFF, 0xFFFF, 0xFFFF, 0xFFFF, 0xFFFF, 0xFFFF, 0xFFFF, 0xFFFF, 0xFFFF, 0xFFFF, 0xFFFF, 0xFFFF,
  0xFFFF, 0xFFFF, 0xFFFF, 0xFFFF, 0xFFFF, 0xFFFF, 0xFFFF, 0xFFFF, 0xFFFF, 0xFFFF, 0xFFFF, 0xFFFF,
  0xFFFF, 0xFFFF, 0xFFFF, 0xFFFF, 0xFFFF, 0xFFFF, 0xFFFF, 0xFFFF, 0xFFFF, 0xFFFF, 0xFFFF, 0xFFFF,
  0xFFFF, 0xFFFF, 0xFFFF, 0xFFFF, 0xFFFF, 0xFFFF, 0xFFFF, 0xFFFF, 0xFFFF, 0xFFFF, 0xFFFF, 0xFFFF,
  0xFFFF, 0xFFFE, 0xFE2F, 0xFCC1, 0xFCE0, 0xFDA0, 0xFE21, 0xFE60, 0xFEA0, 0xFEE7, 0xFF73, 0xFFFD,
  0xFFFF, 0xFFFF, 0xFFFF, 0xFFFF, 0xFFFF, 0xFFFF, 0xFFFF, 0xFFFF, 0xFFFF, 0xFFFF, 0xFFFF, 0xFFFF,
  0xFFFF, 0xFFFF, 0xFFFF, 0xFFFF, 0xFFFF, 0xFFFF, 0xFFFF, 0xFFDF, 0x39F0, 0x10CD, 0x190E, 0x190E,
  0x190E, 0x190E, 0x190E, 0x0A69, 0x0346, 0x0B46, 0x0B66, 0x0B86, 0x0B86, 0x0B86, 0x0BA7, 0x0BA7,
  0x0BC7, 0x0BC7, 0x03E7, 0x120C, 0x18EF, 0x190E, 0x190E, 0x190E, 0x190E, 0x190E, 0x190E, 0x190E,
  0x190E, 0x190E, 0x190E, 0x190E, 0x190E, 0x192F, 0x114F, 0x116F, 0x1190, 0x11B0, 0x09D1, 0x09F1,
  0x0A12, 0x1232, 0xDC23, 0xFCC0, 0xFD40, 0xFDE0, 0xFE40, 0xFEC0, 0x9603, 0x0527, 0x1D47, 0x0B73,
  0x0317, 0x0357, 0x0357, 0x0377, 0x0398, 0x03B8, 0x03D8, 0x0BD8, 0x0BF8, 0x0BF9, 0x1473, 0x1D66,
  0x1D68, 0x1478, 0x1C5A, 0x1C79, 0x1C7A, 0x249A, 0x24BA, 0x24DA, 0x24DA, 0x24FB, 0x24FB, 0x2D1B,
  0x253B, 0x255C, 0x255C, 0x255C, 0x255C, 0x257C, 0x257C, 0x257C, 0x257C, 0xCC86, 0xFCA0, 0xFD40,
  0xFDE0, 0xFE60, 0xFEE0, 0xC627, 0x149B, 0x24BA, 0x1C9A, 0x1C9A, 0x1C79, 0x1C59, 0x1439, 0x1419,
  0x0BFA, 0x1455, 0x1D68, 0x0C94, 0x0C18, 0x0C32, 0x14C9, 0x2567, 0x2568, 0x0BD1, 0x02F6, 0x0316,
  0x02F6, 0x0AF6, 0x02B5, 0x0294, 0x0274, 0x0254, 0x0233, 0x0A33, 0x0A12, 0x09F2, 0x09D1, 0x11B1,
  0x1191, 0x1190, 0x1170, 0x1170, 0x194F, 0x192F, 0x190E, 0x190E, 0x190E, 0x18EE, 0x192E, 0xDEFD,
  0xFFFF, 0xFFFF, 0xFFFF, 0xFFFF, 0xFFFF, 0xFFFF, 0xFFFF, 0xFFFF, 0xFFFF, 0xFFFF, 0xFFFF, 0xFFFF,
  0xFFFF, 0xFFFF, 0xFFFF, 0xFFFF, 0xFFFF, 0xFFFF, 0xFFDD, 0xFF72, 0xFEA5, 0xFE40, 0xFE00, 0xFDA1,
  0xFD20, 0xFC60, 0xFD06, 0xFF39, 0xFFFF, 0xFFFF, 0xFFFF, 0xFFFF, 0xFFFF, 0xFFFF, 0xFFFF, 0xFFFF,
  0xFFFF, 0xFFFF, 0xFFFF, 0xFFFF, 0xFFFF, 0xFFFF, 0xFFFF, 0xFFFF, 0xFFFF, 0xFFFF, 0xFFFF, 0xFFFF,
  0xFFFF, 0xFFFF, 0xFFFF, 0xFFFF, 0xFFFF, 0xFFFF, 0xFFFF, 0xFFFF, 0xFFFF, 0xFFFF, 0xFFFF, 0xFFFF,
  0xFFFF, 0xFFFF, 0xFFFF, 0xFFFF, 0xFFFF, 0xFFFF, 0xFFFF, 0xFFFF, 0xFFFF, 0xFFFF, 0xFFFF, 0xFFFF,
  0xFFFF, 0xFFFF, 0xFFFF, 0xFFFF, 0xFFFF, 0xFFFF, 0xFFFF, 0xFFFF, 0xFFFF, 0xFFFF, 0xFFFF, 0xFFFF,
  0xFFFF, 0xFFFF, 0xFFFF, 0xFFFF, 0xFFFF, 0xFFFF, 0xFFFF, 0xFFFF, 0xFFDE, 0xFD68, 0xFCA0, 0xFD60,
  0xFDE1, 0xFE40, 0xFE80, 0xFEE5, 0xFF95, 0xFFFF, 0xFFFF, 0xFFFF, 0xFFFF, 0xFFFF, 0xFFFF, 0xFFFF,
  0xFFFF, 0xFFFF, 0xFFFF, 0xFFFF, 0xFFFF, 0xFFFF, 0xFFFF, 0xFFFF, 0xFFFF, 0xFFFF, 0xFFFF, 0xFFFF,
  0xFFFF, 0xFFFF, 0xFFFF, 0xEF7E, 0x298F, 0x10EE, 0x190E, 0x190E, 0x190E, 0x190E, 0x190E, 0x190E,
  0x0AE8, 0x0366, 0x0B66, 0x0B86, 0x0B86, 0x0B86, 0x0BA7, 0x0BA7, 0x0BC7, 0x0BC7, 0x0B88, 0x194D,
  0x190E, 0x190E, 0x190E, 0x190E, 0x190E, 0x190E, 0x190E, 0x190E, 0x190E, 0x190E, 0x190E, 0x190E,
  0x190E, 0x192F, 0x194F, 0x116F, 0x1190, 0x1190, 0x09D1, 0x09F1, 0x01F3, 0x9B67, 0xFCA0, 0xFD00,
  0xFDC0, 0xFE21, 0xFEC0, 0xCDC4, 0x0C4B, 0x1546, 0x1D67, 0x148E, 0x02F8, 0x0356, 0x0337, 0x0357,
  0x0397, 0x0398, 0x03B8, 0x03D8, 0x0BF8, 0x0BF8, 0x13F9, 0x1473, 0x1CB2, 0x1459, 0x1C59, 0x1C59,
  0x1C5A, 0x247A, 0x249A, 0x24BA, 0x24DA, 0x24DB, 0x24FB, 0x24FB, 0x251B, 0x253B, 0x253B, 0x253C,
  0x253C, 0x255C, 0x255C, 0x2D3B, 0x1D3D, 0x44F7, 0xF441, 0xFCE0, 0xFD80, 0xFE20, 0xFE80, 0xFEE0,
  0x858E, 0x0C7C, 0x2499, 0x1C7A, 0x1C59, 0x1439, 0x1439, 0x1439, 0x1419, 0x0C19, 0x0BD7, 0x03D6,
  0x0C14, 0x1D0A, 0x2547, 0x2548, 0x2567, 0x146D, 0x02F6, 0x0316, 0x0AF6, 0x0AD5, 0x02B5, 0x0294,
  0x0274, 0x0253, 0x0233, 0x0A13, 0x0A12, 0x09F2, 0x09D1, 0x11B1, 0x1190, 0x1170, 0x1170, 0x1970,
  0x194F, 0x192E, 0x190E, 0x190E, 0x190E, 0x190E, 0x10EE, 0xCE7C, 0xFFFF, 0xFFFF, 0xFFFF, 0xFFFF,
  0xFFFF, 0xFFFF, 0xFFFF, 0xFFFF, 0xFFFF, 0xFFFF, 0xFFFF, 0xFFFF, 0xFFFF, 0xFFFF, 0xFFFF, 0xFFFF,
  0xFFFF, 0xFFFF, 0xFFFF, 0xFFFF, 0xFFFE, 0xFF52, 0xFEA4, 0xFE20, 0xFDE0, 0xFD81, 0xFCC0, 0xFC81,
  0xFE93, 0xFFFF, 0xFFFF, 0xFFFF, 0xFFFF, 0xFFFF, 0xFFFF, 0xFFFF, 0xFFFF, 0xFFFF, 0xFFFF, 0xFFFF,
  0xFFFF, 0xFFFF, 0xFFFF, 0xFFFF, 0xFFFF, 0xFFFF, 0xFFFF, 0xFFFF, 0xFFFF, 0xFFFF, 0xFFFF, 0xFFFF,
  0xFFFF, 0xFFFF, 0xFFFF, 0xFFFF, 0xFFFF, 0xFFFF, 0xFFFF, 0xFFFF, 0xFFFF, 0xFFFF, 0xFFFF, 0xFFFF,
  0xFFFF, 0xFFFF, 0xFFFF, 0xFFFF, 0xFFFF, 0xFFFF, 0xFFFF, 0xFFFF, 0xFFFF, 0xFFFF, 0xFFFF, 0xFFFF,
  0xFFFF, 0xFFFF, 0xFFFF, 0xFFFF, 0xFFFF, 0xFFFF, 0xFFFF, 0xFFFF, 0xFFFF, 0xFFFF, 0xFFFF, 0xFFFF,
  0xFFFF, 0xFFFF, 0xFFFF, 0xFFDD, 0xFD68, 0xFCA0, 0xFD81, 0xFE00, 0xFE60, 0xFE80, 0xFF2F, 0xFFFE,
  0xFFFF, 0xFFFF, 0xFFFF, 0xFFFF, 0xFFFF, 0xFFFF, 0xFFFF, 0xFFFF, 0xFFFF, 0xFFFF, 0xFFFF, 0xFFFF,
  0xFFFF, 0xFFFF, 0xFFFF, 0xFFFF, 0xFFFF, 0xFFFF, 0xFFFF, 0xFFFF, 0xFFFF, 0xFFFF, 0xFFFF, 0xE71D,
  0x214F, 0x18EE, 0x190E, 0x190E, 0x190E, 0x190E, 0x190E, 0x18EF, 0x126A, 0x0386, 0x0B67, 0x0B86,
  0x0BA6, 0x0BA7, 0x0BA6, 0x03A7, 0x0BC7, 0x0407, 0x0ACA, 0x18CE, 0x190E, 0x190E, 0x190E, 0x190E,
  0x190E, 0x190E, 0x190E, 0x190E, 0x190E, 0x190E, 0x190E, 0x190E, 0x190E, 0x192F, 0x194F, 0x116F,
  0x1170, 0x1190, 0x11D0, 0x01B2, 0x52AD, 0xFC80, 0xF4C0, 0xFD80, 0xFE00, 0xFE80, 0xF6A1, 0x3331,
  0x0255, 0x144C, 0x1D67, 0x1D48, 0x0B74, 0x0317, 0x0356, 0x0357, 0x0377, 0x0397, 0x03B8, 0x03D8,
  0x0BD8, 0x0BF8, 0x0BF8, 0x13F9, 0x141A, 0x1439, 0x1C59, 0x1C59, 0x1C5A, 0x1C7A, 0x249A, 0x24BA,
  0x24BA, 0x24DA, 0x24DB, 0x24FB, 0x24FB, 0x251B, 0x251B, 0x251B, 0x251B, 0x251B, 0x251B, 0x251B,
  0x2D1B, 0x151D, 0x8490, 0xFC60, 0xFD20, 0xFDC0, 0xFE20, 0xFEA0, 0xFEC0, 0x4D15, 0x147B, 0x1C79,
  0x1C59, 0x1439, 0x1439, 0x1419, 0x1419, 0x0BF9, 0x0BD7, 0x1CCB, 0x2508, 0x2548, 0x2548, 0x2548,
  0x2586, 0x148D, 0x0317, 0x0316, 0x0AF6, 0x0AD5, 0x02B5, 0x0294, 0x0274, 0x0253, 0x0233, 0x0A13,
  0x09F2, 0x09F2, 0x09D1, 0x11B1, 0x1190, 0x1170, 0x1170, 0x194F, 0x192F, 0x190E, 0x190E, 0x190E,
  0x190E, 0x190E, 0x10CE, 0xBE1B, 0xFFFF, 0xFFFF, 0xFFFF, 0xFFFF, 0xFFFF, 0xFFFF, 0xFFFF, 0xFFFF,
  0xFFFF, 0xFFFF, 0xFFFF, 0xFFFF, 0xFFFF, 0xFFFF, 0xFFFF, 0xFFFF, 0xFFFF, 0xFFFF, 0xFFFF, 0xFFFF,
  0xFFFF, 0xFFFF, 0xFFDD, 0xFF0B, 0xFE40, 0xFE20, 0xFDA1, 0xFD00, 0xFC40, 0xFE50, 0xFFFF, 0xFFFF,
  0xFFFF, 0xFFFF, 0xFFFF, 0xFFFF, 0xFFFF, 0xFFFF, 0xFFFF, 0xFFFF, 0xFFFF, 0xFFFF, 0xFFFF, 0xFFFF,
  0xFFFF, 0xFFFF, 0xFFFF, 0xFFFF, 0xFFFF, 0xFFFF, 0xFFFF, 0xFFFF, 0xFFFF, 0xFFFF, 0xFFFF, 0xFFFF,
  0xFFFF, 0xFFFF, 0xFFFF, 0xFFFF, 0xFFFF, 0xFFFF, 0xFFFF, 0xFFFF, 0xFFFF, 0xFFFF, 0xFFFF, 0xFFFF,
  0xFFFF, 0xFFFF, 0xFFFF, 0xFFFF, 0xFFFF, 0xFFFF, 0xFFFF, 0xFFFF, 0xFFFF, 0xFFFF, 0xFFFF, 0xFFFF,
  0xFFFF, 0xFFFF, 0xFFFF, 0xFFFF, 0xFFFF, 0xFFFF, 0xFFFF, 0xFFFF, 0xFFFF, 0xFFFF, 0xFFDE, 0xFD27,
  0xFCA0, 0xFD80, 0xFE00, 0xFE60, 0xFEC4, 0xFFB9, 0xFFFF, 0xFFFF, 0xFFFF, 0xFFFF, 0xFFFF, 0xFFFF,
  0xFFFF, 0xFFFF, 0xFFFF, 0xFFFF, 0xFFFF, 0xFFFF, 0xFFFF, 0xFFFF, 0xFFFF, 0xFFFF, 0xFFFF, 0xFFFF,
  0xFFFF, 0xFFFF, 0xFFFF, 0xFFFF, 0xFFFF, 0xFFFF, 0xFFFF, 0xD6BC, 0x190E, 0x190E, 0x190E, 0x190E,
  0x190E, 0x190E, 0x190E, 0x18EF, 0x198D, 0x0B67, 0x0B66, 0x0B86, 0x0B86, 0x0BA7, 0x0BA7, 0x0BA7,
  0x0BC7, 0x0BE7, 0x11AD, 0x18EE, 0x190E, 0x190E, 0x190E, 0x190E, 0x190E, 0x190E, 0x190E, 0x190E,
  0x190E, 0x190E, 0x190E, 0x190E, 0x190E, 0x192F, 0x194F, 0x114F, 0x1170, 0x1190, 0x09B1, 0x19F0,
  0xE422, 0xFCA0, 0xFD20, 0xFDC0, 0xFE41, 0xFEE0, 0x7C6B, 0x0256, 0x02D4, 0x02B6, 0x148C, 0x1D86,
  0x148C, 0x02D8, 0x0317, 0x0318, 0x0338, 0x0377, 0x0398, 0x03B8, 0x03B8, 0x0BD8, 0x0BF8, 0x1418,
  0x1418, 0x1439, 0x1439, 0x1C39, 0x1C5A, 0x1C7A, 0x247A, 0x249A, 0x24BA, 0x24BA, 0x24DA, 0x24DB,
  0x24DB, 0x24FB, 0x24FB, 0x24FB, 0x251B, 0x251B, 0x251B, 0x251B, 0x24FB, 0x2CFA, 0x1CFC, 0xB469,
  0xFCA0, 0xFD40, 0xFDE0, 0xFE40, 0xFEC0, 0xD664, 0x1C79, 0x145A, 0x1C59, 0x1439, 0x1419, 0x1419,
  0x0BF8, 0x0BF8, 0x1D0C, 0x2508, 0x03B5, 0x1D2A, 0x25A7, 0x1CEA, 0x140F, 0x1D28, 0x1410, 0x02F7,
  0x0AF5, 0x02D5, 0x02B5, 0x0294, 0x0274, 0x0253, 0x0A33, 0x0A12, 0x09F2, 0x09F2, 0x09D1, 0x11B1,
  0x1191, 0x1170, 0x1170, 0x114F, 0x192F, 0x190E, 0x190E, 0x190E, 0x190E, 0x192E, 0x08AD, 0xB59A,
  0xFFFF, 0xFFFF, 0xFFFF, 0xFFFF, 0xFFFF, 0xFFFF, 0xFFFF, 0xFFFF, 0xFFFF, 0xFFFF, 0xFFFF, 0xFFFF,
  0xFFFF, 0xFFFF, 0xFFFF, 0xFFFF, 0xFFFF, 0xFFFF, 0xFFFF, 0xFFFF, 0xFFFF, 0xFFFF, 0xFFFF, 0xFFFF,
  0xFF73, 0xFE81, 0xFE20, 0xFDA0, 0xFD00, 0xFC20, 0xFE94, 0xFFFF, 0xFFFF, 0xFFFF, 0xFFFF, 0xFFFF,
  0xFFFF, 0xFFFF, 0xFFFF, 0xFFFF, 0xFFFF, 0xFFFF, 0xFFFF, 0xFFFF, 0xFFFF, 0xFFFF, 0xFFFF, 0xFFFF,
  0xFFFF, 0xFFFF, 0xFFFF, 0xFFFF, 0xFFFF, 0xFFFF, 0xFFFF, 0xFFFF, 0xFFFF, 0xFFFF, 0xFFFF, 0xFFFF,
  0xFFFF, 0xFFFF, 0xFFFF, 0xFFFF, 0xFFFF, 0xFFFF, 0xFFFF, 0xFFFF, 0xFFFF, 0xFFFF, 0xFFFF, 0xFFFF,
  0xFFFF, 0xFFFF, 0xFFFF, 0xFFFF, 0xFFFF, 0xFFFF, 0xFFFF, 0xFFFF, 0xFFFF, 0xFFFF, 0xFFFF, 0xFFFF,
  0xFFFF, 0xFFFF, 0xFFFF, 0xFFFF, 0xFFFF, 0xFFFF, 0xF5EE, 0xFC40, 0xFD61, 0xFDE0, 0xFE60, 0xFEA2,
  0xFFBB, 0xFFFF, 0xFFFF, 0xFFFF, 0xFFFF, 0xFFFF, 0xFFFF, 0xFFFF, 0xFFFF, 0xFFFF, 0xFFFF, 0xFFFF,
  0xFFFF, 0xFFFF, 0xFFFF, 0xFFFF, 0xFFFF, 0xFFFF, 0xFFFF, 0xFFFF, 0xFFFF, 0xFFFF, 0xFFFF, 0xFFFF,
  0xFFFF, 0xFFFF, 0xFFFF, 0xCE5B, 0x18EE, 0x190E, 0x190E, 0x190E, 0x190E, 0x190E, 0x190E, 0x190E,
  0x18EF, 0x124A, 0x03A6, 0x0B87, 0x0BA6, 0x0BA7, 0x0BA7, 0x0BA7, 0x03E7, 0x12EA, 0x18EF, 0x190E,
  0x190E, 0x190E, 0x190E, 0x190E, 0x190E, 0x190E, 0x190E, 0x190E, 0x190E, 0x190E, 0x190E, 0x190E,
  0x190E, 0x192E, 0x192F, 0x194F, 0x1170, 0x1190, 0x0192, 0xAB86, 0xFCA0, 0xFCE0, 0xFD80, 0xFE00,
  0xFEC0, 0xC5A5, 0x0275, 0x0294, 0x02B5, 0x02D6, 0x0314, 0x1509, 0x1D47, 0x0C2F, 0x0C10, 0x144E,
  0x03D3, 0x0358, 0x0378, 0x0397, 0x03B8, 0x0BD8, 0x0BD8, 0x13F8, 0x1418, 0x1419, 0x1439, 0x1439,
  0x1C5A, 0x1C5A, 0x1C7A, 0x1C7A, 0x249A, 0x24BA, 0x24BA, 0x24BA, 0x24BA, 0x24DB, 0x24DB, 0x24FB,
  0x24FB, 0x24FB, 0x24FB, 0x24DB, 0x24DB, 0x24FA, 0x1CFC, 0x34D9, 0xE443, 0xFCC0, 0xFD60, 0xFE00,
  0xFE60, 0xFEE0, 0x958C, 0x041B, 0x1C59, 0x1439, 0x1419, 0x13F8, 0x0BD8, 0x14EC, 0x2D66, 0x0BF4,
  0x03D6, 0x2588, 0x25A7, 0x1CEB, 0x0335, 0x0355, 0x0B74, 0x02F6, 0x02D5, 0x02B5, 0x0294, 0x0274,
  0x0254, 0x0233, 0x0A33, 0x0A12, 0x09F2, 0x09D2, 0x09D1, 0x11B1, 0x1190, 0x1170, 0x1170, 0x194F,
  0x192E, 0x190E, 0x190E, 0x190E, 0x190E, 0x192E, 0x08AD, 0xA538, 0xFFFF, 0xFFFF, 0xFFFF, 0xFFFF,
  0xFFFF, 0xFFFF, 0xFFFF, 0xFFFF, 0xFFFF, 0xFFFF, 0xFFFF, 0xFFFF, 0xFFFF, 0xFFFF, 0xFFFF, 0xFFFF,
  0xFFFF, 0xFFFF, 0xFFFF, 0xFFFF, 0xFFFF, 0xFFFF, 0xFFFF, 0xFFFF, 0xFFFF, 0xFF97, 0xFE61, 0xFE00,
  0xFD80, 0xFCC0, 0xFC61, 0xFF7B, 0xFFFF, 0xFFFF, 0xFFFF, 0xFFFF, 0xFFFF, 0xFFFF, 0xFFFF, 0xFFFF,
  0xFFFF, 0xFFFF, 0xFFFF, 0xFFFF, 0xFFFF, 0xFFFF, 0xFFFF, 0xFFFF, 0xFFFF, 0xFFFF, 0xFFFF, 0xFFFF,
  0xFFFF, 0xFFFF, 0xFFFF, 0xFFFF, 0xFFFF, 0xFFFF, 0xFFFF, 0xFFFF, 0xFFFF, 0xFFFF, 0xFFFF, 0xFFFF,
  0xFFFF, 0xFFFF, 0xFFFF, 0xFFFF, 0xFFFF, 0xFFFF, 0xFFFF, 0xFFFF, 0xFFFF, 0xFFFF, 0xFFFF, 0xFFFF,
  0xFFFF, 0xFFFF, 0xFFFF, 0xFFFF, 0xFFFF, 0xFFFF, 0xFFFF, 0xFFFF, 0xFFFF, 0xFFFF, 0xFFFF, 0xFFFF,
  0xFFFF, 0xFFDE, 0xFCA3, 0xFCC0, 0xFDA0, 0xFE40, 0xFE80, 0xFF74, 0xFFFF, 0xFFFF, 0xFFFF, 0xFFFF,
  0xFFFF, 0xFFFF, 0xFFFF, 0xFFFF, 0xFFFF, 0xFFFF, 0xFFFF, 0xFFFF, 0xFFFF, 0xFFFF, 0xFFFF, 0xFFFF,
  0xFFFF, 0xFFFF, 0xFFFF, 0xFFFF, 0xFFFF, 0xFFFF, 0xFFFF, 0xFFFF, 0xFFFF, 0xFFFF, 0xFFFF, 0xC61B,
  0x10CD, 0x192E, 0x190E, 0x190E, 0x190E, 0x190E, 0x190E, 0x190E, 0x190E, 0x190E, 0x0B28, 0x03A7,
  0x0BA7, 0x0BA7, 0x0BC7, 0x03C7, 0x03E7, 0x11AC, 0x18EE, 0x190E, 0x190E, 0x190E, 0x190E, 0x190E,
  0x190E, 0x190E, 0x190E, 0x190E, 0x190E, 0x190E, 0x190E, 0x190E, 0x190E, 0x192E, 0x192F, 0x194F,
  0x196F, 0x0171, 0x628B, 0xFCA0, 0xFCC0, 0xFD60, 0xFDE0, 0xFE80, 0xF6C1, 0x2B11, 0x0255, 0x0294,
  0x02B5, 0x02D5, 0x02B6, 0x0BB1, 0x1D47, 0x1D67, 0x1D66, 0x1D66, 0x1D67, 0x14AC, 0x0395, 0x0379,
  0x0398, 0x0BB8, 0x0BD8, 0x0BF8, 0x13F8, 0x1419, 0x1419, 0x1439, 0x1C59, 0x1C5A, 0x1C5A, 0x1C7A,
  0x1C7A, 0x1C9A, 0x249A, 0x24BA, 0x24BA, 0x24BA, 0x24DA, 0x24DB, 0x24DB, 0x1CDA, 0x24DA, 0x24DA,
  0x24DA, 0x24DB, 0x24DA, 0x1531, 0x6506, 0xFC40, 0xFD00, 0xFDA0, 0xFE40, 0xFEA0, 0xFEE0, 0x4CF3,
  0x0BFB, 0x1C38, 0x1419, 0x13F8, 0x0BD8, 0x0BF5, 0x0BF4, 0x03B9, 0x0BF5, 0x1D2B, 0x2587, 0x2DA6,
  0x250A, 0x0317, 0x02F6, 0x02F5, 0x02D5, 0x02B5, 0x0294, 0x0274, 0x0253, 0x0233, 0x0A33, 0x0A12,
  0x09F2, 0x09D2, 0x09B1, 0x1191, 0x1190, 0x1170, 0x1170, 0x194F, 0x190E, 0x190E, 0x190E, 0x190E,
  0x190E, 0x190E, 0x088D, 0x9CD7, 0xFFFF, 0xFFFF, 0xFFFF, 0xFFFF, 0xFFFF, 0xFFFF, 0xFFFF, 0xFFFF,
  0xFFFF, 0xFFFF, 0xFFFF, 0xFFFF, 0xFFFF, 0xFFFF, 0xFFFF, 0xFFFF, 0xFFFF, 0xFFFF, 0xFFFF, 0xFFFF,
  0xFFFF, 0xFFFF, 0xFFFF, 0xFFFF, 0xFFFF, 0xFFFF, 0xFF50, 0xFE40, 0xFDE0, 0xFD41, 0xFC40, 0xFDCE,
  0xFFFF, 0xFFFF, 0xFFFF, 0xFFFF, 0xFFFF, 0xFFFF, 0xFFFF, 0xFFFF, 0xFFFF, 0xFFFF, 0xFFFF, 0xFFFF,
  0xFFFF, 0xFFFF, 0xFFFF, 0xFFFF, 0xFFFF, 0xFFFF, 0xFFFF, 0xFFFF, 0xFFFF, 0xFFFF, 0xFFFF, 0xFFFF,
  0xFFFF, 0xFFFF, 0xFFFF, 0xFFFF, 0xFFFF, 0xFFFF, 0xFFFF, 0xFFFF, 0xFFFF, 0xFFFF, 0xFFFF, 0xFFFF,
  0xFFFF, 0xFFFF, 0xFFFF, 0xFFFF, 0xFFFF, 0xFFFF, 0xFFFF, 0xFFFF, 0xFFFF, 0xFFFF, 0xFFFF, 0xFFFF,
  0xFFFF, 0xFFFF, 0xFFFF, 0xFFFF, 0xFFFF, 0xFFFF, 0xFFFF, 0xFFFF, 0xFFFF, 0xFF18, 0xFC60, 0xFD20,
  0xFDE0, 0xFE60, 0xFEC4, 0xFFFE, 0xFFFF, 0xFFFF, 0xFFFF, 0xFFFF, 0xFFFF, 0xFFFF, 0xFFFF, 0xFFFF,
  0xFFFF, 0xFFFF, 0xFFFF, 0xFFFF, 0xFFFF, 0xFFFF, 0xFFFF, 0xFFFF, 0xFFFF, 0xFFFF, 0xFFFF, 0xFFFF,
  0xFFFF, 0xFFFF, 0xFFFF, 0xFFFF, 0xFFFF, 0xFFFF, 0xFFFF, 0xBDFA, 0x10CD, 0x190E, 0x190E, 0x190E,
  0x190E, 0x190E, 0x190E, 0x190E, 0x190E, 0x18EF, 0x198D, 0x03A7, 0x0BA7, 0x0BA7, 0x0BC7, 0x03E7,
  0x0B68, 0x190E, 0x190E, 0x190E, 0x190E, 0x190E, 0x190E, 0x190E, 0x190E, 0x190E, 0x190E, 0x190E,
  0x190E, 0x190E, 0x190E, 0x190E, 0x190E, 0x190E, 0x192F, 0x194F, 0x114F, 0x29CF, 0xEC41, 0xFCC0,
  0xFD40, 0xFDC0, 0xFE20, 0xFF00, 0x744B, 0x0215, 0x0273, 0x0274, 0x0295, 0x02B5, 0x02F5, 0x02D6,
  0x148B, 0x1D67, 0x1D48, 0x1D48, 0x1D28, 0x1D66, 0x1D28, 0x144F, 0x0397, 0x0398, 0x0BD8, 0x0BD8,
  0x13F8, 0x1419, 0x1419, 0x1439, 0x1439, 0x1C39, 0x1C59, 0x1C5A, 0x1C5A, 0x1C7A, 0x1C9A, 0x1C9A,
  0x249A, 0x24BA, 0x24BA, 0x1CBA, 0x1CBA, 0x1CBA, 0x1CBA, 0x24BA, 0x24BB, 0x24D9, 0x1D6B, 0x2586,
  0x15A8, 0xA4C3, 0xFC80, 0xFD40, 0xFDE0, 0xFE40, 0xFEC0, 0xDE64, 0x1C38, 0x13F9, 0x13F8, 0x0BD8,
  0x0BD8, 0x03B8, 0x0398, 0x03B7, 0x0398, 0x0377, 0x0BF2, 0x1CAC, 0x2549, 0x0335, 0x02D6, 0x02D5,
  0x02B5, 0x02B5, 0x0294, 0x0274, 0x0253, 0x0A33, 0x0A13, 0x09F2, 0x09F2, 0x09D1, 0x09B1, 0x1191,
  0x1190, 0x1170, 0x1150, 0x192F, 0x190E, 0x190E, 0x190E, 0x190E, 0x190E, 0x190E, 0x088D, 0x94B7,
  0xFFFF, 0xFFFF, 0xFFFF, 0xFFFF, 0xFFFF, 0xFFFF, 0xFFFF, 0xFFFF, 0xFFFF, 0xFFFF, 0xFFFF, 0xFFFF,
  0xFFFF, 0xFFFF, 0xFFFF, 0xFFFF, 0xFFFF, 0xFFFF, 0xFFFF, 0xFFFF, 0xFFFF, 0xFFFF, 0xFFFF, 0xFFFF,
  0xFFFF, 0xFFFF, 0xFFDC, 0xFE61, 0xFE00, 0xFD60, 0xFC80, 0xFCE5, 0xFFFF, 0xFFFF, 0xFFFF, 0xFFFF,
  0xFFFF, 0xFFFF, 0xFFFF, 0xFFFF, 0xFFFF, 0xFFFF, 0xFFFF, 0xFFFF, 0xFFFF, 0xFFFF, 0xFFFF, 0xFFFF,
  0xFFFF, 0xFFFF, 0xFFFF, 0xFFFF, 0xFFFF, 0xFFFF, 0xFFFF, 0xFFFF, 0xFFFF, 0xFFFF, 0xFFFF, 0xFFFF,
  0xFFFF, 0xFFFF, 0xFFFF, 0xFFFF, 0xFFFF, 0xFFFF, 0xFFFF, 0xFFFF, 0xFFFF, 0xFFFF, 0xFFFF, 0xFFFF,
  0xFFFF, 0xFFFF, 0xFFFF, 0xFFFF, 0xFFFF, 0xFFFF, 0xFFFF, 0xFFFF, 0xFFFF, 0xFFFF, 0xFFFF, 0xFFFF,
  0xFFFF, 0xFFFF, 0xFFFF, 0xFFFF, 0xFFFF, 0xFEF6, 0xFC60, 0xFD40, 0xFE00, 0xFE80, 0xFEE5, 0xFFFF,
  0xFFFF, 0xFFFF, 0xFFFF, 0xFFFF, 0xFFFF, 0xFFFF, 0xFFFF, 0xFFFF, 0xFFFF, 0xFFFF, 0xFFFF, 0xFFFF,
  0xFFFF, 0xFFFF, 0xFFFF, 0xFFFF, 0xFFFF, 0xFFFF, 0xFFFF, 0xFFFF, 0xFFFF, 0xFFFF, 0xFFFF, 0xFFFF,
  0xFFFF, 0xFFFF, 0xFFFF, 0xBDFA, 0x10CD, 0x192E, 0x190E, 0x190E, 0x190E, 0x190E, 0x190E, 0x190E,
  0x190E, 0x190E, 0x18EF, 0x126B, 0x03E6, 0x0BC7, 0x0BC7, 0x03E7, 0x120C, 0x18EE, 0x190E, 0x190E,
  0x190E, 0x190E, 0x190E, 0x190E, 0x190E, 0x190E, 0x190E, 0x190E, 0x190E, 0x190E, 0x190E, 0x190E,
  0x190E, 0x190E, 0x192E, 0x194E, 0x0930, 0xAB65, 0xFCC0, 0xFD20, 0xFDC0, 0xFE20, 0xFEE0, 0xBD66,
  0x0214, 0x0A53, 0x0274, 0x0294, 0x0295, 0x02B5, 0x02D5, 0x02D7, 0x0C2F, 0x1D67, 0x1D48, 0x1D48,
  0x1D48, 0x1D28, 0x1D47, 0x1D46, 0x14EA, 0x03D5, 0x0398, 0x0BD8, 0x0BD8, 0x13F8, 0x1419, 0x1419,
  0x1419, 0x1439, 0x1C39, 0x1C59, 0x1C5A, 0x1C7A, 0x1C7A, 0x1C7A, 0x1C9A, 0x1C9A, 0x1C9A, 0x1C9A,
  0x1CBA, 0x1CBA, 0x1C9A, 0x1C99, 0x1C9B, 0x1D4D, 0x1DA6, 0x2588, 0x1D88, 0x2588, 0xDC61, 0xFCA0,
  0xFD80, 0xFE00, 0xFE60, 0xFEE0, 0xA5AA, 0x03DA, 0x13F8, 0x0BD8, 0x0BB8, 0x03B8, 0x03B8, 0x0398,
  0x0397, 0x0357, 0x0318, 0x0337, 0x0355, 0x02F6, 0x02F6, 0x02D5, 0x02B5, 0x02B5, 0x0294, 0x0274,
  0x0253, 0x0233, 0x0A12, 0x09F2, 0x09F2, 0x09D1, 0x11B1, 0x1191, 0x1170, 0x1170, 0x114F, 0x192F,
  0x190E, 0x190E, 0x190E, 0x190E, 0x190E, 0x190E, 0x088D, 0x8C97, 0xFFFF, 0xFFFF, 0xFFFF, 0xFFFF,
  0xFFFF, 0xFFFF, 0xFFFF, 0xFFFF, 0xFFFF, 0xFFFF, 0xFFFF, 0xFFFF, 0xFFFF, 0xFFFF, 0xFFFF, 0xFFFF,
  0xFFFF, 0xFFFF, 0xFFFF, 0xFFFF, 0xFFFF, 0xFFFF, 0xFFFF, 0xFFFF, 0xFFFF, 0xFFFF, 0xFFDC, 0xFE81,
  0xFE20, 0xFD60, 0xFCA0, 0xFCA3, 0xFFBD, 0xFFFF, 0xFFFF, 0xFFFF, 0xFFFF, 0xFFFF, 0xFFFF, 0xFFFF,
  0xFFFF, 0xFFFF, 0xFFFF, 0xFFFF, 0xFFFF, 0xFFFF, 0xFFFF, 0xFFFF, 0xFFFF, 0xFFFF, 0xFFFF, 0xFFFF,
  0xFFFF, 0xFFFF, 0xFFFF, 0xFFFF, 0xFFFF, 0xFFFF, 0xFFFF, 0xFFFF, 0xFFFF, 0xFFFF, 0xFFFF, 0xFFFF,
  0xFFFF, 0xFFFF, 0xFFFF, 0xFFFF, 0xFFFF, 0xFFFF, 0xFFFF, 0xFFFF, 0xFFFF, 0xFFFF, 0xFFFF, 0xFFFF,
  0xFFFF, 0xFFFF, 0xFFFF, 0xFFFF, 0xFFFF, 0xFFFF, 0xFFFF, 0xFFFF, 0xFFFF, 0xFFFF, 0xFFFF, 0xFFFF,
  0xFFFF, 0xFF59, 0xFC60, 0xFD20, 0xFDE0, 0xFE60, 0xFEA0, 0xFFB8, 0xFFFF, 0xFFFF, 0xFFFF, 0xFFFF,
  0xFFFF, 0xFFFF, 0xFFFF, 0xFFFF, 0xFFFF, 0xFFFF, 0xFFFF, 0xFFFF, 0xFFFF, 0xFFFF, 0xFFFF, 0xFFFF,
  0xFFFF, 0xFFFF, 0xFFFF, 0xFFFF, 0xFFFF, 0xFFFF, 0xFFFF, 0xFFFF, 0xFFFF, 0xFFFF, 0xFFFF, 0xBDFA,
  0x10CD, 0x190E, 0x190E, 0x190E, 0x190E, 0x190E, 0x190E, 0x190E, 0x190E, 0x190E, 0x18EE, 0x194D,
  0x0B87, 0x0BE7, 0x03E7, 0x0B88, 0x190E, 0x190E, 0x190E, 0x190E, 0x190E, 0x190E, 0x190E, 0x190E,
  0x190E, 0x190E, 0x190E, 0x190E, 0x190E, 0x190E, 0x190E, 0x190E, 0x190E, 0x18EE, 0x18EE, 0x08F0,
  0x624A, 0xFC80, 0xFCE0, 0xFDA0, 0xFE20, 0xFEA0, 0xEE61, 0x2291, 0x01F3, 0x0A33, 0x0254, 0x0274,
  0x0295, 0x02B5, 0x02D5, 0x02B6, 0x0BD0, 0x1567, 0x1D28, 0x1D47, 0x1D48, 0x1D48, 0x1D27, 0x1D28,
  0x1D46, 0x14AB, 0x0398, 0x03B8, 0x0BD8, 0x0BD8, 0x1419, 0x1419, 0x1419, 0x1419, 0x1439, 0x1439,
  0x1C59, 0x1C59, 0x1C5A, 0x1C7A, 0x1C7A, 0x1C9A, 0x1C9A, 0x1C9A, 0x1C9A, 0x1C9A, 0x1C9A, 0x1C9A,
  0x1C9A, 0x1D6D, 0x1DA7, 0x2588, 0x2568, 0x1588, 0x5526, 0xFC40, 0xFCE0, 0xFDA0, 0xFE20, 0xFE80,
  0xFEE0, 0x5CD1, 0x039A, 0x0BD8, 0x03B8, 0x03B8, 0x0398, 0x0397, 0x0377, 0x0357, 0x0357, 0x0316,
  0x02F6, 0x02F6, 0x02D5, 0x02D5, 0x02B5, 0x0294, 0x0274, 0x0274, 0x0253, 0x0A33, 0x0A12, 0x09F2,
  0x09D2, 0x09B1, 0x11B1, 0x1190, 0x1170, 0x1170, 0x114F, 0x112E, 0x190E, 0x190E, 0x190E, 0x190E,
  0x190E, 0x190E, 0x088D, 0x8C97, 0xFFFF, 0xFFFF, 0xFFFF, 0xFFFF, 0xFFFF, 0xFFFF, 0xFFFF, 0xFFFF,
  0xFFFF, 0xFFFF, 0xFFFF, 0xFFFF, 0xFFFF, 0xFFFF, 0xFFFF, 0xFFFF, 0xFFFF, 0xFFFF, 0xFFFF, 0xFFFF,
  0xFFFF, 0xFFFF, 0xFFFF, 0xFFFF, 0xFFFF, 0xFFFF, 0xFF73, 0xFE60, 0xFE20, 0xFD60, 0xFCA0, 0xFCC5,
  0xFFFF, 0xFFFF, 0xFFFF, 0xFFFF, 0xFFFF, 0xFFFF, 0xFFFF, 0xFFFF, 0xFFFF, 0xFFFF, 0xFFFF, 0xFFFF,
  0xFFFF, 0xFFFF, 0xFFFF, 0xFFFF, 0xFFFF, 0xFFFF, 0xFFFF, 0xFFFF, 0xFFFF, 0xFFFF, 0xFFFF, 0xFFFF,
  0xFFFF, 0xFFFF, 0xFFFF, 0xFFFF, 0xFFFF, 0xFFFF, 0xFFFF, 0xFFFF, 0xFFFF, 0xFFFF, 0xFFFF, 0xFFFF,
  0xFFFF, 0xFFFF, 0xFFFF, 0xFFFF, 0xFFFF, 0xFFFF, 0xFFFF, 0xFFFF, 0xFFFF, 0xFFFF, 0xFFFF, 0xFFFF,
  0xFFFF, 0xFFFF, 0xFFFF, 0xFFFF, 0xFFFF, 0xFFFF, 0xFFFF, 0xFFFF, 0xFFFF, 0xFFFF, 0xFCE5, 0xFCC0,
  0xFDA0, 0xFE20, 0xFE80, 0xFEE5, 0xFFDC, 0xFFFF, 0xFFFF, 0xFFFF, 0xFFFF, 0xFFFF, 0xFFFF, 0xFFFF,
  0xFFFF, 0xFFFF, 0xFFFF, 0xFFFF, 0xFFFF, 0xFFFF, 0xFFFF, 0xFFFF, 0xFFFF, 0xFFFF, 0xFFFF, 0xFFFF,
  0xFFFF, 0xFFFF, 0xFFFF, 0xFFFF, 0xFFFF, 0xFFFF, 0xFFFF, 0xBDFA, 0x10CD, 0x190E, 0x190E, 0x190E,
  0x190E, 0x190E, 0x190E, 0x190E, 0x18EE, 0x190E, 0x18EE, 0x190E, 0x0B68, 0x0C07, 0x0406, 0x122B,
  0x18EF, 0x190E, 0x190E, 0x190E, 0x190E, 0x190E, 0x190E, 0x190E, 0x190E, 0x190E, 0x190E, 0x190E,
  0x190E, 0x190E, 0x190E, 0x190E, 0x18EE, 0x19AD, 0x134A, 0x21EE, 0xE422, 0xFCC0, 0xFD40, 0xFDE0,
  0xFE61, 0xFF20, 0x6BCB, 0x01B3, 0x1232, 0x0A33, 0x0253, 0x0274, 0x0294, 0x02B5, 0x02D5, 0x02B6,
  0x0372, 0x1547, 0x1D48, 0x1D48, 0x1D48, 0x1D48, 0x1D48, 0x1D48, 0x1D48, 0x1D27, 0x03D5, 0x0398,
  0x03B8, 0x0BD8, 0x0BF8, 0x13F9, 0x1419, 0x1419, 0x1419, 0x1439, 0x1C39, 0x1C59, 0x1C59, 0x1C5A,
  0x1C7A, 0x1C7A, 0x1C7A, 0x1C7A, 0x1C7A, 0x1C79, 0x1C7A, 0x1C99, 0x1C9B, 0x1D4D, 0x1D87, 0x2568,
  0x1D88, 0x2568, 0x0DA9, 0x94C4, 0xFC40, 0xF520, 0xFDC0, 0xFE40, 0xFEC0, 0xE682, 0x1BF7, 0x03B8,
  0x03B8, 0x03B8, 0x0398, 0x0377, 0x0357, 0x0357, 0x0337, 0x0316, 0x02F6, 0x02F5, 0x02D5, 0x02D5,
  0x02B4, 0x0294, 0x0274, 0x0253, 0x0233, 0x0A33, 0x0A12, 0x09F2, 0x09D1, 0x09B1, 0x1190, 0x1170,
  0x1170, 0x114F, 0x112F, 0x190E, 0x190E, 0x190E, 0x190E, 0x190E, 0x190E, 0x190E, 0x088D, 0x9CD8,
  0xFFFF, 0xFFFF, 0xFFFF, 0xFFFF, 0xFFFF, 0xFFFF, 0xFFFF, 0xFFFF, 0xFFFF, 0xFFFF, 0xFFFF, 0xFFFF,
  0xFFFF, 0xFFFF, 0xFFFF, 0xFFFF, 0xFFFF, 0xFFFF, 0xFFFF, 0xFFFF, 0xFFFF, 0xFFFF, 0xFFFF, 0xFFFF,
  0xFFFF, 0xFFDB, 0xFEA3, 0xFE60, 0xFDE0, 0xFD61, 0xFC40, 0xFDAC, 0xFFFF, 0xFFFF, 0xFFFF, 0xFFFF,
  0xFFFF, 0xFFFF, 0xFFFF, 0xFFFF, 0xFFFF, 0xFFFF, 0xFFFF, 0xFFFF, 0xFFFF, 0xFFFF, 0xFFFF, 0xFFFF,
  0xFFFF, 0xFFFF, 0xFFFF, 0xFFFF, 0xFFFF, 0xFFFF, 0xFFFF, 0xFFFF, 0xFFFF, 0xFFFF, 0xFFFF, 0xFFFF,
  0xFFFF, 0xFFFF, 0xFFFF, 0xFFFF, 0xFFFF, 0xFFFF, 0xFFFF, 0xFFFF, 0xFFFF, 0xFFFF, 0xFFFF, 0xFFFF,
  0xFFFF, 0xFFFF, 0xFFFF, 0xFFFF, 0xFFFF, 0xFFFF, 0xFFFF, 0xFFFF, 0xFFFF, 0xFFFF, 0xFFFF, 0xFFFF,
  0xFFFF, 0xFFFF, 0xFFFF, 0xFFFF, 0xFFFF, 0xFFFF, 0xFED5, 0xFC40, 0xFD21, 0xFDC0, 0xFE40, 0xFEA0,
  0xFEE5, 0xFFB8, 0xFFFF, 0xFFFF, 0xFFFF, 0xFFFF, 0xFFFF, 0xFFFF, 0xFFFF, 0xFFFF, 0xFFFF, 0xFFFF,
  0xFFFF, 0xFFFF, 0xFFFF, 0xFFFF, 0xFFFF, 0xFFFF, 0xFFFF, 0xFFFF, 0xFFFF, 0xFFFF, 0xFFFF, 0xFFFF,
  0xFFFF, 0xFFFF, 0xFFFF, 0xC63B, 0x10CD, 0x190E, 0x190E, 0x190E, 0x190E, 0x190E, 0x190E, 0x190E,
  0x190E, 0x190E, 0x190E, 0x18EE, 0x0B29, 0x0C06, 0x124B, 0x18EE, 0x190E, 0x190E, 0x190E, 0x190E,
  0x190E, 0x190E, 0x190E, 0x190E, 0x190E, 0x190E, 0x190E, 0x190E, 0x190E, 0x190E, 0x190E, 0x190E,
  0x192D, 0x0C68, 0x0528, 0xAC63, 0xFCA0, 0xFD20, 0xFDA0, 0xFE20, 0xFEE0, 0xB525, 0x01B3, 0x0A11,
  0x09F2, 0x0A13, 0x0A53, 0x0254, 0x0274, 0x0294, 0x02B5, 0x02D5, 0x02D6, 0x14AB, 0x1D67, 0x1D48,
  0x1D48, 0x1D48, 0x1D48, 0x1D48, 0x1D48, 0x1D27, 0x03D4, 0x0398, 0x03B7, 0x03B8, 0x0BD8, 0x0BF8,
  0x13F8, 0x1419, 0x1419, 0x1419, 0x1439, 0x1C39, 0x1459, 0x1C59, 0x1C59, 0x1C79, 0x1C7A, 0x1C7A,
  0x1C79, 0x1C5B, 0x1CD2, 0x254A, 0x252E, 0x1D69, 0x1D88, 0x1D88, 0x1D88, 0x1D88, 0x1D68, 0x1D88,
  0xD461, 0xFC80, 0xFD60, 0xFE00, 0xFE60, 0xFF00, 0xA5A9, 0x0379, 0x0397, 0x0398, 0x0378, 0x0357,
  0x0337, 0x0337, 0x0317, 0x02F6, 0x02D6, 0x02B6, 0x0296, 0x02B5, 0x0294, 0x0274, 0x0274, 0x0253,
  0x0233, 0x0A13, 0x0A12, 0x09F2, 0x09D1, 0x11B1, 0x1190, 0x1170, 0x1170, 0x114F, 0x112E, 0x190E,
  0x190E, 0x190E, 0x190E, 0x190E, 0x190E, 0x190E, 0x088D, 0xA559, 0xFFFF, 0xFFFF, 0xFFFF, 0xFFFF,
  0xFFFF, 0xFFFF, 0xFFFF, 0xFFFF, 0xFFFF, 0xFFFF, 0xFFFF, 0xFFFF, 0xFFFF, 0xFFFF, 0xFFFF, 0xFFFF,
  0xFFFF, 0xFFFF, 0xFFFF, 0xFFFF, 0xFFFF, 0xFFFF, 0xFFFF, 0xFFFF, 0xFF97, 0xFEC3, 0xFE60, 0xFE20,
  0xFD80, 0xFCE0, 0xFC20, 0xFF39, 0xFFFF, 0xFFFF, 0xFFFF, 0xFFFF, 0xFFFF, 0xFFFF, 0xFFFF, 0xFFFF,
  0xFFFF, 0xFFFF, 0xFFFF, 0xFFFF, 0xFFFF, 0xFFFF, 0xFFFF, 0xFFFF, 0xFFFF, 0xFFFF, 0xFFFF, 0xFFFF,
  0xFFFF, 0xFFFF, 0xFFFF, 0xFFFF, 0xFFFF, 0xFFFF, 0xFFFF, 0xFFFF, 0xFFFF, 0xFFFF, 0xFFFF, 0xFFFF,
  0xFFFF, 0xFFFF, 0xFFFF, 0xFFFF, 0xFFFF, 0xFFFF, 0xFFFF, 0xFFFF, 0xFFFF, 0xFFFF, 0xFFFF, 0xFFFF,
  0xFFFF, 0xFFFF, 0xFFFF, 0xFFFF, 0xFFFF, 0xFFFF, 0xFFFF, 0xFFFF, 0xFFFF, 0xFFFF, 0xFFFF, 0xFFFF,
  0xFFFF, 0xFFFF, 0xFFFF, 0xFE0E, 0xFC40, 0xFD41, 0xFDC0, 0xFE40, 0xFEA0, 0xFEC1, 0xFF4F, 0xFFDD,
  0xFFFF, 0xFFFF, 0xFFFF, 0xFFFF, 0xFFFF, 0xFFFF, 0xFFFF, 0xFFFF, 0xFFFF, 0xFFFF, 0xFFFF, 0xFFFF,
  0xFFFF, 0xFFFF, 0xFFFF, 0xFFFF, 0xFFFF, 0xFFFF, 0xFFFF, 0xFFFF, 0xFFFF, 0xFFFF, 0xFFFF, 0xCE7B,
  0x18EE, 0x190E, 0x190E, 0x190E, 0x190E, 0x190E, 0x190E, 0x190E, 0x190E, 0x190E, 0x190E, 0x18EE,
  0x196D, 0x198C, 0x18CE, 0x190E, 0x190E, 0x190E, 0x190E, 0x190E, 0x190E, 0x190E, 0x190E, 0x190E,
  0x190E, 0x190E, 0x190E, 0x190E, 0x190E, 0x190E, 0x190E, 0x190E, 0x192E, 0x036A, 0x5486, 0xFC60,
  0xFCE0, 0xFD80, 0xFE00, 0xFE80, 0xEEA1, 0x22CE, 0x0172, 0x11D1, 0x0A12, 0x0A12, 0x0233, 0x0253,
  0x0274, 0x0294, 0x02B5, 0x02D5, 0x02D6, 0x0B73, 0x1D48, 0x1D48, 0x1D48, 0x1D48, 0x1D48, 0x1D48,
  0x1D28, 0x1D47, 0x0C30, 0x0379, 0x03B7, 0x03B8, 0x03B8, 0x0BD8, 0x0BF8, 0x13F9, 0x1419, 0x1419,
  0x1419, 0x1439, 0x1439, 0x1439, 0x1439, 0x1459, 0x1C59, 0x1459, 0x1C5A, 0x1CD2, 0x2587, 0x2588,
  0x2587, 0x1D88, 0x1D88, 0x1D88, 0x1D88, 0x1D88, 0x1D68, 0x0D88, 0x4D46, 0xFC20, 0xFCE0, 0xFDA0,
  0xFE20, 0xFE80, 0xFEE0, 0x5470, 0x0359, 0x0397, 0x0357, 0x0357, 0x0337, 0x0316, 0x0316, 0x02F6,
  0x02F5, 0x0B91, 0x0BCF, 0x02D4, 0x0274, 0x0274, 0x0253, 0x0253, 0x0A33, 0x0A12, 0x0A12, 0x09D1,
  0x09B1, 0x1191, 0x1190, 0x1170, 0x114F, 0x112F, 0x192E, 0x190E, 0x190E, 0x190E, 0x190E, 0x190E,
  0x190E, 0x190E, 0x08AD, 0xB599, 0xFFFF, 0xFFFF, 0xFFFF, 0xFFFF, 0xFFFF, 0xFFFF, 0xFFFF, 0xFFFF,
  0xFFFF, 0xFFFF, 0xFFFF, 0xFFFF, 0xFFFF, 0xFFFF, 0xFFFF, 0xFFFF, 0xFFFF, 0xFFFF, 0xFFFF, 0xFFFF,
  0xFFFF, 0xFFFF, 0xFFFF, 0xFF30, 0xFEA0, 0xFE80, 0xFE20, 0xFDC0, 0xFD21, 0xFC00, 0xFDEE, 0xFFFF,
  0xFFFF, 0xFFFF, 0xFFFF, 0xFFFF, 0xFFFF, 0xFFFF, 0xFFFF, 0xFFFF, 0xFFFF, 0xFFFF, 0xFFFF, 0xFFFF,
  0xFFFF, 0xFFFF, 0xFFFF, 0xFFFF, 0xFFFF, 0xFFFF, 0xFFFF, 0xFFFF, 0xFFFF, 0xFFFF, 0xFFFF, 0xFFFF,
  0xFFFF, 0xFFFF, 0xFFFF, 0xFFFF, 0xFFFF, 0xFFFF, 0xFFFF, 0xFFFF, 0xFFFF, 0xFFFF, 0xFFFF, 0xFFFF,
  0xFFFF, 0xFFFF, 0xFFFF, 0xFFFF, 0xFFFF, 0xFFFF, 0xFFFF, 0xFFFF, 0xFFFF, 0xFFFF, 0xFFFF, 0xFFFF,
  0xFFFF, 0xFFFF, 0xFFFF, 0xFFFF, 0xFFFF, 0xFFFF, 0xFFFF, 0xFFFF, 0xFFFF, 0xFFFF, 0xFFFF, 0xFFFF,
  0xFDED, 0xFC40, 0xFD20, 0xFDC0, 0xFE20, 0xFE80, 0xFE80, 0xFEC3, 0xFF72, 0xFFFE, 0xFFFF, 0xFFFF,
  0xFFFF, 0xFFFF, 0xFFFF, 0xFFFF, 0xFFFF, 0xFFFF, 0xFFFF, 0xFFFF, 0xFFFF, 0xFFFF, 0xFFFF, 0xFFFF,
  0xFFFF, 0xFFFF, 0xFFFF, 0xFFFF, 0xFFFF, 0xFFFF, 0xFFFF, 0xDEDC, 0x192E, 0x190E, 0x190E, 0x190E,
  0x190E, 0x190E, 0x190E, 0x190E, 0x190E, 0x190E, 0x190E, 0x190E, 0x18EE, 0x18EE, 0x190E, 0x190E,
  0x190E, 0x190E, 0x190E, 0x190E, 0x190E, 0x190E, 0x190E, 0x190E, 0x190E, 0x190E, 0x190E, 0x190E,
  0x190E, 0x190E, 0x190E, 0x190E, 0x18EE, 0x210F, 0xDBE2, 0xFCA0, 0xFD60, 0xFDE0, 0xFE60, 0xFEC0,
  0x6585, 0x04E9, 0x1C89, 0x0A8F, 0x0972, 0x09F2, 0x0212, 0x0233, 0x0253, 0x0274, 0x0294, 0x02B5,
  0x02D5, 0x02D6, 0x0BD1, 0x1D67, 0x1D48, 0x1D48, 0x1D48, 0x1D47, 0x1D48, 0x1D47, 0x1509, 0x0376,
  0x0378, 0x0398, 0x03B8, 0x03B8, 0x0BD8, 0x0BF8, 0x13F9, 0x13F8, 0x13F8, 0x1418, 0x1419, 0x1439,
  0x1439, 0x1439, 0x143A, 0x143A, 0x1CF0, 0x2567, 0x2568, 0x2568, 0x2568, 0x2568, 0x1D68, 0x1D68,
  0x1D88, 0x1D88, 0x1D68, 0x1D68, 0x0D88, 0x94C4, 0xFC60, 0xFD20, 0xFDC0, 0xFE40, 0xFEC0, 0xE683,
  0x1BB6, 0x0357, 0x0377, 0x0357, 0x0317, 0x02F7, 0x0316, 0x02B6, 0x0B91, 0x1D86, 0x1D08, 0x02B3,
  0x0274, 0x0274, 0x0253, 0x0233, 0x0A33, 0x0A12, 0x09F2, 0x09D1, 0x11B1, 0x1190, 0x1190, 0x1170,
  0x114F, 0x112F, 0x190E, 0x190E, 0x190E, 0x190E, 0x190E, 0x190E, 0x190E, 0x190E, 0x10CD, 0xBDFA,
  0xFFFF, 0xFFFF, 0xFFFF, 0xFFFF, 0xFFFF, 0xFFFF, 0xFFFF, 0xFFFF, 0xFFFF, 0xFFFF, 0xFFFF, 0xFFFF,
  0xFFFF, 0xFFFF, 0xFFFF, 0xFFFF, 0xFFFF, 0xFFFF, 0xFFFF, 0xFFFF, 0xFFFF, 0xFF96, 0xFEE6, 0xFE80,
  0xFE60, 0xFE20, 0xFDC0, 0xFD20, 0xFC40, 0xFD69, 0xFFFF, 0xFFFF, 0xFFFF, 0xFFFF, 0xFFFF, 0xFFFF,
  0xFFFF, 0xFFFF, 0xFFFF, 0xFFFF, 0xFFFF, 0xFFFF, 0xFFFF, 0xFFFF, 0xFFFF, 0xFFFF, 0xFFFF, 0xFFFF,
  0xFFFF, 0xFFFF, 0xFFFF, 0xFFFF, 0xFFFF, 0xFFFF, 0xFFFF, 0xFFFF, 0xFFFF, 0xFFFF, 0xFFFF, 0xFFFF,
  0xFFFF, 0xFFFF, 0xFFFF, 0xFFFF, 0xFFFF, 0xFFFF, 0xFFFF, 0xFFFF, 0xFFFF, 0xFFFF, 0xFFFF, 0xFFFF,
  0xFFFF, 0xFFFF, 0xFFFF, 0xFFFF, 0xFFFF, 0xFFFF, 0xFFFF, 0xFFFF, 0xFFFF, 0xFFFF, 0xFFFF, 0xFFFF,
  0xFFFF, 0xFFFF, 0xFFFF, 0xFFFF, 0xFFFF, 0xFFFF, 0xFFFF, 0xFFFF, 0xFFFF, 0xFE0F, 0xFC60, 0xFD00,
  0xFDA1, 0xFDE0, 0xFE40, 0xFE60, 0xFE80, 0xFEC4, 0xFF4F, 0xFFDA, 0xFFFF, 0xFFFF, 0xFFFF, 0xFFFF,
  0xFFFF, 0xFFFF, 0xFFFF, 0xFFFF, 0xFFFF, 0xFFFF, 0xFFFF, 0xFFFF, 0xFFFF, 0xFFFF, 0xFFFF, 0xFFFF,
  0xFFFF, 0xFFFF, 0xFFFF, 0xE73D, 0x214F, 0x18EE, 0x190E, 0x190E, 0x190E, 0x190E, 0x190E, 0x190E,
  0x190E, 0x18EE, 0x190E, 0x190E, 0x190E, 0x190E, 0x190E, 0x190E, 0x190E, 0x190E, 0x190E, 0x190E,
  0x190E, 0x190E, 0x190E, 0x190E, 0x190E, 0x190E, 0x190E, 0x190E, 0x190E, 0x190E, 0x190E, 0x190E,
  0x08EF, 0x9AE7, 0xFCC0, 0xF500, 0xFDC0, 0xFE40, 0xFEC0, 0xB622, 0x0507, 0x1527, 0x1D67, 0x14E8,
  0x136B, 0x0A8F, 0x0212, 0x0213, 0x0253, 0x0274, 0x0294, 0x0294, 0x02B5, 0x02D5, 0x02D6, 0x13EF,
  0x1D48, 0x1D48, 0x1D48, 0x1D47, 0x1D48, 0x1528, 0x1D66, 0x0C4E, 0x0339, 0x0397, 0x0398, 0x03B8,
  0x03B8, 0x0BD8, 0x0BD8, 0x0BD8, 0x0BF8, 0x13F8, 0x13F8, 0x1418, 0x1419, 0x1419, 0x14B2, 0x1D2C,
  0x2587, 0x2568, 0x2568, 0x2568, 0x2568, 0x1D68, 0x1D68, 0x1D68, 0x1D68, 0x1D88, 0x1D68, 0x1D68,
  0x1D68, 0x1568, 0xCC62, 0xFCA0, 0xFD60, 0xFDE0, 0xFE60, 0xFF00, 0xADA8, 0x0318, 0x0357, 0x0338,
  0x0374, 0x0B92, 0x02D6, 0x02B6, 0x0C4D, 0x2547, 0x02F2, 0x0235, 0x0273, 0x0253, 0x0233, 0x0233,
  0x0A12, 0x0A12, 0x09F2, 0x09D1, 0x11B1, 0x1190, 0x1170, 0x116F, 0x114F, 0x192E, 0x190E, 0x190E,
  0x190E, 0x18EE, 0x190E, 0x190E, 0x190E, 0x190E, 0x18EE, 0xCE9C, 0xFFFF, 0xFFFF, 0xFFFF, 0xFFFF,
  0xFFFF, 0xFFFF, 0xFFFF, 0xFFFF, 0xFFFF, 0xFFFF, 0xFFFF, 0xFFFF, 0xFFFF, 0xFFFF, 0xFFFF, 0xFFFF,
  0xFFFF, 0xFFFF, 0xFFDD, 0xFF74, 0xFF08, 0xFE80, 0xFE60, 0xFE40, 0xFDE0, 0xFD80, 0xFD00, 0xFC40,
  0xFDAB, 0xFFFE, 0xFFFF, 0xFFFF, 0xFFFF, 0xFFFF, 0xFFFF, 0xFFFF, 0xFFFF, 0xFFFF, 0xFFFF, 0xFFFF,
  0xFFFF, 0xFFFF, 0xFFFF, 0xFFFF, 0xFFFF, 0xFFFF, 0xFFFF, 0xFFFF, 0xFFFF, 0xFFFF, 0xFFFF, 0xFFFF,
  0xFFFF, 0xFFFF, 0xFFFF, 0xFFFF, 0xFFFF, 0xFFFF, 0xFFFF, 0xFFFF, 0xFFFF, 0xFFFF, 0xFFFF, 0xFFFF,
  0xFFFF, 0xFFFF, 0xFFFF, 0xFFFF, 0xFFFF, 0xFFFF, 0xFFFF, 0xFFFF, 0xFFFF, 0xFFFF, 0xFFFF, 0xFFFF,
  0xFFFF, 0xFFFF, 0xFFFF, 0xFFFF, 0xFFFF, 0xFFFF, 0xFFFF, 0xFFFF, 0xFFFF, 0xFFFF, 0xFFFF, 0xFFFF,
  0xFFFF, 0xFFFF, 0xFFFF, 0xFFFF, 0xFFFF, 0xFFFF, 0xFEF6, 0xFCC3, 0xFCA0, 0xFD40, 0xFDC0, 0xFE00,
  0xFE40, 0xFE80, 0xFE80, 0xFEC1, 0xFF09, 0xFF96, 0xFFFE, 0xFFFF, 0xFFFF, 0xFFFF, 0xFFFF, 0xFFFF,
  0xFFFF, 0xFFFF, 0xFFFF, 0xFFFF, 0xFFFF, 0xFFFF, 0xFFFF, 0xFFFF, 0xFFFF, 0xFFFF, 0xFFFF, 0xF79E,
  0x31B0, 0x10CE, 0x190E, 0x190E, 0x190E, 0x190E, 0x190E, 0x190E, 0x190E, 0x190E, 0x190E, 0x190E,
  0x190E, 0x190E, 0x190E, 0x190E, 0x190E, 0x190E, 0x190E, 0x190E, 0x190E, 0x190E, 0x190E, 0x190E,
  0x190E, 0x190E, 0x190E, 0x190E, 0x190E, 0x190E, 0x190E, 0x08CF, 0x51EB, 0xFCA0, 0xFCE0, 0xFDA0,
  0xFE20, 0xFEA0, 0xEE81, 0x2D07, 0x0D07, 0x1CE7, 0x14E8, 0x1507, 0x1527, 0x1507, 0x1469, 0x0A91,
  0x0254, 0x0274, 0x0274, 0x0294, 0x0294, 0x02B5, 0x02D5, 0x0296, 0x0BF0, 0x1D86, 0x1D48, 0x1D48,
  0x1D48, 0x1528, 0x1D28, 0x1D27, 0x0394, 0x0358, 0x0397, 0x0398, 0x03B8, 0x03B8, 0x03D8, 0x0BD8,
  0x0BD8, 0x0BD8, 0x0BD9, 0x0BF9, 0x13D9, 0x1CCF, 0x1DA6, 0x2587, 0x2568, 0x2568, 0x1D48, 0x1D68,
  0x1D68, 0x1D68, 0x1D68, 0x1D68, 0x1D68, 0x1D68, 0x1D68, 0x1D68, 0x1D48, 0x0D87, 0x4546, 0xFC60,
  0xFD00, 0xFD80, 0xFE20, 0xFE80, 0xFEE0, 0x5450, 0x0357, 0x1CCD, 0x2567, 0x1D08, 0x02F5, 0x02F4,
  0x14E8, 0x1D67, 0x142C, 0x0254, 0x0253, 0x0233, 0x0233, 0x0213, 0x0212, 0x0A12, 0x09F2, 0x11D1,
  0x11B1, 0x1190, 0x1170, 0x116F, 0x192E, 0x190E, 0x18CE, 0x18EE, 0x190E, 0x190E, 0x190E, 0x190E,
  0x190E, 0x18EE, 0x192E, 0xDF1D, 0xFFFF, 0xFFFF, 0xFFFF, 0xFFFF, 0xFFFF, 0xFFFF, 0xFFFF, 0xFFFF,
  0xFFFF, 0xFFFF, 0xFFFF, 0xFFFF, 0xFFFF, 0xFFFF, 0xFFFF, 0xFFFF, 0xFFB9, 0xFF2D, 0xFEC3, 0xFE80,
  0xFE60, 0xFE40, 0xFE00, 0xFDA0, 0xFD41, 0xFCA0, 0xFC61, 0xFE72, 0xFFFF, 0xFFFF, 0xFFFF, 0xFFFF,
  0xFFFF, 0xFFFF, 0xFFFF, 0xFFFF, 0xFFFF, 0xFFFF, 0xFFFF, 0xFFFF, 0xFFFF, 0xFFFF, 0xFFFF, 0xFFFF,
  0xFFFF, 0xFFFF, 0xFFFF, 0xFFFF, 0xFFFF, 0xFFFF, 0xFFFF, 0xFFFF, 0xFFFF, 0xFFFF, 0xFFFF, 0xFFFF,
  0xFFFF, 0xFFFF, 0xFFFF, 0xFFFF, 0xFFFF, 0xFFFF, 0xFFFF, 0xFFFF, 0xFFFF, 0xFFFF, 0xFFFF, 0xFFFF,
  0xFFFF, 0xFFFF, 0xFFFF, 0xFFFF, 0xFFFF, 0xFFFF, 0xFFFF, 0xFFFF, 0xFFFF, 0xFFFF, 0xFFFF, 0xFFFF,
  0xFFFF, 0xFFFF, 0xFFFF, 0xFFFF, 0xFFFF, 0xFFFF, 0xFFFF, 0xFFFF, 0xFFFF, 0xFFFF, 0xFFFF, 0xFFFF,
  0xFFFF, 0xFFFF, 0xFFFF, 0xFF9C, 0xFD8A, 0xFC60, 0xFCE0, 0xFD60, 0xFDA0, 0xFE00, 0xFE41, 0xFE80,
  0xFE80, 0xFEA0, 0xFEE4, 0xFF4E, 0xFFB8, 0xFFFF, 0xFFFF, 0xFFFF, 0xFFFF, 0xFFFF, 0xFFFF, 0xFFFF,
  0xFFFF, 0xFFFF, 0xFFFF, 0xFFFF, 0xFFFF, 0xFFFF, 0xFFFF, 0xFFFF, 0x4231, 0x10CD, 0x190E, 0x190E,
  0x190E, 0x190E, 0x190E, 0x190E, 0x190E, 0x190E, 0x190E, 0x190E, 0x190E, 0x190E, 0x190E, 0x190E,
  0x190E, 0x190E, 0x190E, 0x190E, 0x190E, 0x190E, 0x190E, 0x190E, 0x190E, 0x190E, 0x190E, 0x190E,
  0x190E, 0x190E, 0x190E, 0x190E, 0xD3C2, 0xFCE0, 0xFD60, 0xFDE0, 0xFE40, 0xFF20, 0x738A, 0x01EF,
  0x14E8, 0x1507, 0x14E7, 0x1507, 0x14E8, 0x14E8, 0x1567, 0x0AF1, 0x0215, 0x0234, 0x0254, 0x0274,
  0x0274, 0x0295, 0x02B5, 0x02D5, 0x02F6, 0x144E, 0x1D48, 0x1D67, 0x1D47, 0x1D47, 0x1D28, 0x1D47,
  0x148C, 0x0318, 0x0377, 0x0377, 0x0398, 0x0398, 0x03B8, 0x03B8, 0x0399, 0x0BD7, 0x1453, 0x1453,
  0x1436, 0x1D49, 0x1D67, 0x2568, 0x2568, 0x1D48, 0x1D48, 0x1D48, 0x1D48, 0x1D68, 0x1D68, 0x1D68,
  0x1D68, 0x1D68, 0x1D68, 0x1D68, 0x1D68, 0x1D2A, 0x050D, 0x8468, 0xFC60, 0xFD20, 0xFDA0, 0xFE40,
  0xFEC0, 0xDE63, 0x2549, 0x14CA, 0x1CEA, 0x2527, 0x0334, 0x02D6, 0x0352, 0x1D08, 0x14A9, 0x0253,
  0x0253, 0x0233, 0x0233, 0x0212, 0x0A12, 0x09F2, 0x09D1, 0x11B1, 0x1171, 0x1170, 0x1150, 0x192F,
  0x18EF, 0x190E, 0x11CB, 0x196C, 0x190E, 0x18EE, 0x18EE, 0x190E, 0x190E, 0x10ED, 0x298F, 0xEF7E,
  0xFFFF, 0xFFFF, 0xFFFF, 0xFFFF, 0xFFFF, 0xFFFF, 0xFFFF, 0xFFFF, 0xFFFF, 0xFFFF, 0xFFFF, 0xFFFF,
  0xFFFF, 0xFFDA, 0xFF71, 0xFF07, 0xFEA0, 0xFE80, 0xFE80, 0xFE40, 0xFE00, 0xFDC0, 0xFD61, 0xFCC0,
  0xFC40, 0xFCE5, 0xFF38, 0xFFFF, 0xFFFF, 0xFFFF, 0xFFFF, 0xFFFF, 0xFFFF, 0xFFFF, 0xFFFF, 0xFFFF,
  0xFFFF, 0xFFFF, 0xFFFF, 0xFFFF, 0xFFFF, 0xFFFF, 0xFFFF, 0xFFFF, 0xFFFF, 0xFFFF, 0xFFFF, 0xFFFF,
  0xFFFF, 0xFFFF, 0xFFFF, 0xFFFF, 0xFFFF, 0xFFFF, 0xFFFF, 0xFFFF, 0xFFFF, 0xFFFF, 0xFFFF, 0xFFFF,
  0xFFFF, 0xFFFF, 0xFFFF, 0xFFFF, 0xFFFF, 0xFFFF, 0xFFFF, 0xFFFF, 0xFFFF, 0xFFFF, 0xFFFF, 0xFFFF,
  0xFFFF, 0xFFFF, 0xFFFF, 0xFFFF, 0xFFFF, 0xFFFF, 0xFFFF, 0xFFFF, 0xFFFF, 0xFFFF, 0xFFFF, 0xFFFF,
  0xFFFF, 0xFFFF, 0xFFFF, 0xFFFF, 0xFFFF, 0xFFFF, 0xFFFF, 0xFFFF, 0xFFFF, 0xFFFF, 0xFFFF, 0xFFFF,
  0xFFFF, 0xFEB4, 0xFCE5, 0xFC60, 0xFCC0, 0xFD60, 0xFDA0, 0xFE00, 0xFE20, 0xFE60, 0xFE80, 0xFEA0,
  0xFEA0, 0xFEE5, 0xFF4E, 0xFFB7, 0xFFDD, 0xFFFF, 0xFFFF, 0xFFFF, 0xFFFF, 0xFFFF, 0xFFFF, 0xFFFF,
  0xFFFF, 0xFFFF, 0xFFFF, 0xFFFF, 0x5AF2, 0x08AD, 0x190E, 0x190E, 0x190E, 0x190E, 0x18EE, 0x190E,
  0x190E, 0x190E, 0x190E, 0x190E, 0x190E, 0x190E, 0x190E, 0x190E, 0x190E, 0x190E, 0x190E, 0x190E,
  0x190E, 0x18EE, 0x190E, 0x190E, 0x190E, 0x190E, 0x190E, 0x190E, 0x190E, 0x190E, 0x08EF, 0x8AA7,
  0xFCA0, 0xFD00, 0xFDC0, 0xFE20, 0xFF00, 0xBD44, 0x1110, 0x1911, 0x1A8E, 0x1528, 0x1527, 0x1508,
  0x1508, 0x14E8, 0x1547, 0x142C, 0x0292, 0x0B2F, 0x02B2, 0x0293, 0x148A, 0x0B12, 0x0296, 0x02D5,
  0x02D5, 0x02D7, 0x0B55, 0x0C2F, 0x1D08, 0x1D47, 0x1D47, 0x1D67, 0x1D67, 0x0BD2, 0x0338, 0x0377,
  0x0377, 0x0398, 0x0398, 0x03B7, 0x1490, 0x1D2A, 0x1D87, 0x1D67, 0x1D68, 0x1D68, 0x1D68, 0x1D68,
  0x1D68, 0x1D48, 0x1D48, 0x1D48, 0x1D48, 0x1D68, 0x1D68, 0x1D48, 0x1D68, 0x1D68, 0x1D68, 0x1D88,
  0x0C51, 0x0378, 0x0378, 0x0B77, 0xCC04, 0xFCC0, 0xFD40, 0xFDE0, 0xFE60, 0xFEE0, 0x9DC4, 0x02D6,
  0x0B15, 0x0B53, 0x02D6, 0x02D5, 0x0275, 0x14A9, 0x142B, 0x0215, 0x0234, 0x0213, 0x0212, 0x09F2,
  0x09F1, 0x09D1, 0x09D0, 0x0A0F, 0x0A8C, 0x0B0A, 0x0B29, 0x0AEA, 0x126B, 0x0AA9, 0x03A6, 0x0B66,
  0x0AE8, 0x11AC, 0x112D, 0x190E, 0x190E, 0x10CD, 0x3A30, 0xFFFF, 0xFFFF, 0xFFFF, 0xFFFF, 0xFFFF,
  0xFFFF, 0xFFFF, 0xFFFF, 0xFFFF, 0xFFFF, 0xFFFE, 0xFFB9, 0xFF50, 0xFF07, 0xFEC1, 0xFE80, 0xFE80,
  0xFE60, 0xFE20, 0xFDE0, 0xFDA0, 0xFD40, 0xFCC0, 0xFC60, 0xFCC4, 0xFE51, 0xFFDE, 0xFFFF, 0xFFFF,
  0xFFFF, 0xFFFF, 0xFFFF, 0xFFFF, 0xFFFF, 0xFFFF, 0xFFFF, 0xFFFF, 0xFFFF, 0xFFFF, 0xFFFF, 0xFFFF,
  0xFFFF, 0xFFFF, 0xFFFF, 0xFFFF, 0xFFFF, 0xFFFF, 0xFFFF, 0xFFFF, 0xFFFF, 0xFFFF, 0xFFFF, 0xFFFF,
  0xFFFF, 0xFFFF, 0xFFFF, 0xFFFF, 0xFFFF, 0xFFFF, 0xFFFF, 0xFFFF, 0xFFFF, 0xFFFF, 0xFFFF, 0xFFFF,
  0xFFFF, 0xFFFF, 0xFFFF, 0xFFFF, 0xFFFF, 0xFFFF, 0xFFFF, 0xFFFF, 0xFFFF, 0xFFFF, 0xFFFF, 0xFFFF,
  0xFFFF, 0xFFFF, 0xFFFF, 0xFFFF, 0xFFFF, 0xFFFF, 0xFFFF, 0xFFFF, 0xFFFF, 0xFFFF, 0xFFFF, 0xFFFF,
  0xFFFF, 0xFFFF, 0xFFFF, 0xFFFF, 0xFFFF, 0xFFFF, 0xFFFF, 0xFFFF, 0xFFFF, 0xFFFF, 0xFFFE, 0xFE93,
  0xFCE5, 0xFC60, 0xFCA0, 0xFD40, 0xFDA1, 0xFDE0, 0xFE20, 0xFE41, 0xFE60, 0xFE80, 0xFE80, 0xFEA0,
  0xFEE3, 0xFF09, 0xFF51, 0xFFB9, 0xFFFE, 0xFFFF, 0xFFFF, 0xFFFF, 0xFFFF, 0xFFFF, 0xFFFF, 0xFFFF,
  0x7BF4, 0x088D, 0x192E, 0x190E, 0x190E, 0x18EE, 0x18EE, 0x18EE, 0x18EE, 0x190E, 0x190E, 0x190E,
  0x190E, 0x190E, 0x190E, 0x190E, 0x190E, 0x190E, 0x190E, 0x190E, 0x18EE, 0x18EE, 0x190E, 0x190E,
  0x190E, 0x190E, 0x190E, 0x190E, 0x190E, 0x10EE, 0x418C, 0xF460, 0xFCE0, 0xFD80, 0xFE00, 0xFE80,
  0xF6A1, 0x39ED, 0x10EF, 0x196E, 0x1150, 0x120F, 0x14A9, 0x1567, 0x1507, 0x1507, 0x1508, 0x1527,
  0x14E8, 0x1D47, 0x14E9, 0x142C, 0x1D46, 0x1D08, 0x0331, 0x0255, 0x02B4, 0x02F5, 0x02F6, 0x02D6,
  0x0314, 0x0B73, 0x0BD1, 0x14AC, 0x1548, 0x0BD2, 0x0338, 0x0377, 0x0377, 0x0377, 0x0378, 0x03B7,
  0x1D2A, 0x2567, 0x1D48, 0x1D68, 0x2548, 0x1D48, 0x1D48, 0x1D68, 0x1D48, 0x1D48, 0x1D48, 0x1D48,
  0x1D48, 0x1D48, 0x1D48, 0x1D48, 0x1D48, 0x1D48, 0x1D68, 0x1D68, 0x03D4, 0x0378, 0x0397, 0x0378,
  0x3B92, 0xFC80, 0xFD00, 0xFD80, 0xFE00, 0xFE80, 0xFEC0, 0x43CF, 0x0296, 0x02D5, 0x02D5, 0x0296,
  0x0294, 0x0BAC, 0x02B1, 0x02B2, 0x0BEB, 0x0B0D, 0x0211, 0x0A8F, 0x0A11, 0x0992, 0x0AEB, 0x0427,
  0x0C27, 0x0C06, 0x0BE7, 0x0BE6, 0x0BC6, 0x0386, 0x0B66, 0x0B66, 0x0386, 0x0366, 0x0B26, 0x118B,
  0x18EE, 0x08AD, 0x5B12, 0xFFFF, 0xFFFF, 0xFFFF, 0xFFFF, 0xFFFF, 0xFFFF, 0xFFDD, 0xFFB9, 0xFF72,
  0xFF2A, 0xFEE4, 0xFEA0, 0xFE80, 0xFE80, 0xFE60, 0xFE40, 0xFE00, 0xFDC0, 0xFD80, 0xFD20, 0xFCA0,
  0xFC60, 0xFCE5, 0xFE72, 0xFFDE, 0xFFFF, 0xFFFF, 0xFFFF, 0xFFFF, 0xFFFF, 0xFFFF, 0xFFFF, 0xFFFF,
  0xFFFF, 0xFFFF, 0xFFFF, 0xFFFF, 0xFFFF, 0xFFFF, 0xFFFF, 0xFFFF, 0xFFFF, 0xFFFF, 0xFFFF, 0xFFFF,
  0xFFFF, 0xFFFF, 0xFFFF, 0xFFFF, 0xFFFF, 0xFFFF, 0xFFFF, 0xFFFF, 0xFFFF, 0xFFFF, 0xFFFF, 0xFFFF,
  0xFFFF, 0xFFFF, 0xFFFF, 0xFFFF, 0xFFFF, 0xFFFF, 0xFFFF, 0xFFFF, 0xFFFF, 0xFFFF, 0xFFFF, 0xFFFF,
  0xFFFF, 0xFFFF, 0xFFFF, 0xFFFF, 0xFFFF, 0xFFFF, 0xFFFF, 0xFFFF, 0xFFFF, 0xFFFF, 0xFFFF, 0xFFFF,
  0xFFFF, 0xFFFF, 0xFFFF, 0xFFFF, 0xFFFF, 0xFFFF, 0xFFFF, 0xFFFF, 0xFFFF, 0xFFFF, 0xFFFF, 0xFFFF,
  0xFFFF, 0xFFFF, 0xFFFF, 0xFFFF, 0xFFFF, 0xFFFF, 0xFFFF, 0xFFFF, 0xFFFE, 0xFEB4, 0xFD27, 0xFC60,
  0xFC80, 0xFD00, 0xFD60, 0xFDC0, 0xFDE0, 0xFE00, 0xFE40, 0xFE60, 0xFE80, 0xFE80, 0xFE80, 0xFEA0,
  0xFEE4, 0xFF0A, 0xFF51, 0xFFB9, 0xFFDE, 0xFFFF, 0xFFFF, 0xFFFF, 0x9CF8, 0x086D, 0x192E, 0x190E,
  0x192E, 0x190E, 0x190E, 0x18EE, 0x18EE, 0x190E, 0x190E, 0x190E, 0x190E, 0x190E, 0x190E, 0x190E,
  0x190E, 0x190E, 0x190E, 0x18EE, 0x190E, 0x18EE, 0x18EE, 0x190E, 0x190E, 0x18EE, 0x190E, 0x190E,
  0x190E, 0x10EE, 0xC364, 0xFCC0, 0xFD40, 0xFDE0, 0xFE40, 0xFF00, 0x7B88, 0x08AF, 0x192E, 0x192F,
  0x196F, 0x1130, 0x11CE, 0x138B, 0x1468, 0x14E8, 0x1528, 0x1508, 0x1508, 0x1D08, 0x1D47, 0x1D47,
  0x1508, 0x1D47, 0x14A9, 0x0AF1, 0x0275, 0x02B5, 0x02B6, 0x02D5, 0x02D6, 0x02F7, 0x02F7, 0x0317,
  0x0375, 0x0337, 0x0337, 0x0357, 0x0357, 0x0377, 0x0397, 0x0379, 0x14CE, 0x2567, 0x1D48, 0x1D68,
  0x1D48, 0x1D48, 0x1D48, 0x1D48, 0x1D48, 0x1D48, 0x1D48, 0x1D48, 0x1D48, 0x1D48, 0x1D48, 0x1D48,
  0x1D48, 0x1D48, 0x1D48, 0x1D87, 0x0C31, 0x0358, 0x0377, 0x0377, 0x0358, 0x8BEB, 0xFC80, 0xFD20,
  0xFDA0, 0xFE20, 0xFEE0, 0xD623, 0x0AB4, 0x02B5, 0x02D5, 0x0332, 0x0294, 0x0214, 0x0271, 0x0C88,
  0x14E7, 0x0C88, 0x0C08, 0x0C67, 0x0BAA, 0x09D1, 0x0B0B, 0x0C27, 0x0BC7, 0x0BC7, 0x0BC7, 0x0B87,
  0x0B67, 0x0B66, 0x0B66, 0x0B66, 0x0B66, 0x0B46, 0x0B45, 0x0A87, 0x190D, 0x002D, 0x73D5, 0xFFFF,
  0xFFDF, 0xFFDD, 0xFFB8, 0xFF71, 0xFF09, 0xFEE3, 0xFEC0, 0xFEA0, 0xFE80, 0xFE80, 0xFE60, 0xFE41,
  0xFE00, 0xFDE0, 0xFDA0, 0xFD40, 0xFCE0, 0xFC60, 0xFC60, 0xFD48, 0xFEB4, 0xFFDE, 0xFFFF, 0xFFFF,
  0xFFFF, 0xFFFF, 0xFFFF, 0xFFFF, 0xFFFF, 0xFFFF, 0xFFFF, 0xFFFF, 0xFFFF, 0xFFFF, 0xFFFF, 0xFFFF,
  0xFFFF, 0xFFFF, 0xFFFF, 0xFFFF, 0xFFFF, 0xFFFF, 0xFFFF, 0xFFFF, 0xFFFF, 0xFFFF, 0xFFFF, 0xFFFF,
  0xFFFF, 0xFFFF, 0xFFFF, 0xFFFF, 0xFFFF, 0xFFFF, 0xFFFF, 0xFFFF, 0xFFFF, 0xFFFF, 0xFFFF, 0xFFFF,
  0xFFFF, 0xFFFF, 0xFFFF, 0xFFFF, 0xFFFF, 0xFFFF, 0xFFFF, 0xFFFF, 0xFFFF, 0xFFFF, 0xFFFF, 0xFFFF,
  0xFFFF, 0xFFFF, 0xFFFF, 0xFFFF, 0xFFFF, 0xFFFF, 0xFFFF, 0xFFFF, 0xFFFF, 0xFFFF, 0xFFFF, 0xFFFF,
  0xFFFF, 0xFFFF, 0xFFFF, 0xFFFF, 0xFFFF, 0xFFFF, 0xFFFF, 0xFFFF, 0xFFFF, 0xFFFF, 0xFFFF, 0xFFFF,
  0xFFFF, 0xFFFF, 0xFFFF, 0xFFFF, 0xFFFF, 0xFFFF, 0xFFFF, 0xFF17, 0xFD8B, 0xFC82, 0xFC40, 0xFCA0,
  0xFD20, 0xFD80, 0xFDA0, 0xFDE0, 0xFE00, 0xFE41, 0xFE40, 0xFE60, 0xFE60, 0xFE80, 0xFE80, 0xFEA0,
  0xFEC4, 0xFF09, 0xFF4F, 0xFFB5, 0xC5F4, 0x212C, 0x10EE, 0x08AF, 0x088F, 0x08AE, 0x10CE, 0x18EE,
  0x190E, 0x190E, 0x190E, 0x190E, 0x190E, 0x190E, 0x190E, 0x18EE, 0x18EE, 0x18EE, 0x18EE, 0x18EE,
  0x18EE, 0x18EE, 0x18EE, 0x18EE, 0x190E, 0x18EE, 0x190E, 0x190E, 0x08CF, 0x7268, 0xFCA0, 0xFD00,
  0xFDA0, 0xFE20, 0xFEE0, 0xCD83, 0x10EF, 0x190E, 0x190E, 0x192E, 0x194F, 0x196F, 0x116F, 0x1170,
  0x1190, 0x0ACE, 0x1548, 0x1D08, 0x1508, 0x1528, 0x1D28, 0x1D08, 0x1D08, 0x1D08, 0x1D47, 0x1508,
  0x02D4, 0x02D5, 0x0333, 0x02B5, 0x02B5, 0x02F5, 0x0316, 0x0316, 0x0317, 0x0336, 0x0337, 0x0337,
  0x0357, 0x0357, 0x0377, 0x0358, 0x14AE, 0x2566, 0x1D48, 0x1D68, 0x1D48, 0x1D48, 0x1D48, 0x1D48,
  0x1D48, 0x1D48, 0x1D48, 0x1D48, 0x1D48, 0x1D48, 0x1D48, 0x1D48, 0x1D48, 0x1D48, 0x1D67, 0x1D49,
  0x0BD5, 0x0358, 0x0357, 0x0357, 0x0337, 0x0B36, 0xD3E3, 0xFC80, 0xF520, 0xFDE0, 0xFE60, 0xFF20,
  0x8CE9, 0x0257, 0x0B8F, 0x1D07, 0x02B3, 0x0234, 0x0291, 0x0C29, 0x1469, 0x1487, 0x0C67, 0x0C47,
  0x0C87, 0x0C09, 0x0C08, 0x0C07, 0x0BE7, 0x0BE7, 0x0BC7, 0x0B87, 0x0B66, 0x0B66, 0x0366, 0x0346,
  0x0306, 0x02E6, 0x02C6, 0x0305, 0x2229, 0x41CA, 0xB56D, 0xFF6E, 0xFEE7, 0xFEC2, 0xFEA0, 0xFEA0,
  0xFEA0, 0xFE80, 0xFE80, 0xFE40, 0xFE20, 0xFE00, 0xFDC0, 0xFD80, 0xFD40, 0xFCE0, 0xFC80, 0xFC60,
  0xFCE5, 0xFE0E, 0xFF39, 0xFFFF, 0xFFFF, 0xFFFF, 0xFFFF, 0xFFFF, 0xFFFF, 0xFFFF, 0xFFFF, 0xFFFF,
  0xFFFF, 0xFFFF, 0xFFFF, 0xFFFF, 0xFFFF, 0xFFFF, 0xFFFF, 0xFFFF, 0xFFFF, 0xFFFF, 0xFFFF, 0xFFFF,
  0xFFFF, 0xFFFF, 0xFFFF, 0xFFFF, 0xFFFF, 0xFFFF, 0xFFFF, 0xFFFF, 0xFFFF, 0xFFFF, 0xFFFF, 0xFFFF,
  0xFFFF, 0xFFFF, 0xFFFF, 0xFFFF, 0xFFFF, 0xFFFF, 0xFFFF, 0xFFFF, 0xFFFF, 0xFFFF, 0xFFFF, 0xFFFF,
  0xFFFF, 0xFFFF, 0xFFFF, 0xFFFF, 0xFFFF, 0xFFFF, 0xFFFF, 0xFFFF, 0xFFFF, 0xFFFF, 0xFFFF, 0xFFFF,
  0xFFFF, 0xFFFF, 0xFFFF, 0xFFFF, 0xFFFF, 0xFFFF, 0xFFFF, 0xFFFF, 0xFFFF, 0xFFFF, 0xFFFF, 0xFFFF,
  0xFFFF, 0xFFFF, 0xFFFF, 0xFFFF, 0xFFFF, 0xFFFF, 0xFFFF, 0xFFFF, 0xFFFF, 0xFFFF, 0xFFFF, 0xFFFF,
  0xFFFF, 0xFFFF, 0xFFFF, 0xFFFF, 0xFFFF, 0xFF9C, 0xFE93, 0xFD69, 0xFCA2, 0xFC60, 0xFC80, 0xFCE0,
  0xFD40, 0xFD81, 0xFDA0, 0xFDC0, 0xFE00, 0xFE20, 0xFE40, 0xFE40, 0xFE60, 0xFE80, 0xFEA0, 0xFEC0,
  0xFEE0, 0xE641, 0xC583, 0xA4A6, 0x7B88, 0x528A, 0x31AC, 0x192D, 0x10CE, 0x088E, 0x088E, 0x08AE,
  0x10CE, 0x10EE, 0x18EE, 0x190E, 0x190E, 0x190E, 0x190E, 0x190E, 0x190E, 0x190E, 0x18EE, 0x18EE,
  0x190E, 0x18EE, 0x190E, 0x10EE, 0x294C, 0xEC21, 0xFCE0, 0xFD80, 0xFE00, 0xFE80, 0xFEC0, 0x422C,
  0x10CF, 0x190E, 0x190E, 0x190E, 0x192F, 0x194F, 0x116F, 0x1190, 0x1190, 0x09F0, 0x1509, 0x1547,
  0x1508, 0x1528, 0x1508, 0x1508, 0x1507, 0x1507, 0x1D28, 0x1D47, 0x1509, 0x1509, 0x1547, 0x146B,
  0x02B5, 0x02D6, 0x02F6, 0x02F6, 0x02F6, 0x0316, 0x0316, 0x0337, 0x0337, 0x0357, 0x0357, 0x0337,
  0x0355, 0x1CEA, 0x1D67, 0x1D68, 0x1D68, 0x1D68, 0x1D68, 0x1D48, 0x1D48, 0x1D48, 0x1D48, 0x1D28,
  0x1D28, 0x1D48, 0x1D28, 0x1D28, 0x1D48, 0x1D48, 0x1D48, 0x0BB3, 0x0318, 0x0357, 0x0337, 0x0336,
  0x0316, 0x0317, 0x4350, 0xFC40, 0xF4C0, 0xFD80, 0xFE20, 0xFEA0, 0xF6E1, 0x3351, 0x02F1, 0x1CE7,
  0x0B0F, 0x0234, 0x0233, 0x0212, 0x0A51, 0x0ACE, 0x0C08, 0x0C86, 0x0C47, 0x0C27, 0x0BA8, 0x0BE8,
  0x03C7, 0x03A7, 0x0387, 0x0347, 0x0346, 0x0B86, 0x1BC6, 0x3405, 0x5C64, 0x7CE3, 0xAD82, 0xCE01,
  0xE661, 0xFEC0, 0xFEC0, 0xFE80, 0xFE80, 0xFE60, 0xFE40, 0xFE40, 0xFE20, 0xFE00, 0xFDC0, 0xFDA1,
  0xFD60, 0xFD00, 0xFCA0, 0xFC60, 0xFC80, 0xFD27, 0xFE0F, 0xFF18, 0xFFFE, 0xFFFF, 0xFFFF, 0xFFFF,
  0xFFFF, 0xFFFF, 0xFFFF, 0xFFFF, 0xFFFF, 0xFFFF, 0xFFFF, 0xFFFF, 0xFFFF, 0xFFFF, 0xFFFF, 0xFFFF,
  0xFFFF, 0xFFFF, 0xFFFF, 0xFFFF, 0xFFFF, 0xFFFF, 0xFFFF, 0xFFFF, 0xFFFF, 0xFFFF, 0xFFFF, 0xFFFF,
  0xFFFF, 0xFFFF, 0xFFFF, 0xFFFF, 0xFFFF, 0xFFFF, 0xFFFF, 0xFFFF, 0xFFFF, 0xFFFF, 0xFFFF, 0xFFFF,
  0xFFFF, 0xFFFF, 0xFFFF, 0xFFFF, 0xFFFF, 0xFFFF, 0xFFFF, 0xFFFF, 0xFFFF, 0xFFFF, 0xFFFF, 0xFFFF,
  0xFFFF, 0xFFFF, 0xFFFF, 0xFFFF, 0xFFFF, 0xFFFF, 0xFFFF, 0xFFFF, 0xFFFF, 0xFFFF, 0xFFFF, 0xFFFF,
  0xFFFF, 0xFFFF, 0xFFFF, 0xFFFF, 0xFFFF, 0xFFFF, 0xFFFF, 0xFFFF, 0xFFFF, 0xFFFF, 0xFFFF, 0xFFFF,
  0xFFFF, 0xFFFF, 0xFFFF, 0xFFFF, 0xFFFF, 0xFFFF, 0xFFFF, 0xFFFF, 0xFFFF, 0xFFFF, 0xFFFF, 0xFFFF,
  0xFFFF, 0xFFFF, 0xFFFF, 0xFFFF, 0xFF9C, 0xFED5, 0xFDAC, 0xFCE5, 0xFC60, 0xFC60, 0xFCA0, 0xFCE0,
  0xFD40, 0xFD80, 0xFDA0, 0xFDC0, 0xFE00, 0xFE20, 0xFE40, 0xFE40, 0xFE60, 0xFEA0, 0xFEC0, 0xFF00,
  0xFF20, 0xFF00, 0xF6A1, 0xDE22, 0xC564, 0x9C86, 0x7B88, 0x5AAA, 0x39EB, 0x296D, 0x18EE, 0x08AE,
  0x088F, 0x088F, 0x08AF, 0x10AE, 0x10CE, 0x18EE, 0x18EE, 0x190E, 0x190E, 0x190D, 0x212D, 0x08EF,
  0xAB25, 0xFCC0, 0xF520, 0xFDC0, 0xFE41, 0xFF20, 0x8C07, 0x08B0, 0x192E, 0x190E, 0x190E, 0x190E,
  0x192F, 0x194F, 0x114F, 0x1170, 0x1190, 0x1191, 0x134E, 0x1528, 0x1547, 0x1508, 0x14E8, 0x1507,
  0x1507, 0x1528, 0x1528, 0x1D28, 0x1D47, 0x1D27, 0x1D27, 0x0C4B, 0x02D5, 0x0333, 0x02B6, 0x02D5,
  0x02F5, 0x02F6, 0x0316, 0x0336, 0x0336, 0x0337, 0x0337, 0x0336, 0x0317, 0x0355, 0x1D49, 0x1D87,
  0x1D68, 0x1D68, 0x1D68, 0x1D48, 0x1D48, 0x1D48, 0x1D48, 0x1D28, 0x1D28, 0x1D28, 0x1D28, 0x1D28,
  0x1D48, 0x1D67, 0x0C11, 0x02F8, 0x0336, 0x0337, 0x0317, 0x0316, 0x0316, 0x0316, 0x02F7, 0x93A9,
  0xFC80, 0xF500, 0xFDE0, 0xFE60, 0xFF00, 0xC5C5, 0x0233, 0x0AAF, 0x0A71, 0x0233, 0x0213, 0x0231,
  0x01D1, 0x0173, 0x01F1, 0x032B, 0x0309, 0x022B, 0x090F, 0x1A4C, 0x2C47, 0x44A5, 0x64E4, 0x8543,
  0xADE2, 0xCE62, 0xEE81, 0xFEC0, 0xFEC0, 0xFEC0, 0xFEC0, 0xFEA0, 0xFE80, 0xFE40, 0xFE00, 0xFE00,
  0xFE00, 0xFDE0, 0xFDC0, 0xFDA0, 0xFD60, 0xFD20, 0xFCC0, 0xFC80, 0xFC60, 0xFCA2, 0xFD48, 0xFE51,
  0xFF5A, 0xFFFF, 0xFFFF, 0xFFFF, 0xFFFF, 0xFFFF, 0xFFFF, 0xFFFF, 0xFFFF, 0xFFFF, 0xFFFF, 0xFFFF,
  0xFFFF, 0xFFFF, 0xFFFF, 0xFFFF, 0xFFFF, 0xFFFF, 0xFFFF, 0xFFFF, 0xFFFF, 0xFFFF, 0xFFFF, 0xFFFF,
  0xFFFF, 0xFFFF, 0xFFFF, 0xFFFF, 0xFFFF, 0xFFFF, 0xFFFF, 0xFFFF, 0xFFFF, 0xFFFF, 0xFFFF, 0xFFFF,
  0xFFFF, 0xFFFF, 0xFFFF, 0xFFFF, 0xFFFF, 0xFFFF, 0xFFFF, 0xFFFF, 0xFFFF, 0xFFFF, 0xFFFF, 0xFFFF,
  0xFFFF, 0xFFFF, 0xFFFF, 0xFFFF, 0xFFFF, 0xFFFF, 0xFFFF, 0xFFFF, 0xFFFF, 0xFFFF, 0xFFFF, 0xFFFF,
  0xFFFF, 0xFFFF, 0xFFFF, 0xFFFF, 0xFFFF, 0xFFFF, 0xFFFF, 0xFFFF, 0xFFFF, 0xFFFF, 0xFFFF, 0xFFFF,
  0xFFFF, 0xFFFF, 0xFFFF, 0xFFFF, 0xFFFF, 0xFFFF, 0xFFFF, 0xFFFF, 0xFFFF, 0xFFFF, 0xFFFF, 0xFFFF,
  0xFFFF, 0xFFFF, 0xFFFF, 0xFFFF, 0xFFFF, 0xFFFF, 0xFFFF, 0xFFFF, 0xFFFF, 0xFFFF, 0xFFFF, 0xFFFF,
  0xFFFF, 0xFFFF, 0xFFFF, 0xFFDE, 0xFF38, 0xFE30, 0xFD48, 0xFCA2, 0xFC60, 0xFC60, 0xFCA0, 0xFCE0,
  0xFD40, 0xFD80, 0xFD80, 0xFDA0, 0xFDC0, 0xFDE0, 0xFE00, 0xFE00, 0xFE20, 0xFE40, 0xFE60, 0xFEA0,
  0xFEE0, 0xFF00, 0xFF00, 0xFF20, 0xFEE0, 0xE662, 0xD5E3, 0xBD45, 0xA4A6, 0x83E8, 0x6309, 0x4A6A,
  0x39EB, 0x296D, 0x190D, 0x10CE, 0x08AE, 0x08AE, 0x006F, 0x59CA, 0xFC60, 0xFCC0, 0xFD80, 0xFE00,
  0xFEC0, 0xD5A3, 0x190E, 0x190E, 0x192E, 0x192E, 0x192E, 0x192E, 0x192E, 0x194E, 0x196F, 0x196F,
  0x198F, 0x11B0, 0x1191, 0x1250, 0x1429, 0x1507, 0x1527, 0x14E8, 0x1508, 0x1528, 0x1528, 0x1528,
  0x1D08, 0x1D08, 0x1D27, 0x14CA, 0x14EA, 0x1D86, 0x0BCE, 0x02B5, 0x02D5, 0x02D6, 0x02D7, 0x02D8,
  0x02F7, 0x0316, 0x0316, 0x0316, 0x0336, 0x0337, 0x0C13, 0x1DA7, 0x1D68, 0x1D48, 0x1D68, 0x1D48,
  0x1D48, 0x1D48, 0x1D48, 0x1D28, 0x1D28, 0x1D28, 0x1D28, 0x1D28, 0x1D48, 0x1D67, 0x1D2A, 0x0B94,
  0x0316, 0x0336, 0x0336, 0x0316, 0x0316, 0x02F6, 0x02F6, 0x12F4, 0xDC02, 0xFCA0, 0xFD60, 0xFE20,
  0xFE81, 0xFF00, 0x5BEC, 0x01B5, 0x01F3, 0x0272, 0x03EB, 0x1468, 0x23E9, 0x332D, 0x534C, 0x6BCA,
  0x8C47, 0xA4C5, 0xC583, 0xDE23, 0xF6C1, 0xFEE0, 0xFEE0, 0xFEC0, 0xFEC0, 0xFEA0, 0xFE80, 0xFE40,
  0xF620, 0xF600, 0xFDE0, 0xFDE0, 0xFDC0, 0xFDA0, 0xFD80, 0xFD60, 0xFD40, 0xFD00, 0xFCA0, 0xFC60,
  0xFC40, 0xFC81, 0xFD06, 0xFDEE, 0xFED6, 0xFF9C, 0xFFFF, 0xFFFF, 0xFFFF, 0xFFFF, 0xFFFF, 0xFFFF,
  0xFFFF, 0xFFFF, 0xFFFF, 0xFFFF, 0xFFFF, 0xFFFF, 0xFFFF, 0xFFFF, 0xFFFF, 0xFFFF, 0xFFFF, 0xFFFF,
  0xFFFF, 0xFFFF, 0xFFFF, 0xFFFF, 0xFFFF, 0xFFFF, 0xFFFF, 0xFFFF, 0xFFFF, 0xFFFF, 0xFFFF, 0xFFFF,
  0xFFFF, 0xFFFF, 0xFFFF, 0xFFFF, 0xFFFF, 0xFFFF, 0xFFFF, 0xFFFF, 0xFFFF, 0xFFFF, 0xFFFF, 0xFFFF,
  0xFFFF, 0xFFFF, 0xFFFF, 0xFFFF, 0xFFFF, 0xFFFF, 0xFFFF, 0xFFFF, 0xFFFF, 0xFFFF, 0xFFFF, 0xFFFF,
  0xFFFF, 0xFFFF, 0xFFFF, 0xFFFF, 0xFFFF, 0xFFFF, 0xFFFF, 0xFFFF, 0xFFFF, 0xFFFF, 0xFFFF, 0xFFFF,
  0xFFFF, 0xFFFF, 0xFFFF, 0xFFFF, 0xFFFF, 0xFFFF, 0xFFFF, 0xFFFF, 0xFFFF, 0xFFFF, 0xFFFF, 0xFFFF,
  0xFFFF, 0xFFFF, 0xFFFF, 0xFFFF, 0xFFFF, 0xFFFF, 0xFFFF, 0xFFFF, 0xFFFF, 0xFFFF, 0xFFFF, 0xFFFF,
  0xFFFF, 0xFFFF, 0xFFFF, 0xFFFF, 0xFFFF, 0xFFFF, 0xFFFF, 0xFFFF, 0xFFFF, 0xFFFF, 0xFFFF, 0xFFFF,
  0xFFFF, 0xFFFF, 0xFFFF, 0xFFBD, 0xFF17, 0xFE30, 0xFD69, 0xFCC4, 0xFC60, 0xFC60, 0xFC80, 0xFCA0,
  0xFCE0, 0xFD20, 0xFD60, 0xFD80, 0xFD80, 0xFDA0, 0xFDC0, 0xFDE0, 0xFDE0, 0xFE00, 0xFE20, 0xFE40,
  0xFE60, 0xFE80, 0xFEC0, 0xFF00, 0xFF20, 0xFF20, 0xFF20, 0xFF00, 0xF6E0, 0xE661, 0xD5E2, 0xBD44,
  0xB4E5, 0x9C66, 0x7BA8, 0xD4C2, 0xFD60, 0xFDA0, 0xFE00, 0xFE80, 0xFEC0, 0x5AAA, 0x08AE, 0x18EE,
  0x10CF, 0x08AF, 0x08AF, 0x08AF, 0x08AF, 0x08CF, 0x08CF, 0x08EF, 0x0910, 0x0930, 0x0970, 0x0971,
  0x0970, 0x0A8D, 0x0BEA, 0x0D08, 0x1508, 0x1508, 0x1528, 0x1508, 0x1D08, 0x1D08, 0x1D08, 0x1D47,
  0x1D67, 0x1D67, 0x1D66, 0x0B51, 0x0296, 0x0C4D, 0x14AB, 0x0C2E, 0x0BCF, 0x02F6, 0x0316, 0x0316,
  0x0316, 0x0356, 0x0357, 0x1470, 0x1D67, 0x1D48, 0x1D48, 0x1D48, 0x1548, 0x1548, 0x1528, 0x1527,
  0x1508, 0x0D08, 0x0D08, 0x0D08, 0x0D28, 0x0D28, 0x0CE9, 0x0372, 0x02B8, 0x02D7, 0x02B7, 0x02B6,
  0x02B6, 0x02B6, 0x02D5, 0x02D5, 0x636E, 0xFCA0, 0xFD40, 0xFE00, 0xFE80, 0xFEC0, 0xE662, 0x8CCA,
  0xA547, 0xB623, 0xCE81, 0xDE81, 0xEEC0, 0xFF00, 0xFF00, 0xFF00, 0xFEE0, 0xFEA0, 0xFE80, 0xFE60,
  0xFE40, 0xFE20, 0xFE00, 0xFE00, 0xFDE0, 0xFDE0, 0xFDC0, 0xF5A0, 0xF560, 0xF540, 0xFD40, 0xFD20,
  0xFD00, 0xFCC0, 0xFC60, 0xFC40, 0xFC60, 0xFCA3, 0xFD28, 0xFDEE, 0xFEB4, 0xFF7B, 0xFFFF, 0xFFFF,
  0xFFFF, 0xFFFF, 0xFFFF, 0xFFFF, 0xFFFF, 0xFFFF, 0xFFFF, 0xFFFF, 0xFFFF, 0xFFFF, 0xFFFF, 0xFFFF,
  0xFFFF, 0xFFFF, 0xFFFF, 0xFFFF, 0xFFFF, 0xFFFF, 0xFFFF, 0xFFFF, 0xFFFF, 0xFFFF, 0xFFFF, 0xFFFF,
  0xFFFF, 0xFFFF, 0xFFFF, 0xFFFF, 0xFFFF, 0xFFFF, 0xFFFF, 0xFFFF, 0xFFFF, 0xFFFF, 0xFFFF, 0xFFFF,
  0xFFFF, 0xFFFF, 0xFFFF, 0xFFFF, 0xFFFF, 0xFFFF, 0xFFFF, 0xFFFF, 0xFFFF, 0xFFFF, 0xFFFF, 0xFFFF,
  0xFFFF, 0xFFFF, 0xFFFF, 0xFFFF, 0xFFFF, 0xFFFF, 0xFFFF, 0xFFFF, 0xFFFF, 0xFFFF, 0xFFFF, 0xFFFF,
  0xFFFF, 0xFFFF, 0xFFFF, 0xFFFF, 0xFFFF, 0xFFFF, 0xFFFF, 0xFFFF, 0xFFFF, 0xFFFF, 0xFFFF, 0xFFFF,
  0xFFFF, 0xFFFF, 0xFFFF, 0xFFFF, 0xFFFF, 0xFFFF, 0xFFFF, 0xFFFF, 0xFFFF, 0xFFFF, 0xFFFF, 0xFFFF,
  0xFFFF, 0xFFFF, 0xFFFF, 0xFFFF, 0xFFFF, 0xFFFF, 0xFFFF, 0xFFFF, 0xFFFF, 0xFFFF, 0xFFFF, 0xFFFF,
  0xFFFF, 0xFFFF, 0xFFFF, 0xFFFF, 0xFFFF, 0xFFFF, 0xFFFF, 0xFFFF, 0xFFFF, 0xFFFF, 0xFFFF, 0xFFFF,
  0xFFFF, 0xFFFF, 0xFFFF, 0xFFDE, 0xFF59, 0xFE94, 0xFDCD, 0xF527, 0xFCA2, 0xFC60, 0xFCC0, 0xFD00,
  0xFCE0, 0xFD00, 0xFD20, 0xFD40, 0xFD60, 0xFD60, 0xFD80, 0xFDA0, 0xFDC0, 0xFDE0, 0xFDE0, 0xFE00,
  0xFE20, 0xFE20, 0xFE40, 0xFE60, 0xFE80, 0xFE80, 0xFE80, 0xFEA0, 0xFEE0, 0xFF20, 0xFF20, 0xFEE0,
  0xFEC0, 0xFEC0, 0xFEC0, 0xFEC0, 0xFEC1, 0xDE43, 0xD5E3, 0xC583, 0xBD45, 0xACE5, 0x9C66, 0x8C27,
  0x83C7, 0x7388, 0x6B29, 0x5B0A, 0x52CB, 0x428B, 0x3A6D, 0x324E, 0x2A6E, 0x222F, 0x19F1, 0x1C2B,
  0x1547, 0x1507, 0x1507, 0x14E7, 0x0CC7, 0x0CE7, 0x0D07, 0x0D08, 0x0CE7, 0x0D27, 0x0D67, 0x038F,
  0x0237, 0x03B0, 0x0D66, 0x0545, 0x0488, 0x0295, 0x02B6, 0x02D6, 0x02D6, 0x02F7, 0x02F6, 0x02D7,
  0x03AF, 0x1528, 0x1D27, 0x1D47, 0x1D67, 0x1D67, 0x2567, 0x2D66, 0x3566, 0x3546, 0x3D66, 0x4586,
  0x55A5, 0x5DA5, 0x5C8B, 0x644E, 0x6CCC, 0x850B, 0x8D2A, 0x9D68, 0xADA7, 0xB5C6, 0xC5E5, 0xD624,
  0xDE63, 0xFE80, 0xFEA0, 0xFEA0, 0xFEA0, 0xFEA0, 0xFEC0, 0xFF00, 0xFEE0, 0xFEA0, 0xFE60, 0xFE60,
  0xFE40, 0xFE20, 0xFE20, 0xFE00, 0xF5E0, 0xF5C0, 0xF5C0, 0xFDC0, 0xFDA0, 0xFD80, 0xF560, 0xFD40,
  0xFD20, 0xFD20, 0xFD00, 0xFD00, 0xFD00, 0xFCE0, 0xFCC0, 0xFC80, 0xEC21, 0xF4A6, 0xF5AD, 0xFE73,
  0xFF39, 0xFFBD, 0xFFFF, 0xFFFF, 0xFFFF, 0xFFFF, 0xFFFF, 0xFFFF, 0xFFFF, 0xFFFF, 0xFFFF, 0xFFFF,
  0xFFFF, 0xFFFF, 0xFFFF, 0xFFFF, 0xFFFF, 0xFFFF, 0xFFFF, 0xFFFF, 0xFFFF, 0xFFFF, 0xFFFF, 0xFFFF,
  0xFFFF, 0xFFFF, 0xFFFF, 0xFFFF, 0xFFFF, 0xFFFF, 0xFFFF, 0xFFFF, 0xFFFF, 0xFFFF, 0xFFFF, 0xFFFF,
  0xFFFF, 0xFFFF, 0xFFFF, 0xFFFF, 0xFFFF, 0xFFFF, 0xFFFF, 0xFFFF, 0xFFFF, 0xFFFF, 0xFFFF, 0xFFFF,
  0xFFFF, 0xFFFF, 0xFFFF, 0xFFFF, 0xFFFF, 0xFFFF, 0xFFFF, 0xFFFF, 0xFFFF, 0xFFFF, 0xFFFF, 0xFFFF,
  0xFFFF, 0xFFFF, 0xFFFF, 0xFFFF, 0xFFFF, 0xFFFF, 0xFFFF, 0xFFFF, 0xFFFF, 0xFFFF, 0xFFFF, 0xFFFF,
  0xFFFF, 0xFFFF, 0xFFFF, 0xFFFF, 0xFFFF, 0xFFFF, 0xFFFF, 0xFFFF, 0xFFFF, 0xFFFF, 0xFFFF, 0xFFFF,
  0xFFFF, 0xFFFF, 0xFFFF, 0xFFFF, 0xFFFF, 0xFFFF, 0xFFFF, 0xFFFF, 0xFFFF, 0xFFFF, 0xFFFF, 0xFFFF,
  0xFFFF, 0xFFFF, 0xFFFF, 0xFFFF, 0xFFFF, 0xFFFF, 0xFFFF, 0xFFFF, 0xFFFF, 0xFFFF, 0xFFFF, 0xFFFF,
  0xFFFF, 0xFFFF, 0xFFFF, 0xFFFF, 0xFFFF, 0xFFFF, 0xFFFF, 0xFFFF, 0xFFFF, 0xFFFF, 0xFFFF, 0xFFFF,
  0xFFFF, 0xFFFF, 0xFFFF, 0xFFFF, 0xFFBD, 0xF6F8, 0x8AEA, 0x9AC5, 0xC383, 0xE421, 0xFC80, 0xFCC0,
  0xFCE0, 0xFCE0, 0xFD00, 0xFD00, 0xFD20, 0xFD40, 0xFD40, 0xFD60, 0xFD80, 0xFD80, 0xFDA0, 0xFDC0,
  0xFDC0, 0xFDE0, 0xFDE0, 0xFDE0, 0xFE00, 0xFE00, 0xFE20, 0xFE40, 0xFE40, 0xFE60, 0xFE60, 0xFE60,
  0xFE80, 0xFEC0, 0xFEC0, 0xFEC0, 0xFEE0, 0xFF00, 0xFF00, 0xFF20, 0xFF20, 0xFF20, 0xFF00, 0xFEE0,
  0xFEC0, 0xFEC0, 0xFEC0, 0xFEC0, 0xF6A1, 0xEEA2, 0xE683, 0xE682, 0xDEA1, 0xDE81, 0xD661, 0xCE62,
  0xC662, 0xBE42, 0xBE63, 0xBE43, 0xB642, 0xB642, 0xB642, 0xB604, 0xAD67, 0xAD87, 0xB623, 0xAE23,
  0xAE03, 0xAD86, 0xAD87, 0xB5A7, 0xBDC7, 0xBDC6, 0xBDC6, 0xBDC5, 0xBDC5, 0xC642, 0xD682, 0xDE82,
  0xE6A1, 0xE6A1, 0xEEA1, 0xF6C1, 0xF6C0, 0xFEA0, 0xFEA0, 0xFEA0, 0xFEA0, 0xFEA0, 0xFEE0, 0xFF00,
  0xFF00, 0xFF00, 0xFEE0, 0xFEE0, 0xFEC0, 0xFEA0, 0xFE80, 0xFE60, 0xFE60, 0xFE60, 0xFE40, 0xFE20,
  0xFE20, 0xFE20, 0xFE20, 0xFE01, 0xFE00, 0xFDE0, 0xFDC0, 0xFDC0, 0xFDA0, 0xFD80, 0xFD80, 0xF560,
  0xF540, 0xFD20, 0xFD20, 0xFD00, 0xFD00, 0xFCE0, 0xFCA0, 0xFCA0, 0xFCA0, 0xFC80, 0xF440, 0xE422,
  0xCBC4, 0xA326, 0x7A68, 0x49AA, 0x316C, 0xDF1D, 0xFFFF, 0xFFFF, 0xFFFF, 0xFFFF, 0xFFFF, 0xFFFF,
  0xFFFF, 0xFFFF, 0xFFFF, 0xFFFF, 0xFFFF, 0xFFFF, 0xFFFF, 0xFFFF, 0xFFFF, 0xFFFF, 0xFFFF, 0xFFFF,
  0xFFFF, 0xFFFF, 0xFFFF, 0xFFFF, 0xFFFF, 0xFFFF, 0xFFFF, 0xFFFF, 0xFFFF, 0xFFFF, 0xFFFF, 0xFFFF,
  0xFFFF, 0xFFFF, 0xFFFF, 0xFFFF, 0xFFFF, 0xFFFF, 0xFFFF, 0xFFFF, 0xFFFF, 0xFFFF, 0xFFFF, 0xFFFF,
  0xFFFF, 0xFFFF, 0xFFFF, 0xFFFF, 0xFFFF, 0xFFFF, 0xFFFF, 0xFFFF, 0xFFFF, 0xFFFF, 0xFFFF, 0xFFFF,
  0xFFFF, 0xFFFF, 0xFFFF, 0xFFFF, 0xFFFF, 0xFFFF, 0xFFFF, 0xFFFF, 0xFFFF, 0xFFFF, 0xFFFF, 0xFFFF,
  0xFFFF, 0xFFFF, 0xFFFF, 0xFFFF, 0xFFFF, 0xFFFF, 0xFFFF, 0xFFFF, 0xFFFF, 0xFFFF, 0xFFFF, 0xFFFF,
  0xFFFF, 0xFFFF, 0xFFFF, 0xFFFF, 0xFFFF, 0xFFFF, 0xFFFF, 0xFFFF, 0xFFFF, 0xFFFF, 0xFFFF, 0xFFFF,
  0xFFFF, 0xFFFF, 0xFFFF, 0xFFFF, 0xFFFF, 0xFFFF, 0xFFFF, 0xFFFF, 0xFFFF, 0xFFFF, 0xFFFF, 0xFFFF,
  0xFFFF, 0xFFFF, 0xFFFF, 0xFFFF, 0xFFFF, 0xFFFF, 0xFFFF, 0xFFFF, 0xFFFF, 0xFFFF, 0xFFFF, 0xFFFF,
  0xFFFF, 0xFFFF, 0xFFFF, 0xFFFF, 0xFFFF, 0xFFFF, 0xFFFF, 0xFFFF, 0xFFFF, 0xFFFF, 0xFFFF, 0xFFFF,
  0xFFFF, 0xFFFF, 0x5B33, 0x004D, 0x190E, 0x212D, 0x398B, 0x5A0A, 0x7A88, 0xA306, 0xBB84, 0xDC02,
  0xF461, 0xFCA0, 0xFCC0, 0xFCE0, 0xFCE0, 0xFCE0, 0xFCE0, 0xFCE0, 0xFD00, 0xFD20, 0xFD40, 0xFD60,
  0xFD80, 0xFD80, 0xFDA0, 0xFDC0, 0xFDC0, 0xFDC0, 0xFDC0, 0xFDE0, 0xFDE0, 0xFDE0, 0xFDE0, 0xFDE0,
  0xFDE0, 0xFE00, 0xFE00, 0xFE00, 0xFE00, 0xF600, 0xFE00, 0xFE00, 0xFE00, 0xFE20, 0xFE20, 0xFE40,
  0xFE60, 0xFE60, 0xFE80, 0xFE80, 0xFE60, 0xFE60, 0xFE60, 0xFE80, 0xFEA0, 0xFEA0, 0xFEA0, 0xFEA0,
  0xFEA0, 0xFE80, 0xFE80, 0xFEA0, 0xFEC0, 0xFEC0, 0xFEA0, 0xFEA0, 0xFEA0, 0xFEC0, 0xFEC0, 0xFEC0,
  0xFEC0, 0xFEC0, 0xFE80, 0xFE80, 0xFE80, 0xFE80, 0xFE80, 0xFE80, 0xFE80, 0xFE60, 0xFE60, 0xFE60,
  0xFE40, 0xFE40, 0xFE40, 0xFE20, 0xFE20, 0xFE20, 0xFE00, 0xFE00, 0xFE00, 0xFE00, 0xF5E0, 0xF5E0,
  0xFDE0, 0xF5C0, 0xF5A0, 0xFDA0, 0xFDA0, 0xFDA0, 0xFDA0, 0xFD80, 0xFD80, 0xFD60, 0xFD60, 0xFD60,
  0xFD60, 0xFD40, 0xFD20, 0xFD00, 0xFCE0, 0xFCC0, 0xFCA0, 0xFCA0, 0xFCC0, 0xFCE0, 0xFCA0, 0xFC80,
  0xEC41, 0xCBC2, 0xB3E2, 0x9403, 0x7346, 0x59CA, 0x396C, 0x212E, 0x110F, 0x08EF, 0x08EE, 0x008D,
  0x4250, 0xFFFF, 0xFFFF, 0xFFFF, 0xFFFF, 0xFFFF, 0xFFFF, 0xFFFF, 0xFFFF, 0xFFFF, 0xFFFF, 0xFFFF,
  0xFFFF, 0xFFFF, 0xFFFF, 0xFFFF, 0xFFFF, 0xFFFF, 0xFFFF, 0xFFFF, 0xFFFF, 0xFFFF, 0xFFFF, 0xFFFF,
  0xFFFF, 0xFFFF, 0xFFFF, 0xFFFF, 0xFFFF, 0xFFFF, 0xFFFF, 0xFFFF, 0xFFFF, 0xFFFF, 0xFFFF, 0xFFFF,
  0xFFFF, 0xFFFF, 0xFFFF, 0xFFFF, 0xFFFF, 0xFFFF, 0xFFFF, 0xFFFF, 0xFFFF, 0xFFFF, 0xFFFF, 0xFFFF,
  0xFFFF, 0xFFFF, 0xFFFF, 0xFFFF, 0xFFFF, 0xFFFF, 0xFFFF, 0xFFFF, 0xFFFF, 0xFFFF, 0xFFFF, 0xFFFF,
  0xFFFF, 0xFFFF, 0xFFFF, 0xFFFF, 0xFFFF, 0xFFFF, 0xFFFF, 0xFFFF, 0xFFFF, 0xFFFF, 0xFFFF, 0xFFFF,
  0xFFFF, 0xFFFF, 0xFFFF, 0xFFFF, 0xFFFF, 0xFFFF, 0xFFFF, 0xFFFF, 0xFFFF, 0xFFFF, 0xFFFF, 0xFFFF,
  0xFFFF, 0xFFFF, 0xFFFF, 0xFFFF, 0xFFFF, 0xFFFF, 0xFFFF, 0xFFFF, 0xFFFF, 0xFFFF, 0xFFFF, 0xFFFF,
  0xFFFF, 0xFFFF, 0xFFFF, 0xFFFF, 0xFFFF, 0xFFFF, 0xFFFF, 0xFFFF, 0xFFFF, 0xFFFF, 0xFFFF, 0xFFFF,
  0xFFFF, 0xFFFF, 0xFFFF, 0xFFFF, 0xFFFF, 0xFFFF, 0xFFFF, 0xFFFF, 0xFFFF, 0xFFFF, 0xFFFF, 0xFFFF,
  0xFFFF, 0xFFFF, 0xFFFF, 0xFFFF, 0xFFFF, 0xFFFF, 0xFFFF, 0xFFFF, 0xFFDF, 0xFFFF, 0xB598, 0x10AC,
  0x192E, 0x190E, 0x10EE, 0x08CF, 0x08CF, 0x08CF, 0x10EF, 0x212E, 0x316D, 0x49CB, 0x620A, 0x7A88,
  0x9B06, 0xBB64, 0xD3E3, 0xE422, 0xF461, 0xFC80, 0xFCC0, 0xFCE0, 0xFCC0, 0xFCC0, 0xFCC0, 0xFCE0,
  0xFCE0, 0xFD00, 0xFD20, 0xFD20, 0xFD00, 0xFD20, 0xFD20, 0xFD40, 0xF540, 0xFD60, 0xFD60, 0xFD60,
  0xFD80, 0xFD80, 0xFD80, 0xFD80, 0xFD80, 0xFD80, 0xFDA0, 0xFDA0, 0xFDC0, 0xFDC0, 0xFDC0, 0xFDC0,
  0xFDC0, 0xFDC0, 0xF5C0, 0xFDE0, 0xFDE0, 0xFE00, 0xFE00, 0xFE00, 0xFDE0, 0xFDE0, 0xFDE0, 0xFE00,
  0xFE01, 0xFE00, 0xFE00, 0xFE00, 0xFE00, 0xFDE1, 0xFDE1, 0xFDE1, 0xFDE0, 0xFDE0, 0xFDE0, 0xF5E0,
  0xFDE0, 0xFDE0, 0xFDE0, 0xFDE0, 0xFDE0, 0xFDE0, 0xFDC0, 0xFDC0, 0xFDC0, 0xFDC0, 0xFDA0, 0xFDA0,
  0xFDA0, 0xFD80, 0xFD80, 0xFD80, 0xFD60, 0xFD60, 0xF560, 0xFD40, 0xFD20, 0xFD00, 0xFD00, 0xFD00,
  0xFD00, 0xFCE0, 0xFCE0, 0xFD00, 0xFCE0, 0xFCA0, 0xFC80, 0xFC80, 0xFC60, 0xFC60, 0xFC80, 0xF461,
  0xE421, 0xCC01, 0xBC02, 0xA423, 0x9367, 0x7AAA, 0x5A0B, 0x41AC, 0x290E, 0x118C, 0x03A6, 0x03A7,
  0x0307, 0x090D, 0x10CE, 0x190E, 0x190E, 0x190E, 0x212E, 0x08AD, 0x8C76, 0xFFFF, 0xFFFF, 0xFFFF,
  0xFFFF, 0xFFFF, 0xFFFF, 0xFFFF, 0xFFFF, 0xFFFF, 0xFFFF, 0xFFFF, 0xFFFF, 0xFFFF, 0xFFFF, 0xFFFF,
  0xFFFF, 0xFFFF, 0xFFFF, 0xFFFF, 0xFFFF, 0xFFFF, 0xFFFF, 0xFFFF, 0xFFFF, 0xFFFF, 0xFFFF, 0xFFFF,
  0xFFFF, 0xFFFF, 0xFFFF, 0xFFFF, 0xFFFF, 0xFFFF, 0xFFFF, 0xFFFF, 0xFFFF, 0xFFFF, 0xFFFF, 0xFFFF,
  0xFFFF, 0xFFFF, 0xFFFF, 0xFFFF, 0xFFFF, 0xFFFF, 0xFFFF, 0xFFFF, 0xFFFF, 0xFFFF, 0xFFFF, 0xFFFF,
  0xFFFF, 0xFFFF, 0xFFFF, 0xFFFF, 0xFFFF, 0xFFFF, 0xFFFF, 0xFFFF, 0xFFFF, 0xFFFF, 0xFFFF, 0xFFFF,
  0xFFFF, 0xFFFF, 0xFFFF, 0xFFFF, 0xFFFF, 0xFFFF, 0xFFFF, 0xFFFF, 0xFFFF, 0xFFFF, 0xFFFF, 0xFFFF,
  0xFFFF, 0xFFFF, 0xFFFF, 0xFFFF, 0xFFFF, 0xFFFF, 0xFFFF, 0xFFFF, 0xFFFF, 0xFFFF, 0xFFFF, 0xFFFF,
  0xFFFF, 0xFFFF, 0xFFFF, 0xFFFF, 0xFFFF, 0xFFFF, 0xFFFF, 0xFFFF, 0xFFFF, 0xFFFF, 0xFFFF, 0xFFFF,
  0xFFFF, 0xFFFF, 0xFFFF, 0xFFFF, 0xFFFF, 0xFFFF, 0xFFFF, 0xFFFF, 0xFFFF, 0xFFFF, 0xFFFF, 0xFFFF,
  0xFFFF, 0xFFFF, 0xFFFF, 0xFFFF, 0xFFFF, 0xFFFF, 0xFFFF, 0xFFFF, 0xFFFF, 0xFFFF, 0xFFFF, 0xFFFF,
  0xFFFF, 0xFFFF, 0xFFFF, 0xFFFF, 0xFFFF, 0xFFFF, 0xEF5E, 0x296F, 0x18EE, 0x190E, 0x190E, 0x190E,
  0x190E, 0x190E, 0x190E, 0x190E, 0x10EE, 0x10EF, 0x08CF, 0x08CF, 0x08CF, 0x10EF, 0x192F, 0x296E,
  0x318D, 0x41CB, 0x51EA, 0x7249, 0xF441, 0xFCC0, 0xFCE0, 0xFCC0, 0xF4A0, 0xF4A0, 0xEC61, 0xFC80,
  0xFC80, 0xFC80, 0xFCA0, 0xFCA0, 0xFCC0, 0xFCE0, 0xFCE0, 0xFCC0, 0xFCC0, 0xFCE0, 0xFCE0, 0xFCE0,
  0xFCE0, 0xFCE0, 0xFD00, 0xFD00, 0xFD00, 0xFD00, 0xFD20, 0xFD20, 0xF500, 0xF520, 0xF520, 0xFD20,
  0xFD40, 0xFD40, 0xFD60, 0xFD60, 0xF540, 0xF540, 0xFD40, 0xFD60, 0xFD80, 0xFD80, 0xFD60, 0xFD60,
  0xFD60, 0xFD60, 0xFD60, 0xFD60, 0xF540, 0xF540, 0xF540, 0xFD40, 0xFD40, 0xFD40, 0xFD40, 0xFD20,
  0xFD20, 0xFD20, 0xFD20, 0xFD20, 0xFD20, 0xFD00, 0xFD00, 0xFCE0, 0xFCE0, 0xFCC0, 0xFCC0, 0xFCA0,
  0xFCA0, 0xFC80, 0xFC80, 0xFC60, 0xFC40, 0xFC60, 0xFC60, 0xFC60, 0xF441, 0xEC42, 0xDC22, 0xD403,
  0xF440, 0xFC80, 0xFCE0, 0xFD40, 0xFDC0, 0xF601, 0x6466, 0x2BE6, 0x1BC6, 0x0BC6, 0x03E7, 0x0446,
  0x022D, 0x08B0, 0x090E, 0x10CF, 0x096C, 0x0327, 0x0BA6, 0x0B66, 0x0B86, 0x19CC, 0x18EE, 0x190E,
  0x190E, 0x190E, 0x190E, 0x18EE, 0xCE7C, 0xFFFF, 0xFFFF, 0xFFFF, 0xFFFF, 0xFFFF, 0xFFFF, 0xFFFF,
  0xFFFF, 0xFFFF, 0xFFFF, 0xFFFF, 0xFFFF, 0xFFFF, 0xFFFF, 0xFFFF, 0xFFFF, 0xFFFF, 0xFFFF, 0xFFFF,
  0xFFFF, 0xFFFF, 0xFFFF, 0xFFFF, 0xFFFF, 0xFFFF, 0xFFFF, 0xFFFF, 0xFFFF, 0xFFFF, 0xFFFF, 0xFFFF,
  0xFFFF, 0xFFFF, 0xFFFF, 0xFFFF, 0xFFFF, 0xFFFF, 0xFFFF, 0xFFFF, 0xFFFF, 0xFFFF, 0xFFFF, 0xFFFF,
  0xFFFF, 0xFFFF, 0xFFFF, 0xFFFF, 0xFFFF, 0xFFFF, 0xFFFF, 0xFFFF, 0xFFFF, 0xFFFF, 0xFFFF, 0xFFFF,
  0xFFFF, 0xFFFF, 0xFFFF, 0xFFFF, 0xFFFF, 0xFFFF, 0xFFFF, 0xFFFF, 0xFFFF, 0xFFFF, 0xFFFF, 0xFFFF,
  0xFFFF, 0xFFFF, 0xFFFF, 0xFFFF, 0xFFFF, 0xFFFF, 0xFFFF, 0xFFFF, 0xFFFF, 0xFFFF, 0xFFFF, 0xFFFF,
  0xFFFF, 0xFFFF, 0xFFFF, 0xFFFF, 0xFFFF, 0xFFFF, 0xFFFF, 0xFFFF, 0xFFFF, 0xFFFF, 0xFFFF, 0xFFFF,
  0xFFFF, 0xFFFF, 0xFFFF, 0xFFFF, 0xFFFF, 0xFFFF, 0xFFFF, 0xFFFF, 0xFFFF, 0xFFFF, 0xFFFF, 0xFFFF,
  0xFFFF, 0xFFFF, 0xFFFF, 0xFFFF, 0xFFFF, 0xFFFF, 0xFFFF, 0xFFFF, 0xFFFF, 0xFFFF, 0xFFFF, 0xFFFF,
  0xFFFF, 0xFFFF, 0xFFFF, 0xFFFF, 0xFFFF, 0xFFFF, 0xFFFF, 0xFFFF, 0xFFFF, 0xFFFF, 0xFFFF, 0xFFFF,
  0xFFFF, 0xFFFF, 0xFFFF, 0x5B13, 0x08AD, 0x190E, 0x190E, 0x190E, 0x190E, 0x190E, 0x190E, 0x190E,
  0x190E, 0x190E, 0x190E, 0x190E, 0x190E, 0x190E, 0x190E, 0x190F, 0x110F, 0x110E, 0x008F, 0x6A49,
  0xFCC0, 0xFD00, 0xFDC0, 0xFE41, 0xFF00, 0xA465, 0x210D, 0x41AB, 0x49CB, 0x5A0A, 0x6229, 0x7268,
  0x8AC7, 0x9B06, 0xA326, 0xB344, 0xC383, 0xCBA3, 0xD3C2, 0xDBE2, 0xE422, 0xEC41, 0xF441, 0xF440,
  0xFC80, 0xFC80, 0xFC80, 0xFC80, 0xFCA0, 0xFCA0, 0xFCC0, 0xFCC0, 0xFCA0, 0xFCA0, 0xFCA0, 0xFC80,
  0xFC60, 0xFC80, 0xFC80, 0xFC80, 0xFC80, 0xFC80, 0xFC80, 0xFC80, 0xFCA0, 0xFCC0, 0xFCC0, 0xFCA0,
  0xFC60, 0xFC80, 0xFC80, 0xFC80, 0xFC80, 0xFCA0, 0xFCA0, 0xFC80, 0xFC80, 0xFC80, 0xFC60, 0xFC80,
  0xF481, 0xF481, 0xE481, 0xE481, 0xDC61, 0xD482, 0xCC82, 0xBCA2, 0xA3C5, 0x9405, 0x8CC3, 0x7C84,
  0x6C45, 0x5B2C, 0x4ACE, 0x3A8E, 0x2A70, 0x1A52, 0x1252, 0x0231, 0x93C4, 0xFCA0, 0xFD60, 0xFE20,
  0xFEA0, 0xFF00, 0x8D43, 0x0367, 0x0BE7, 0x0C07, 0x0C07, 0x0C07, 0x0B87, 0x19CC, 0x18EE, 0x190E,
  0x0B27, 0x03A6, 0x0B66, 0x0B46, 0x0386, 0x122C, 0x18EF, 0x190E, 0x18EE, 0x190E, 0x10CD, 0x4251,
  0xFFDF, 0xFFFF, 0xFFFF, 0xFFFF, 0xFFFF, 0xFFFF, 0xFFFF, 0xFFFF, 0xFFFF, 0xFFFF, 0xFFFF, 0xFFFF,
  0xFFFF, 0xFFFF, 0xFFFF, 0xFFFF, 0xFFFF, 0xFFFF, 0xFFFF, 0xFFFF, 0xFFFF, 0xFFFF, 0xFFFF, 0xFFFF,
  0xFFFF, 0xFFFF, 0xFFFF, 0xFFFF, 0xFFFF, 0xFFFF, 0xFFFF, 0xFFFF, 0xFFFF, 0xFFFF, 0xFFFF, 0xFFFF,
  0xFFFF, 0xFFFF, 0xFFFF, 0xFFFF, 0xFFFF, 0xFFFF, 0xFFFF, 0xFFFF, 0xFFFF, 0xFFFF, 0xFFFF, 0xFFFF,
  0xFFFF, 0xFFFF, 0xFFFF, 0xFFFF, 0xFFFF, 0xFFFF, 0xFFFF, 0xFFFF, 0xFFFF, 0xFFFF, 0xFFFF, 0xFFFF,
  0xFFFF, 0xFFFF, 0xFFFF, 0xFFFF, 0xFFFF, 0xFFFF, 0xFFFF, 0xFFFF, 0xFFFF, 0xFFFF, 0xFFFF, 0xFFFF,
  0xFFFF, 0xFFFF, 0xFFFF, 0xFFFF, 0xFFFF, 0xFFFF, 0xFFFF, 0xFFFF, 0xFFFF, 0xFFFF, 0xFFFF, 0xFFFF,
  0xFFFF, 0xFFFF, 0xFFFF, 0xFFFF, 0xFFFF, 0xFFFF, 0xFFFF, 0xFFFF, 0xFFFF, 0xFFFF, 0xFFFF, 0xFFFF,
  0xFFFF, 0xFFFF, 0xFFFF, 0xFFFF, 0xFFFF, 0xFFFF, 0xFFFF, 0xFFFF, 0xFFFF, 0xFFFF, 0xFFFF, 0xFFFF,
  0xFFFF, 0xFFFF, 0xFFFF, 0xFFFF, 0xFFFF, 0xFFFF, 0xFFFF, 0xFFFF, 0xFFFF, 0xFFFF, 0xFFFF, 0xFFFF,
  0xFFFF, 0xFFFF, 0xFFFF, 0xFFFF, 0xFFFF, 0xFFFF, 0xFFFF, 0xFFFF, 0xFFFF, 0xFFFF, 0xFFFF, 0xAD79,
  0x08AD, 0x190E, 0x190E, 0x190E, 0x190E, 0x190E, 0x190E, 0x190E, 0x190E, 0x190E, 0x190E, 0x190E,
  0x190E, 0x190E, 0x190E, 0x190E, 0x192E, 0x190F, 0x316D, 0xEC21, 0xFCC0, 0xFD60, 0xFE00, 0xFEA0,
  0xEE62, 0x298E, 0x08CE, 0x10EE, 0x10EF, 0x10EF, 0x08CF, 0x08CF, 0x08CF, 0x08CF, 0x08CF, 0x10CF,
  0x10EF, 0x10EF, 0x190E, 0x212E, 0x294E, 0x316D, 0x318D, 0x398C, 0x41AC, 0x49CC, 0x520C, 0x5A2B,
  0x624B, 0x6A8A, 0x6AAB, 0x72CA, 0x7AEA, 0x7AC9, 0x7B08, 0x8464, 0x8CC4, 0x94E4, 0x8CE4, 0x8CA4,
  0x9483, 0x8C83, 0x94A4, 0x94E4, 0x9447, 0x8B6A, 0x836A, 0x83C8, 0x7CC4, 0x7CC5, 0x7D25, 0x7505,
  0x6D05, 0x63CA, 0x5B0D, 0x5B2C, 0x4AEF, 0x438D, 0x4566, 0x4546, 0x3D46, 0x3547, 0x2D67, 0x2547,
  0x1D47, 0x1D47, 0x1D68, 0x15A7, 0x042C, 0x02B1, 0x0547, 0x0507, 0x04A9, 0x0233, 0x0214, 0x0213,
  0x0212, 0x0212, 0x01D3, 0x02AF, 0x1CA6, 0xEC61, 0xFD00, 0xFDA0, 0xFE20, 0xFE80, 0xFE80, 0x3445,
  0x03C7, 0x0C07, 0x0BE7, 0x0BA7, 0x0BA6, 0x0BA7, 0x0AE9, 0x0AC9, 0x0366, 0x0B46, 0x0B66, 0x0B26,
  0x0366, 0x0A4A, 0x18EF, 0x190E, 0x18EE, 0x190E, 0x088D, 0x8C76, 0xFFFF, 0xFFFF, 0xFFFF, 0xFFFF,
  0xFFFF, 0xFFFF, 0xFFFF, 0xFFFF, 0xFFFF, 0xFFFF, 0xFFFF, 0xFFFF, 0xFFFF, 0xFFFF, 0xFFFF, 0xFFFF,
  0xFFFF, 0xFFFF, 0xFFFF, 0xFFFF, 0xFFFF, 0xFFFF, 0xFFFF, 0xFFFF, 0xFFFF, 0xFFFF, 0xFFFF, 0xFFFF,
  0xFFFF, 0xFFFF, 0xFFFF, 0xFFFF, 0xFFFF, 0xFFFF, 0xFFFF, 0xFFFF, 0xFFFF, 0xFFFF, 0xFFFF, 0xFFFF,
  0xFFFF, 0xFFFF, 0xFFFF, 0xFFFF, 0xFFFF, 0xFFFF, 0xFFFF, 0xFFFF, 0xFFFF, 0xFFFF, 0xFFFF, 0xFFFF,
  0xFFFF, 0xFFFF, 0xFFFF, 0xFFFF, 0xFFFF, 0xFFFF, 0xFFFF, 0xFFFF, 0xFFFF, 0xFFFF, 0xFFFF, 0xFFFF,
  0xFFFF, 0xFFFF, 0xFFFF, 0xFFFF, 0xFFFF, 0xFFFF, 0xFFFF, 0xFFFF, 0xFFFF, 0xFFFF, 0xFFFF, 0xFFFF,
  0xFFFF, 0xFFFF, 0xFFFF, 0xFFFF, 0xFFFF, 0xFFFF, 0xFFFF, 0xFFFF, 0xFFFF, 0xFFFF, 0xFFFF, 0xFFFF,
  0xFFFF, 0xFFFF, 0xFFFF, 0xFFFF, 0xFFFF, 0xFFFF, 0xFFFF, 0xFFFF, 0xFFFF, 0xFFFF, 0xFFFF, 0xFFFF,
  0xFFFF, 0xFFFF, 0xFFFF, 0xFFFF, 0xFFFF, 0xFFFF, 0xFFFF, 0xFFFF, 0xFFFF, 0xFFFF, 0xFFFF, 0xFFFF,
  0xFFFF, 0xFFFF, 0xFFFF, 0xFFFF, 0xFFFF, 0xFFFF, 0xFFFF, 0xFFFF, 0xFFFF, 0xFFFF, 0xFFFF, 0xFFFF,
  0xFFFF, 0xFFFF, 0xFFFF, 0xFFFF, 0xFFFF, 0xFFFF, 0xFFFF, 0xEF7E, 0x298F, 0x10EE, 0x190E, 0x190E,
  0x18EE, 0x190E, 0x190E, 0x190E, 0x190E, 0x190E, 0x190E, 0x190E, 0x190E, 0x190E, 0x190E, 0x190E,
  0x190E, 0x08EF, 0xAB46, 0xFCC0, 0xF500, 0xFDA0, 0xFE40, 0xFF00, 0x7369, 0x08B0, 0x212E, 0x190E,
  0x190E, 0x190E, 0x190E, 0x190E, 0x190E, 0x190E, 0x190E, 0x190E, 0x190E, 0x190E, 0x190E, 0x190E,
  0x110E, 0x110E, 0x10EE, 0x10EE, 0x10EE, 0x10EF, 0x08EF, 0x090F, 0x0930, 0x0930, 0x0151, 0x0151,
  0x0171, 0x0191, 0x0151, 0x030D, 0x0D88, 0x0D67, 0x0D68, 0x0548, 0x0507, 0x0D07, 0x0D28, 0x0DA7,
  0x03B0, 0x0215, 0x01F5, 0x03AE, 0x0D67, 0x0D48, 0x0D88, 0x0D88, 0x0D48, 0x02B1, 0x01F6, 0x0235,
  0x0216, 0x040D, 0x1587, 0x1548, 0x1548, 0x1548, 0x1D47, 0x1D48, 0x1D48, 0x1D67, 0x1D67, 0x1D67,
  0x1D08, 0x13EB, 0x1507, 0x1CE7, 0x14E8, 0x0AD0, 0x0A13, 0x0A32, 0x09F2, 0x09B2, 0x0A11, 0x0C69,
  0x04C8, 0x7485, 0xFCA0, 0xFD40, 0xFDE0, 0xF640, 0xFEC0, 0xBDE2, 0x03E8, 0x0BE7, 0x0BC7, 0x0BA7,
  0x0B87, 0x0B87, 0x03A6, 0x0386, 0x0346, 0x0B46, 0x0346, 0x0326, 0x0346, 0x0AA8, 0x18EE, 0x190E,
  0x190E, 0x190E, 0x18EE, 0xD6BC, 0xFFFF, 0xFFFF, 0xFFFF, 0xFFFF, 0xFFFF, 0xFFFF, 0xFFFF, 0xFFFF,
  0xFFFF, 0xFFFF, 0xFFFF, 0xFFFF, 0xFFFF, 0xFFFF, 0xFFFF, 0xFFFF, 0xFFFF, 0xFFFF, 0xFFFF, 0xFFFF,
  0xFFFF, 0xFFFF, 0xFFFF, 0xFFFF, 0xFFFF, 0xFFFF, 0xFFFF, 0xFFFF, 0xFFFF, 0xFFFF, 0xFFFF, 0xFFFF,
  0xFFFF, 0xFFFF, 0xFFFF, 0xFFFF, 0xFFFF, 0xFFFF, 0xFFFF, 0xFFFF, 0xFFFF, 0xFFFF, 0xFFFF, 0xFFFF,
  0xFFFF, 0xFFFF, 0xFFFF, 0xFFFF, 0xFFFF, 0xFFFF, 0xFFFF, 0xFFFF, 0xFFFF, 0xFFFF, 0xFFFF, 0xFFFF,
  0xFFFF, 0xFFFF, 0xFFFF, 0xFFFF, 0xFFFF, 0xFFFF, 0xFFFF, 0xFFFF, 0xFFFF, 0xFFFF, 0xFFFF, 0xFFFF,
  0xFFFF, 0xFFFF, 0xFFFF, 0xFFFF, 0xFFFF, 0xFFFF, 0xFFFF, 0xFFFF, 0xFFFF, 0xFFFF, 0xFFFF, 0xFFFF,
  0xFFFF, 0xFFFF, 0xFFFF, 0xFFFF, 0xFFFF, 0xFFFF, 0xFFFF, 0xFFFF, 0xFFFF, 0xFFFF, 0xFFFF, 0xFFFF,
  0xFFFF, 0xFFFF, 0xFFFF, 0xFFFF, 0xFFFF, 0xFFFF, 0xFFFF, 0xFFFF, 0xFFFF, 0xFFFF, 0xFFFF, 0xFFFF,
  0xFFFF, 0xFFFF, 0xFFFF, 0xFFFF, 0xFFFF, 0xFFFF, 0xFFFF, 0xFFFF, 0xFFFF, 0xFFFF, 0xFFFF, 0xFFFF,
  0xFFFF, 0xFFFF, 0xFFFF, 0xFFFF, 0xFFFF, 0xFFFF, 0xFFFF, 0xFFFF, 0xFFFF, 0xFFFF, 0xFFFF, 0xFFFF,
  0xFFFF, 0xFFFF, 0xFFFF, 0xFFFF, 0x73D5, 0x088D, 0x192E, 0x190E, 0x18EE, 0x18EE, 0x190E, 0x190E,
  0x190E, 0x190E, 0x190E, 0x190E, 0x190E, 0x190E, 0x190E, 0x190E, 0x10EF, 0x49CB, 0xFC80, 0xFCE0,
  0xFD80, 0xFE00, 0xFEE0, 0xD5A3, 0x10EE, 0x190E, 0x190E, 0x190E, 0x190E, 0x190E, 0x190E, 0x190E,
  0x190E, 0x190E, 0x190E, 0x190E, 0x190E, 0x190E, 0x190E, 0x190E, 0x190E, 0x190E, 0x190E, 0x190E,
  0x190E, 0x190E, 0x192E, 0x192E, 0x194E, 0x194F, 0x196F, 0x196F, 0x198F, 0x1990, 0x19B0, 0x1191,
  0x12ED, 0x1D27, 0x1D67, 0x1D27, 0x1CE7, 0x1D07, 0x1D27, 0x1D48, 0x0AD2, 0x0A33, 0x0B8C, 0x1D27,
  0x1D47, 0x1D48, 0x2567, 0x2547, 0x1D47, 0x1C89, 0x138D, 0x0B10, 0x140D, 0x1D67, 0x1D28, 0x1D28,
  0x1D28, 0x1D28, 0x1D28, 0x1D48, 0x1D67, 0x1CE9, 0x1D09, 0x1D67, 0x1D67, 0x1CE8, 0x142A, 0x14C8,
  0x1D46, 0x0B8D, 0x01D2, 0x0A12, 0x0A31, 0x0B4C, 0x0C29, 0x0CA7, 0x0C88, 0x0CA8, 0xD462, 0xFCE0,
  0xFD80, 0xFE20, 0xFE80, 0xFEE0, 0x54A5, 0x0387, 0x0BC7, 0x03A7, 0x0BA7, 0x0B87, 0x0B66, 0x0B46,
  0x0346, 0x0326, 0x0326, 0x0326, 0x0306, 0x0305, 0x09EA, 0x18EE, 0x190E, 0x10AD, 0x52B2, 0xFFFF,
  0xFFFF, 0xFFFF, 0xFFFF, 0xFFFF, 0xFFFF, 0xFFFF, 0xFFFF, 0xFFFF, 0xFFFF, 0xFFFF, 0xFFFF, 0xFFFF,
  0xFFFF, 0xFFFF, 0xFFFF, 0xFFFF, 0xFFFF, 0xFFFF, 0xFFFF, 0xFFFF, 0xFFFF, 0xFFFF, 0xFFFF, 0xFFFF,
  0xFFFF, 0xFFFF, 0xFFFF, 0xFFFF, 0xFFFF, 0xFFFF, 0xFFFF, 0xFFFF, 0xFFFF, 0xFFFF, 0xFFFF, 0xFFFF,
  0xFFFF, 0xFFFF, 0xFFFF, 0xFFFF, 0xFFFF, 0xFFFF, 0xFFFF, 0xFFFF, 0xFFFF, 0xFFFF, 0xFFFF, 0xFFFF,
  0xFFFF, 0xFFFF, 0xFFFF, 0xFFFF, 0xFFFF, 0xFFFF, 0xFFFF, 0xFFFF, 0xFFFF, 0xFFFF, 0xFFFF, 0xFFFF,
  0xFFFF, 0xFFFF, 0xFFFF, 0xFFFF, 0xFFFF, 0xFFFF, 0xFFFF, 0xFFFF, 0xFFFF, 0xFFFF, 0xFFFF, 0xFFFF,
  0xFFFF, 0xFFFF, 0xFFFF, 0xFFFF, 0xFFFF, 0xFFFF, 0xFFFF, 0xFFFF, 0xFFFF, 0xFFFF, 0xFFFF, 0xFFFF,
  0xFFFF, 0xFFFF, 0xFFFF, 0xFFFF, 0xFFFF, 0xFFFF, 0xFFFF, 0xFFFF, 0xFFFF, 0xFFFF, 0xFFFF, 0xFFFF,
  0xFFFF, 0xFFFF, 0xFFFF, 0xFFFF, 0xFFFF, 0xFFFF, 0xFFFF, 0xFFFF, 0xFFFF, 0xFFFF, 0xFFFF, 0xFFFF,
  0xFFFF, 0xFFFF, 0xFFFF, 0xFFFF, 0xFFFF, 0xFFFF, 0xFFFF, 0xFFFF, 0xFFFF, 0xFFFF, 0xFFFF, 0xFFFF,
  0xFFFF, 0xFFFF, 0xFFFF, 0xFFFF, 0xFFFF, 0xFFFF, 0xFFFF, 0xFFFF, 0xFFFF, 0xFFFF, 0xFFFF, 0xFFFF,
  0xCE7B, 0x10CD, 0x190E, 0x190E, 0x190E, 0x18EE, 0x190E, 0x190E, 0x190E, 0x190E, 0x190E, 0x190E,
  0x190E, 0x190E, 0x190E, 0x190E, 0x10EF, 0xBB64, 0xFCA0, 0xFD20, 0xFDE0, 0xFE60, 0xFF00, 0x5ACB,
  0x08CF, 0x192E, 0x190E, 0x190E, 0x190E, 0x190E, 0x190E, 0x190E, 0x190E, 0x190E, 0x190E, 0x190E,
  0x190E, 0x190E, 0x190E, 0x190E, 0x190E, 0x190E, 0x190E, 0x190E, 0x190E, 0x190E, 0x190E, 0x190E,
  0x192E, 0x192F, 0x114F, 0x114F, 0x116F, 0x116F, 0x1190, 0x11B0, 0x1151, 0x12CD, 0x13CA, 0x140A,
  0x1567, 0x1527, 0x1D47, 0x140B, 0x09F4, 0x0AB1, 0x1566, 0x1D47, 0x1D67, 0x1DA7, 0x1D29, 0x14A9,
  0x1D67, 0x1D87, 0x1D86, 0x1D86, 0x2548, 0x1D48, 0x1D47, 0x1D47, 0x1D27, 0x1D47, 0x1D47, 0x1D87,
  0x1529, 0x0292, 0x0A71, 0x146A, 0x148A, 0x0AD0, 0x01F3, 0x0A70, 0x0B2E, 0x0A31, 0x09F1, 0x09B2,
  0x0B2D, 0x1527, 0x14A7, 0x0C68, 0x1468, 0x0488, 0x4C45, 0xFC60, 0xF520, 0xFDE0, 0xFE60, 0xFEC0,
  0xD622, 0x0BA7, 0x03A6, 0x0BA7, 0x0B87, 0x0B86, 0x0B66, 0x0B46, 0x0346, 0x0326, 0x0326, 0x0306,
  0x0305, 0x0305, 0x0325, 0x0A29, 0x210E, 0x08AC, 0xA538, 0xFFFF, 0xFFFF, 0xFFFF, 0xFFFF, 0xFFFF,
  0xFFFF, 0xFFFF, 0xFFFF, 0xFFFF, 0xFFFF, 0xFFFF, 0xFFFF, 0xFFFF, 0xFFFF, 0xFFFF, 0xFFFF, 0xFFFF,
  0xFFFF, 0xFFFF, 0xFFFF, 0xFFFF, 0xFFFF, 0xFFFF, 0xFFFF, 0xFFFF, 0xFFFF, 0xFFFF, 0xFFFF, 0xFFFF,
  0xFFFF, 0xFFFF, 0xFFFF, 0xFFFF, 0xFFFF, 0xFFFF, 0xFFFF, 0xFFFF, 0xFFFF, 0xFFFF, 0xFFFF, 0xFFFF,
  0xFFFF, 0xFFFF, 0xFFFF, 0xFFFF, 0xFFFF, 0xFFFF, 0xFFFF, 0xFFFF, 0xFFFF, 0xFFFF, 0xFFFF, 0xFFFF,
  0xFFFF, 0xFFFF, 0xFFFF, 0xFFFF, 0xFFFF, 0xFFFF, 0xFFFF, 0xFFFF, 0xFFFF, 0xFFFF, 0xFFFF, 0xFFFF,
  0xFFFF, 0xFFFF, 0xFFFF, 0xFFFF, 0xFFFF, 0xFFFF, 0xFFFF, 0xFFFF, 0xFFFF, 0xFFFF, 0xFFFF, 0xFFFF,
  0xFFFF, 0xFFFF, 0xFFFF, 0xFFFF, 0xFFFF, 0xFFFF, 0xFFFF, 0xFFFF, 0xFFFF, 0xFFFF, 0xFFFF, 0xFFFF,
  0xFFFF, 0xFFFF, 0xFFFF, 0xFFFF, 0xFFFF, 0xFFFF, 0xFFFF, 0xFFFF, 0xFFFF, 0xFFFF, 0xFFFF, 0xFFFF,
  0xFFFF, 0xFFFF, 0xFFFF, 0xFFFF, 0xFFFF, 0xFFFF, 0xFFFF, 0xFFFF, 0xFFFF, 0xFFFF, 0xFFFF, 0xFFFF,
  0xFFFF, 0xFFFF, 0xFFFF, 0xFFFF, 0xFFFF, 0xFFFF, 0xFFFF, 0xFFFF, 0xFFFF, 0xFFFF, 0xFFFF, 0xFFFF,
  0xFFFF, 0xFFFF, 0xFFFF, 0xFFFF, 0xFFFF, 0xFFFF, 0xFFFF, 0xFFFF, 0xFFFF, 0x5AF2, 0x08AD, 0x190E,
  0x190E, 0x18EE, 0x190E, 0x190E, 0x190E, 0x190E, 0x190E, 0x190E, 0x190E, 0x190E, 0x190E, 0x08CF,
  0x620A, 0xFC80, 0xFCC0, 0xFD80, 0xFE00, 0xFEE0, 0xB4C5, 0x10CF, 0x192E, 0x190E, 0x190E, 0x190E,
  0x190E, 0x190E, 0x190E, 0x190E, 0x190E, 0x190E, 0x190E, 0x190E, 0x190E, 0x190E, 0x190E, 0x190E,
  0x190E, 0x190E, 0x190E, 0x190E, 0x190E, 0x190E, 0x190E, 0x190E, 0x190E, 0x192E, 0x192E, 0x192F,
  0x194F, 0x196F, 0x116F, 0x1170, 0x1190, 0x1190, 0x1170, 0x11D1, 0x0C4B, 0x1528, 0x1489, 0x0A4F,
  0x09D2, 0x0A71, 0x0BAD, 0x130F, 0x0AEF, 0x146A, 0x0B2F, 0x0251, 0x14A9, 0x1CC9, 0x1CE9, 0x13CE,
  0x0A93, 0x0B10, 0x138E, 0x148A, 0x146A, 0x0B2F, 0x148A, 0x144B, 0x0273, 0x0233, 0x01F2, 0x0A12,
  0x0A13, 0x09F3, 0x0A12, 0x09F2, 0x09D2, 0x09D1, 0x09F1, 0x09B1, 0x0A10, 0x0C88, 0x0C88, 0x0C68,
  0x0C68, 0x0C48, 0x0408, 0xAC02, 0xFCC0, 0xFD80, 0xFE00, 0xFE80, 0xFEE0, 0x74E4, 0x0367, 0x0B86,
  0x0B66, 0x0366, 0x0B66, 0x0B46, 0x0326, 0x0326, 0x0306, 0x0305, 0x0305, 0x0305, 0x02E5, 0x0305,
  0x09C9, 0x31AF, 0xEF9E, 0xFFFF, 0xFFFF, 0xFFFF, 0xFFFF, 0xFFFF, 0xFFFF, 0xFFFF, 0xFFFF, 0xFFFF,
  0xFFFF, 0xFFFF, 0xFFFF, 0xFFFF, 0xFFFF, 0xFFFF, 0xFFFF, 0xFFFF, 0xFFFF, 0xFFFF, 0xFFFF, 0xFFFF,
  0xFFFF, 0xFFFF, 0xFFFF, 0xFFFF, 0xFFFF, 0xFFFF, 0xFFFF, 0xFFFF, 0xFFFF, 0xFFFF, 0xFFFF, 0xFFFF,
  0xFFFF, 0xFFFF, 0xFFFF, 0xFFFF, 0xFFFF, 0xFFFF, 0xFFFF, 0xFFFF, 0xFFFF, 0xFFFF, 0xFFFF, 0xFFFF,
  0xFFFF, 0xFFFF, 0xFFFF, 0xFFFF, 0xFFFF, 0xFFFF, 0xFFFF, 0xFFFF, 0xFFFF, 0xFFFF, 0xFFFF, 0xFFFF,
  0xFFFF, 0xFFFF, 0xFFFF, 0xFFFF, 0xFFFF, 0xFFFF, 0xFFFF, 0xFFFF, 0xFFFF, 0xFFFF, 0xFFFF, 0xFFFF,
  0xFFFF, 0xFFFF, 0xFFFF, 0xFFFF, 0xFFFF, 0xFFFF, 0xFFFF, 0xFFFF, 0xFFFF, 0xFFFF, 0xFFFF, 0xFFFF,
  0xFFFF, 0xFFFF, 0xFFFF, 0xFFFF, 0xFFFF, 0xFFFF, 0xFFFF, 0xFFFF, 0xFFFF, 0xFFFF, 0xFFFF, 0xFFFF,
  0xFFFF, 0xFFFF, 0xFFFF, 0xFFFF, 0xFFFF, 0xFFFF, 0xFFFF, 0xFFFF, 0xFFFF, 0xFFFF, 0xFFFF, 0xFFFF,
  0xFFFF, 0xFFFF, 0xFFFF, 0xFFFF, 0xFFFF, 0xFFFF, 0xFFFF, 0xFFFF, 0xFFFF, 0xFFFF, 0xFFFF, 0xFFFF,
  0xFFFF, 0xFFFF, 0xFFFF, 0xFFFF, 0xFFFF, 0xFFFF, 0xFFFF, 0xFFFF, 0xFFFF, 0xFFFF, 0xFFFF, 0xFFFF,
  0xFFFF, 0xFFFF, 0xFFFF, 0xFFFF, 0xFFFF, 0xC61B, 0x10CD, 0x190E, 0x190E, 0x190E, 0x190E, 0x18EE,
  0x190E, 0x190E, 0x190E, 0x190E, 0x18EE, 0x190E, 0x190E, 0x190F, 0xD3C3, 0xFCC0, 0xFD60, 0xFDE0,
  0xFE60, 0xF661, 0x31CD, 0x10EF, 0x190E, 0x190E, 0x190E, 0x190E, 0x190E, 0x190E, 0x190E, 0x190E,
  0x190E, 0x190E, 0x190E, 0x190E, 0x190E, 0x190E, 0x190E, 0x190E, 0x190E, 0x190E, 0x190E, 0x190E,
  0x190E, 0x190E, 0x190E, 0x190E, 0x190E, 0x190E, 0x190E, 0x192E, 0x192F, 0x194F, 0x194F, 0x116F,
  0x116F, 0x1190, 0x11B0, 0x11B1, 0x11B2, 0x1230, 0x09F0, 0x09B1, 0x09F1, 0x09F2, 0x09D3, 0x09F3,
  0x09D3, 0x09D2, 0x09F2, 0x09F3, 0x0212, 0x0232, 0x0233, 0x0214, 0x0213, 0x0213, 0x01F4, 0x0233,
  0x0232, 0x01F4, 0x0213, 0x0213, 0x0213, 0x0A12, 0x0A12, 0x0A12, 0x0A12, 0x0A12, 0x09F1, 0x09F1,
  0x09F1, 0x09F0, 0x09B1, 0x09F0, 0x0BCA, 0x0C87, 0x0C68, 0x0C68, 0x0C48, 0x0C28, 0x0408, 0x3406,
  0xF440, 0xFD20, 0xFDC0, 0xFE40, 0xFEC0, 0xE661, 0x13A6, 0x0366, 0x0B66, 0x0B66, 0x0B46, 0x0B46,
  0x0326, 0x0306, 0x0306, 0x0305, 0x0305, 0x02E5, 0x02E5, 0x0AE5, 0x0264, 0x7CB4, 0xFFFF, 0xFFFF,
  0xFFFF, 0xFFFF, 0xFFFF, 0xFFFF, 0xFFFF, 0xFFFF, 0xFFFF, 0xFFFF, 0xFFFF, 0xFFFF, 0xFFFF, 0xFFFF,
  0xFFFF, 0xFFFF, 0xFFFF, 0xFFFF, 0xFFFF, 0xFFFF, 0xFFFF, 0xFFFF, 0xFFFF, 0xFFFF, 0xFFFF, 0xFFFF,
  0xFFFF, 0xFFFF, 0xFFFF, 0xFFFF, 0xFFFF, 0xFFFF, 0xFFFF, 0xFFFF, 0xFFFF, 0xFFFF, 0xFFFF, 0xFFFF,
  0xFFFF, 0xFFFF, 0xFFFF, 0xFFFF, 0xFFFF, 0xFFFF, 0xFFFF, 0xFFFF, 0xFFFF, 0xFFFF, 0xFFFF, 0xFFFF,
  0xFFFF, 0xFFFF, 0xFFFF, 0xFFFF, 0xFFFF, 0xFFFF, 0xFFFF, 0xFFFF, 0xFFFF, 0xFFFF, 0xFFFF, 0xFFFF,
  0xFFFF, 0xFFFF, 0xFFFF, 0xFFFF, 0xFFFF, 0xFFFF, 0xFFFF, 0xFFFF, 0xFFFF, 0xFFFF, 0xFFFF, 0xFFFF,
  0xFFFF, 0xFFFF, 0xFFFF, 0xFFFF, 0xFFFF, 0xFFFF, 0xFFFF, 0xFFFF, 0xFFFF, 0xFFFF, 0xFFFF, 0xFFFF,
  0xFFFF, 0xFFFF, 0xFFFF, 0xFFFF, 0xFFFF, 0xFFFF, 0xFFFF, 0xFFFF, 0xFFFF, 0xFFFF, 0xFFFF, 0xFFFF,
  0xFFFF, 0xFFFF, 0xFFFF, 0xFFFF, 0xFFFF, 0xFFFF, 0xFFFF, 0xFFFF, 0xFFFF, 0xFFFF, 0xFFFF, 0xFFFF,
  0xFFFF, 0xFFFF, 0xFFFF, 0xFFFF, 0xFFFF, 0xFFFF, 0xFFFF, 0xFFFF, 0xFFFF, 0xFFFF, 0xFFFF, 0xFFFF,
  0xFFFF, 0xFFFF, 0xFFFF, 0xFFFF, 0xFFFF, 0xFFFF, 0xFFFF, 0xFFFF, 0xFFFF, 0xFFFF, 0xFFFF, 0xFFFF,
  0xFFFF, 0xFFFF, 0x4A92, 0x10AD, 0x190E, 0x190E, 0x190E, 0x18EE, 0x18EE, 0x190E, 0x190E, 0x18EE,
  0x18EE, 0x190E, 0x08CF, 0x6A49, 0xFCA0, 0xFD00, 0xFDC0, 0xFE41, 0xFF00, 0x93E7, 0x08B0, 0x212E,
  0x190E, 0x190E, 0x190E, 0x190E, 0x190E, 0x190E, 0x190E, 0x190E, 0x190E, 0x190E, 0x190E, 0x190E,
  0x190E, 0x190E, 0x190E, 0x190E, 0x190E, 0x190E, 0x190E, 0x190E, 0x190E, 0x190E, 0x190E, 0x190E,
  0x190E, 0x190E, 0x190E, 0x190E, 0x192E, 0x192F, 0x194F, 0x194F, 0x116F, 0x116F, 0x1190, 0x1190,
  0x11B0, 0x1191, 0x11B0, 0x11B0, 0x11B1, 0x09D1, 0x09D1, 0x09F1, 0x09F1, 0x09D1, 0x09F2, 0x09F2,
  0x09F2, 0x09F2, 0x0A12, 0x0A12, 0x0A12, 0x0A12, 0x0A12, 0x0A12, 0x0A12, 0x0A12, 0x0A12, 0x0A12,
  0x09F2, 0x09F2, 0x09F2, 0x09F1, 0x09F2, 0x09F1, 0x09D1, 0x0992, 0x0991, 0x0971, 0x09CF, 0x0C28,
  0x0CA7, 0x0C48, 0x0C48, 0x0C47, 0x0C27, 0x0C07, 0x0C07, 0x0408, 0x9423, 0xFCA0, 0xFD60, 0xFE00,
  0xFE80, 0xFF00, 0x8503, 0x0306, 0x0B66, 0x0346, 0x0346, 0x0B26, 0x0B26, 0x0306, 0x0306, 0x0305,
  0x0B05, 0x0AE5, 0x02E5, 0x02C5, 0x0AE6, 0xDF5B, 0xFFFF, 0xFFFF, 0xFFFF, 0xFFFF, 0xFFFF, 0xFFFF,
  0xFFFF, 0xFFFF, 0xFFFF, 0xFFFF, 0xFFFF, 0xFFFF, 0xFFFF, 0xFFFF, 0xFFFF, 0xFFFF, 0xFFFF, 0xFFFF,
  0xFFFF, 0xFFFF, 0xFFFF, 0xFFFF, 0xFFFF, 0xFFFF, 0xFFFF, 0xFFFF, 0xFFFF, 0xFFFF, 0xFFFF, 0xFFFF,
  0xFFFF, 0xFFFF, 0xFFFF, 0xFFFF, 0xFFFF, 0xFFFF, 0xFFFF, 0xFFFF, 0xFFFF, 0xFFFF, 0xFFFF, 0xFFFF,
  0xFFFF, 0xFFFF, 0xFFFF, 0xFFFF, 0xFFFF, 0xFFFF, 0xFFFF, 0xFFFF, 0xFFFF, 0xFFFF, 0xFFFF, 0xFFFF,
  0xFFFF, 0xFFFF, 0xFFFF, 0xFFFF, 0xFFFF, 0xFFFF, 0xFFFF, 0xFFFF, 0xFFFF, 0xFFFF, 0xFFFF, 0xFFFF,
  0xFFFF, 0xFFFF, 0xFFFF, 0xFFFF, 0xFFFF, 0xFFFF, 0xFFFF, 0xFFFF, 0xFFFF, 0xFFFF, 0xFFFF, 0xFFFF,
  0xFFFF, 0xFFFF, 0xFFFF, 0xFFFF, 0xFFFF, 0xFFFF, 0xFFFF, 0xFFFF, 0xFFFF, 0xFFFF, 0xFFFF, 0xFFFF,
  0xFFFF, 0xFFFF, 0xFFFF, 0xFFFF, 0xFFFF, 0xFFFF, 0xFFFF, 0xFFFF, 0xFFFF, 0xFFFF, 0xFFFF, 0xFFFF,
  0xFFFF, 0xFFFF, 0xFFFF, 0xFFFF, 0xFFFF, 0xFFFF, 0xFFFF, 0xFFFF, 0xFFFF, 0xFFFF, 0xFFFF, 0xFFFF,
  0xFFFF, 0xFFFF, 0xFFFF, 0xFFFF, 0xFFFF, 0xFFFF, 0xFFFF, 0xFFFF, 0xFFFF, 0xFFFF, 0xFFFF, 0xFFFF,
  0xFFFF, 0xFFFF, 0xFFFF, 0xFFFF, 0xFFFF, 0xFFFF, 0xFFFF, 0xFFFF, 0xFFFF, 0xFFFF, 0xB5BA, 0x10AD,
  0x190E, 0x190E, 0x18EE, 0x190E, 0x18EE, 0x190E, 0x18EE, 0x190E, 0x190E, 0x18EE, 0x212D, 0xDBE2,
  0xFCA0, 0xFD40, 0xFE00, 0xFEC0, 0xE642, 0x216E, 0x190E, 0x190E, 0x190E, 0x190E, 0x190E, 0x190E,
  0x190E, 0x190E, 0x190E, 0x190E, 0x190E, 0x190E, 0x190E, 0x190E, 0x190E, 0x190E, 0x190E, 0x190E,
  0x190E, 0x190E, 0x190E, 0x190E, 0x190E, 0x190E, 0x190E, 0x190E, 0x190E, 0x190E, 0x190E, 0x190E,
  0x190E, 0x192E, 0x192F, 0x192F, 0x194F, 0x194F, 0x196F, 0x1970, 0x1170, 0x1190, 0x1190, 0x1190,
  0x1190, 0x11B1, 0x11B1, 0x11B1, 0x11B1, 0x09B1, 0x09D1, 0x09D1, 0x09D1, 0x09F2, 0x09F2, 0x09F2,
  0x09F2, 0x09F2, 0x09F1, 0x09F1, 0x09F2, 0x09F2, 0x09F2, 0x09D1, 0x09D1, 0x09D1, 0x09D1, 0x09D1,
  0x09D1, 0x1191, 0x1210, 0x0AED, 0x0B2C, 0x0BAA, 0x0C28, 0x0C87, 0x0C48, 0x0C47, 0x0C47, 0x0C27,
  0x0C07, 0x0BE7, 0x0BE7, 0x03E7, 0x2407, 0xEC61, 0xFD00, 0xFDC0, 0xFE20, 0xFEA0, 0xEE80, 0x2385,
  0x0326, 0x0B46, 0x0326, 0x0B25, 0x0B25, 0x0305, 0x0305, 0x02E5, 0x02E5, 0x02E5, 0x0AE5, 0x0263,
  0x64CF, 0xFFFF, 0xFFFF, 0xFFFF, 0xFFFF, 0xFFFF, 0xFFFF, 0xFFFF, 0xFFFF, 0xFFFF, 0xFFFF, 0xFFFF,
  0xFFFF, 0xFFFF, 0xFFFF, 0xFFFF, 0xFFFF, 0xFFFF, 0xFFFF, 0xFFFF, 0xFFFF, 0xFFFF, 0xFFFF, 0xFFFF,
  0xFFFF, 0xFFFF, 0xFFFF, 0xFFFF, 0xFFFF, 0xFFFF, 0xFFFF, 0xFFFF, 0xFFFF, 0xFFFF, 0xFFFF, 0xFFFF,
  0xFFFF, 0xFFFF, 0xFFFF, 0xFFFF, 0xFFFF, 0xFFFF, 0xFFFF, 0xFFFF, 0xFFFF, 0xFFFF, 0xFFFF, 0xFFFF,
  0xFFFF, 0xFFFF, 0xFFFF, 0xFFFF, 0xFFFF, 0xFFFF, 0xFFFF, 0xFFFF, 0xFFFF, 0xFFFF, 0xFFFF, 0xFFFF,
  0xFFFF, 0xFFFF, 0xFFFF, 0xFFFF, 0xFFFF, 0xFFFF, 0xFFFF, 0xFFFF, 0xFFFF, 0xFFFF, 0xFFFF, 0xFFFF,
  0xFFFF, 0xFFFF, 0xFFFF, 0xFFFF, 0xFFFF, 0xFFFF, 0xFFFF, 0xFFFF, 0xFFFF, 0xFFFF, 0xFFFF, 0xFFFF,
  0xFFFF, 0xFFFF, 0xFFFF, 0xFFFF, 0xFFFF, 0xFFFF, 0xFFFF, 0xFFFF, 0xFFFF, 0xFFFF, 0xFFFF, 0xFFFF,
  0xFFFF, 0xFFFF, 0xFFFF, 0xFFFF, 0xFFFF, 0xFFFF, 0xFFFF, 0xFFFF, 0xFFFF, 0xFFFF, 0xFFFF, 0xFFFF,
  0xFFFF, 0xFFFF, 0xFFFF, 0xFFFF, 0xFFFF, 0xFFFF, 0xFFFF, 0xFFFF, 0xFFFF, 0xFFFF, 0xFFFF, 0xFFFF,
  0xFFFF, 0xFFFF, 0xFFFF, 0xFFFF, 0xFFFF, 0xFFFF, 0xFFFF, 0xFFFF, 0xFFFF, 0xFFFF, 0xFFFF, 0xFFFF,
  0xFFFF, 0xFFFF, 0xFFFF, 0xFFFF, 0xFFFF, 0xFFFF, 0xFFFF, 0x4271, 0x10AE, 0x190E, 0x18EE, 0x190E,
  0x18EE, 0x18EE, 0x18EE, 0x18EE, 0x190E, 0x08CF, 0x8288, 0xFCA0, 0xF4E0, 0xFD80, 0xFE20, 0xFF20,
  0x7B89, 0x08B0, 0x192E, 0x190E, 0x190E, 0x190E, 0x190E, 0x190E, 0x190E, 0x190E, 0x190E, 0x190E,
  0x190E, 0x190E, 0x190E, 0x190E, 0x190E, 0x190E, 0x190E, 0x190E, 0x190E, 0x190E, 0x190E, 0x190E,
  0x190E, 0x190E, 0x190E, 0x190E, 0x190E, 0x190E, 0x190E, 0x190E, 0x190E, 0x190E, 0x190E, 0x192E,
  0x192E, 0x192F, 0x194F, 0x194F, 0x194F, 0x116F, 0x1170, 0x1170, 0x1170, 0x1190, 0x1190, 0x1190,
  0x1190, 0x11B1, 0x11B1, 0x11B1, 0x09B1, 0x09B1, 0x09D1, 0x09D1, 0x09D1, 0x09D1, 0x09D1, 0x09D1,
  0x11D1, 0x09D1, 0x09B1, 0x11B1, 0x11B1, 0x11B1, 0x11B1, 0x11B0, 0x1190, 0x12CD, 0x0CA8, 0x14C7,
  0x14A7, 0x0CA7, 0x0C68, 0x0C48, 0x0C27, 0x0C27, 0x0C27, 0x0C07, 0x0BE7, 0x0BE7, 0x0BE7, 0x0BC7,
  0x03C8, 0x8424, 0xFCA0, 0xF540, 0xFDE0, 0xF640, 0xFEE0, 0x9D63, 0x0306, 0x0B46, 0x0326, 0x0305,
  0x0305, 0x02E5, 0x02E5, 0x02C5, 0x02C5, 0x02C5, 0x02A5, 0x0AC5, 0xD71B, 0xFFFF, 0xFFFF, 0xFFFF,
  0xFFFF, 0xFFFF, 0xFFFF, 0xFFFF, 0xFFFF, 0xFFFF, 0xFFFF, 0xFFFF, 0xFFFF, 0xFFFF, 0xFFFF, 0xFFFF,
  0xFFFF, 0xFFFF, 0xFFFF, 0xFFFF, 0xFFFF, 0xFFFF, 0xFFFF, 0xFFFF, 0xFFFF, 0xFFFF, 0xFFFF, 0xFFFF,
  0xFFFF, 0xFFFF, 0xFFFF, 0xFFFF, 0xFFFF, 0xFFFF, 0xFFFF, 0xFFFF, 0xFFFF, 0xFFFF, 0xFFFF, 0xFFFF,
  0xFFFF, 0xFFFF, 0xFFFF, 0xFFFF, 0xFFFF, 0xFFFF, 0xFFFF, 0xFFFF, 0xFFFF, 0xFFFF, 0xFFFF, 0xFFFF,
  0xFFFF, 0xFFFF, 0xFFFF, 0xFFFF, 0xFFFF, 0xFFFF, 0xFFFF, 0xFFFF, 0xFFFF, 0xFFFF, 0xFFFF, 0xFFFF,
  0xFFFF, 0xFFFF, 0xFFFF, 0xFFFF, 0xFFFF, 0xFFFF, 0xFFFF, 0xFFFF, 0xFFFF, 0xFFFF, 0xFFFF, 0xFFFF,
  0xFFFF, 0xFFFF, 0xFFFF, 0xFFFF, 0xFFFF, 0xFFFF, 0xFFFF, 0xFFFF, 0xFFFF, 0xFFFF, 0xFFFF, 0xFFFF,
  0xFFFF, 0xFFFF, 0xFFFF, 0xFFFF, 0xFFFF, 0xFFFF, 0xFFFF, 0xFFFF, 0xFFFF, 0xFFFF, 0xFFFF, 0xFFFF,
  0xFFFF, 0xFFFF, 0xFFFF, 0xFFFF, 0xFFFF, 0xFFFF, 0xFFFF, 0xFFFF, 0xFFFF, 0xFFFF, 0xFFFF, 0xFFFF,
  0xFFFF, 0xFFFF, 0xFFFF, 0xFFFF, 0xFFFF, 0xFFFF, 0xFFFF, 0xFFFF, 0xFFFF, 0xFFFF, 0xFFFF, 0xFFFF,
  0xFFFF, 0xFFFF, 0xFFFF, 0xFFFF, 0xFFFF, 0xFFFF, 0xFFFF, 0xFFFF, 0xFFFF, 0xFFFF, 0xFFFF, 0xFFFF,
  0xFFFF, 0xFFFF, 0xFFFF, 0xBDFA, 0x10AD, 0x190E, 0x18EE, 0x18EE, 0x18EE, 0x18EE, 0x190E, 0x190E,
  0x190E, 0x296D, 0xEC22, 0xFCC0, 0xFD60, 0xFDE0, 0xFEA0, 0xD5C2, 0x190F, 0x190E, 0x190E, 0x190E,
  0x190E, 0x190E, 0x190E, 0x190E, 0x190E, 0x190E, 0x190E, 0x190E, 0x190E, 0x190E, 0x190E, 0x18EE,
  0x190E, 0x190E, 0x18EE, 0x190E, 0x190E, 0x190E, 0x190E, 0x190E, 0x190E, 0x190E, 0x190E, 0x190E,
  0x190E, 0x190E, 0x190E, 0x190E, 0x190E, 0x190E, 0x190E, 0x190E, 0x190E, 0x192E, 0x192F, 0x192F,
  0x194F, 0x194F, 0x114F, 0x114F, 0x116F, 0x1170, 0x1170, 0x1170, 0x1190, 0x1190, 0x1190, 0x1190,
  0x1190, 0x11B0, 0x11B0, 0x11B1, 0x11B0, 0x11B0, 0x11B0, 0x11B1, 0x11B1, 0x1190, 0x1190, 0x1190,
  0x1190, 0x1190, 0x1190, 0x1190, 0x1190, 0x1429, 0x0CC7, 0x0C68, 0x0C48, 0x0C47, 0x0C48, 0x0C28,
  0x0C27, 0x0C07, 0x0BE7, 0x0BE7, 0x0BE7, 0x0BE7, 0x0BC7, 0x0BC7, 0x03C7, 0x13A7, 0xDC21, 0xFCE0,
  0xFD80, 0xFE20, 0xFEA0, 0xF6C1, 0x2BC5, 0x0306, 0x0B25, 0x0305, 0x02E5, 0x02E5, 0x02E5, 0x02C5,
  0x02C5, 0x0AC5, 0x0243, 0x64AF, 0xFFFF, 0xFFFF, 0xFFFF, 0xFFFF, 0xFFFF, 0xFFFF, 0xFFFF, 0xFFFF,
  0xFFFF, 0xFFFF, 0xFFFF, 0xFFFF, 0xFFFF, 0xFFFF, 0xFFFF, 0xFFFF, 0xFFFF, 0xFFFF, 0xFFFF, 0xFFFF,
  0xFFFF, 0xFFFF, 0xFFFF, 0xFFFF, 0xFFFF, 0xFFFF, 0xFFFF, 0xFFFF, 0xFFFF, 0xFFFF, 0xFFFF, 0xFFFF,
  0xFFFF, 0xFFFF, 0xFFFF, 0xFFFF, 0xFFFF, 0xFFFF, 0xFFFF, 0xFFFF, 0xFFFF, 0xFFFF, 0xFFFF, 0xFFFF,
  0xFFFF, 0xFFFF, 0xFFFF, 0xFFFF, 0xFFFF, 0xFFFF, 0xFFFF, 0xFFFF, 0xFFFF, 0xFFFF, 0xFFFF, 0xFFFF,
  0xFFFF, 0xFFFF, 0xFFFF, 0xFFFF, 0xFFFF, 0xFFFF, 0xFFFF, 0xFFFF, 0xFFFF, 0xFFFF, 0xFFFF, 0xFFFF,
  0xFFFF, 0xFFFF, 0xFFFF, 0xFFFF, 0xFFFF, 0xFFFF, 0xFFFF, 0xFFFF, 0xFFFF, 0xFFFF, 0xFFFF, 0xFFFF,
  0xFFFF, 0xFFFF, 0xFFFF, 0xFFFF, 0xFFFF, 0xFFFF, 0xFFFF, 0xFFFF, 0xFFFF, 0xFFFF, 0xFFFF, 0xFFFF,
  0xFFFF, 0xFFFF, 0xFFFF, 0xFFFF, 0xFFFF, 0xFFFF, 0xFFFF, 0xFFFF, 0xFFFF, 0xFFFF, 0xFFFF, 0xFFFF,
  0xFFFF, 0xFFFF, 0xFFFF, 0xFFFF, 0xFFFF, 0xFFFF, 0xFFFF, 0xFFFF, 0xFFFF, 0xFFFF, 0xFFFF, 0xFFFF,
  0xFFFF, 0xFFFF, 0xFFFF, 0xFFFF, 0xFFFF, 0xFFFF, 0xFFFF, 0xFFFF, 0xFFFF, 0xFFFF, 0xFFFF, 0xFFFF,
  0xFFFF, 0xFFFF, 0xFFFF, 0xFFFF, 0xFFFF, 0xFFFF, 0xFFFF, 0xFFFF, 0xFFFF, 0xFFFF, 0xFFFF, 0xFFFF,
  0x6333, 0x088D, 0x190E, 0x18EE, 0x18EE, 0x190E, 0x190E, 0x190E, 0x08EF, 0x92E7, 0xFCC0, 0xFD20,
  0xFDC0, 0xFE40, 0xFEE0, 0x62C9, 0x08AF, 0x192E, 0x190E, 0x190E, 0x190E, 0x190E, 0x190E, 0x190E,
  0x190E, 0x190E, 0x190E, 0x190E, 0x18EE, 0x190E, 0x18EE, 0x190E, 0x190E, 0x190E, 0x18EE, 0x190E,
  0x190E, 0x190E, 0x190E, 0x190E, 0x190E, 0x190E, 0x190E, 0x190E, 0x190E, 0x190E, 0x190E, 0x190E,
  0x190E, 0x190E, 0x190E, 0x190E, 0x190E, 0x190E, 0x190E, 0x192E, 0x192E, 0x192F, 0x194F, 0x194F,
  0x114F, 0x114F, 0x114F, 0x116F, 0x116F, 0x1170, 0x1170, 0x1170, 0x1170, 0x1190, 0x1190, 0x1190,
  0x1190, 0x1190, 0x1190, 0x1190, 0x1190, 0x1190, 0x1170, 0x1170, 0x1170, 0x1190, 0x1170, 0x11CF,
  0x13EA, 0x0C29, 0x0C87, 0x0C48, 0x0C47, 0x0C47, 0x0C27, 0x0C27, 0x0C07, 0x0BE7, 0x0BC7, 0x0BC7,
  0x0BC7, 0x0BC7, 0x03C7, 0x03A7, 0x0BA7, 0x0367, 0x6384, 0xFC60, 0xFD20, 0xFDE0, 0xFE40, 0xFEE0,
  0xA542, 0x02C6, 0x0B05, 0x02E5, 0x02E5, 0x0AE5, 0x02E5, 0x02C5, 0x0AC5, 0x02A4, 0x12E5, 0xE75C,
  0xFFFF, 0xFFFF, 0xFFFF, 0xFFFF, 0xFFFF, 0xFFFF, 0xFFFF, 0xFFFF, 0xFFFF, 0xFFFF, 0xFFFF, 0xFFFF,
  0xFFFF, 0xFFFF, 0xFFFF, 0xFFFF, 0xFFFF, 0xFFFF, 0xFFFF, 0xFFFF, 0xFFFF, 0xFFFF, 0xFFFF, 0xFFFF,
  0xFFFF, 0xFFFF, 0xFFFF, 0xFFFF, 0xFFFF, 0xFFFF, 0xFFFF, 0xFFFF, 0xFFFF, 0xFFFF, 0xFFFF, 0xFFFF,
  0xFFFF, 0xFFFF, 0xFFFF, 0xFFFF, 0xFFFF, 0xFFFF, 0xFFFF, 0xFFFF, 0xFFFF, 0xFFFF, 0xFFFF, 0xFFFF,
  0xFFFF, 0xFFFF, 0xFFFF, 0xFFFF, 0xFFFF, 0xFFFF, 0xFFFF, 0xFFFF, 0xFFFF, 0xFFFF, 0xFFFF, 0xFFFF,
  0xFFFF, 0xFFFF, 0xFFFF, 0xFFFF, 0xFFFF, 0xFFFF, 0xFFFF, 0xFFFF, 0xFFFF, 0xFFFF, 0xFFFF, 0xFFFF,
  0xFFFF, 0xFFFF, 0xFFFF, 0xFFFF, 0xFFFF, 0xFFFF, 0xFFFF, 0xFFFF, 0xFFFF, 0xFFFF, 0xFFFF, 0xFFFF,
  0xFFFF, 0xFFFF, 0xFFFF, 0xFFFF, 0xFFFF, 0xFFFF, 0xFFFF, 0xFFFF, 0xFFFF, 0xFFFF, 0xFFFF, 0xFFFF,
  0xFFFF, 0xFFFF, 0xFFFF, 0xFFFF, 0xFFFF, 0xFFFF, 0xFFFF, 0xFFFF, 0xFFFF, 0xFFFF, 0xFFFF, 0xFFFF,
  0xFFFF, 0xFFFF, 0xFFFF, 0xFFFF, 0xFFFF, 0xFFFF, 0xFFFF, 0xFFFF, 0xFFFF, 0xFFFF, 0xFFFF, 0xFFFF,
  0xFFFF, 0xFFFF, 0xFFFF, 0xFFFF, 0xFFFF, 0xFFFF, 0xFFFF, 0xFFFF, 0xFFFF, 0xFFFF, 0xFFFF, 0xFFFF,
  0xFFFF, 0xFFFF, 0xFFFF, 0xFFFF, 0xFFFF, 0xFFFF, 0xFFFF, 0xFFFF, 0xDEDC, 0x192E, 0x18EE, 0x190E,
  0x190E, 0x190E, 0x190E, 0x190E, 0x316D, 0xEC21, 0xFCC0, 0xFD80, 0xFE00, 0xFEE0, 0xCD63, 0x10EE,
  0x190E, 0x190E, 0x190E, 0x190E, 0x190E, 0x190E, 0x190E, 0x190E, 0x18EE, 0x190E, 0x190E, 0x190E,
  0x18EE, 0x18EE, 0x190E, 0x18EE, 0x190E, 0x190E, 0x190E, 0x190E, 0x190E, 0x190E, 0x190E, 0x190E,
  0x190E, 0x190E, 0x190E, 0x190E, 0x190E, 0x190E, 0x190E, 0x190E, 0x190E, 0x190E, 0x190E, 0x190E,
  0x190E, 0x190E, 0x190E, 0x190E, 0x190E, 0x190E, 0x192E, 0x192F, 0x192F, 0x192F, 0x192F, 0x194F,
  0x114F, 0x114F, 0x114F, 0x114F, 0x116F, 0x116F, 0x116F, 0x116F, 0x116F, 0x116F, 0x116F, 0x116F,
  0x116F, 0x116F, 0x114F, 0x114F, 0x114F, 0x116F, 0x114F, 0x11CE, 0x0CA7, 0x0C87, 0x0C47, 0x0C47,
  0x0C27, 0x0C27, 0x0C27, 0x0C07, 0x0BE7, 0x0BE7, 0x0BE7, 0x0BC7, 0x0BA7, 0x0BA7, 0x03A7, 0x0387,
  0x0B87, 0x0366, 0x0B46, 0xCC01, 0xFCE0, 0xFD80, 0xFE00, 0xFE80, 0xFEA0, 0x33A5, 0x02C6, 0x0AE5,
  0x02E5, 0x02C5, 0x02C5, 0x02A5, 0x0AC5, 0x0243, 0x8572, 0xFFFF, 0xFFFF, 0xFFFF, 0xFFFF, 0xFFFF,
  0xFFFF, 0xFFFF, 0xFFFF, 0xFFFF, 0xFFFF, 0xFFFF, 0xFFFF, 0xFFFF, 0xFFFF, 0xFFFF, 0xFFFF, 0xFFFF,
  0xFFFF, 0xFFFF, 0xFFFF, 0xFFFF, 0xFFFF, 0xFFFF, 0xFFFF, 0xFFFF, 0xFFFF, 0xFFFF, 0xFFFF, 0xFFFF,
  0xFFFF, 0xFFFF, 0xFFFF, 0xFFFF, 0xFFFF, 0xFFFF, 0xFFFF, 0xFFFF, 0xFFFF, 0xFFFF, 0xFFFF, 0xFFFF,
  0xFFFF, 0xFFFF, 0xFFFF, 0xFFFF, 0xFFFF, 0xFFFF, 0xFFFF, 0xFFFF, 0xFFFF, 0xFFFF, 0xFFFF, 0xFFFF,
  0xFFFF, 0xFFFF, 0xFFFF, 0xFFFF, 0xFFFF, 0xFFFF, 0xFFFF, 0xFFFF, 0xFFFF, 0xFFFF, 0xFFFF, 0xFFFF,
  0xFFFF, 0xFFFF, 0xFFFF, 0xFFFF, 0xFFFF, 0xFFFF, 0xFFFF, 0xFFFF, 0xFFFF, 0xFFFF, 0xFFFF, 0xFFFF,
  0xFFFF, 0xFFFF, 0xFFFF, 0xFFFF, 0xFFFF, 0xFFFF, 0xFFFF, 0xFFFF, 0xFFFF, 0xFFFF, 0xFFFF, 0xFFFF,
  0xFFFF, 0xFFFF, 0xFFFF, 0xFFFF, 0xFFFF, 0xFFFF, 0xFFFF, 0xFFFF, 0xFFFF, 0xFFFF, 0xFFFF, 0xFFFF,
  0xFFFF, 0xFFFF, 0xFFFF, 0xFFFF, 0xFFFF, 0xFFFF, 0xFFFF, 0xFFFF, 0xFFFF, 0xFFFF, 0xFFFF, 0xFFFF,
  0xFFFF, 0xFFFF, 0xFFFF, 0xFFFF, 0xFFFF, 0xFFFF, 0xFFFF, 0xFFFF, 0xFFFF, 0xFFFF, 0xFFFF, 0xFFFF,
  0xFFFF, 0xFFFF, 0xFFFF, 0xFFFF, 0xFFFF, 0xFFFF, 0xFFFF, 0xFFFF, 0xFFFF, 0xFFFF, 0xFFFF, 0xFFFF,
  0xFFFF, 0xFFFF, 0xFFFF, 0xFFFF, 0xFFFF, 0x9497, 0x088D, 0x192E, 0x190E, 0x190E, 0x210E, 0x08CF,
  0x92C7, 0xFCA0, 0xF500, 0xFDC0, 0xFE60, 0xFF00, 0x5AAB, 0x08CF, 0x190E, 0x18EE, 0x190E, 0x190E,
  0x190E, 0x190E, 0x190E, 0x190E, 0x190E, 0x190E, 0x190E, 0x190E, 0x190E, 0x18EE, 0x18EE, 0x190E,
  0x190E, 0x190E, 0x190E, 0x190E, 0x190E, 0x190E, 0x190E, 0x190E, 0x190E, 0x190E, 0x190E, 0x190E,
  0x18EE, 0x190E, 0x190E, 0x190E, 0x190E, 0x190E, 0x190E, 0x190E, 0x190E, 0x190E, 0x190E, 0x190E,
  0x190E, 0x190E, 0x190E, 0x190E, 0x190E, 0x190E, 0x192E, 0x192E, 0x192F, 0x192F, 0x192F, 0x192F,
  0x194F, 0x194F, 0x194F, 0x114F, 0x114F, 0x114F, 0x114F, 0x114F, 0x114F, 0x114F, 0x112F, 0x114F,
  0x192F, 0x192F, 0x190F, 0x198E, 0x0C48, 0x0C47, 0x0C27, 0x0C27, 0x0C07, 0x0C07, 0x0BE7, 0x0BE7,
  0x0BE7, 0x0BC7, 0x0BC7, 0x0BC7, 0x0BA7, 0x0B87, 0x0B87, 0x0367, 0x0366, 0x0B66, 0x0347, 0x5BA4,
  0xFC80, 0xFD20, 0xFDC0, 0xF620, 0xFEE0, 0xAD82, 0x02C6, 0x0AE5, 0x02C5, 0x02C5, 0x02C5, 0x0AC5,
  0x0264, 0x2B48, 0xF7BE, 0xFFFF, 0xFFFF, 0xFFFF, 0xFFFF, 0xFFFF, 0xFFFF, 0xFFFF, 0xFFFF, 0xFFFF,
  0xFFFF, 0xFFFF, 0xFFFF, 0xFFFF, 0xFFFF, 0xFFFF, 0xFFFF, 0xFFFF, 0xFFFF, 0xFFFF, 0xFFFF, 0xFFFF,
  0xFFFF, 0xFFFF, 0xFFFF, 0xFFFF, 0xFFFF, 0xFFFF, 0xFFFF, 0xFFFF, 0xFFFF, 0xFFFF, 0xFFFF, 0xFFFF,
  0xFFFF, 0xFFFF, 0xFFFF, 0xFFFF, 0xFFFF, 0xFFFF, 0xFFFF, 0xFFFF, 0xFFFF, 0xFFFF, 0xFFFF, 0xFFFF,
  0xFFFF, 0xFFFF, 0xFFFF, 0xFFFF, 0xFFFF, 0xFFFF, 0xFFFF, 0xFFFF, 0xFFFF, 0xFFFF, 0xFFFF, 0xFFFF,
  0xFFFF, 0xFFFF, 0xFFFF, 0xFFFF, 0xFFFF, 0xFFFF, 0xFFFF, 0xFFFF, 0xFFFF, 0xFFFF, 0xFFFF, 0xFFFF,
  0xFFFF, 0xFFFF, 0xFFFF, 0xFFFF, 0xFFFF, 0xFFFF, 0xFFFF, 0xFFFF, 0xFFFF, 0xFFFF, 0xFFFF, 0xFFFF,
  0xFFFF, 0xFFFF, 0xFFFF, 0xFFFF, 0xFFFF, 0xFFFF, 0xFFFF, 0xFFFF, 0xFFFF, 0xFFFF, 0xFFFF, 0xFFFF,
  0xFFFF, 0xFFFF, 0xFFFF, 0xFFFF, 0xFFFF, 0xFFFF, 0xFFFF, 0xFFFF, 0xFFFF, 0xFFFF, 0xFFFF, 0xFFFF,
  0xFFFF, 0xFFFF, 0xFFFF, 0xFFFF, 0xFFFF, 0xFFFF, 0xFFFF, 0xFFFF, 0xFFFF, 0xFFFF, 0xFFFF, 0xFFFF,
  0xFFFF, 0xFFFF, 0xFFFF, 0xFFFF, 0xFFFF, 0xFFFF, 0xFFFF, 0xFFFF, 0xFFFF, 0xFFFF, 0xFFFF, 0xFFFF,
  0xFFFF, 0xFFFF, 0xFFFF, 0xFFFF, 0xFFFF, 0xFFFF, 0xFFFF, 0xFFFF, 0xFFFF, 0xFFFF, 0xFFFF, 0xFFFF,
  0xFFFF, 0xF7BF, 0x3A10, 0x10AD, 0x190E, 0x190E, 0x10EE, 0x316C, 0xEC21, 0xFCC0, 0xFD80, 0xFE00,
  0xFEE0, 0xBD24, 0x10D0, 0x192E, 0x190E, 0x190E, 0x190E, 0x190E, 0x190E, 0x190E, 0x190E, 0x190E,
  0x190E, 0x190E, 0x190E, 0x190E, 0x190E, 0x190E, 0x190E, 0x190E, 0x190E, 0x190E, 0x190E, 0x190E,
  0x190E, 0x190E, 0x190E, 0x190E, 0x190E, 0x190E, 0x190E, 0x190E, 0x18EE, 0x190E, 0x190E, 0x190E,
  0x190E, 0x190E, 0x190E, 0x190E, 0x190E, 0x190E, 0x190E, 0x190E, 0x190E, 0x190E, 0x190E, 0x190E,
  0x190E, 0x190E, 0x190E, 0x190E, 0x190E, 0x190E, 0x192E, 0x192E, 0x192E, 0x192E, 0x192E, 0x192E,
  0x192E, 0x192E, 0x192F, 0x192E, 0x192E, 0x192E, 0x190E, 0x190E, 0x190E, 0x192E, 0x18CE, 0x124B,
  0x0C67, 0x0C27, 0x0C07, 0x0C07, 0x0BE7, 0x0BE7, 0x0BE7, 0x0BC7, 0x0BC7, 0x03C7, 0x03A7, 0x03A7,
  0x0B87, 0x0386, 0x0366, 0x0366, 0x0366, 0x0366, 0x0366, 0x0366, 0xC402, 0xFCC0, 0xF560, 0xFE00,
  0xFE80, 0xFEC1, 0x3BA4, 0x02A5, 0x0AC5, 0x02A5, 0x02C5, 0x0AC5, 0x0263, 0xB657, 0xFFFF, 0xFFFF,
  0xFFFF, 0xFFFF, 0xFFFF, 0xFFFF, 0xFFFF, 0xFFFF, 0xFFFF, 0xFFFF, 0xFFFF, 0xFFFF, 0xFFFF, 0xFFFF,
  0xFFFF, 0xFFFF, 0xFFFF, 0xFFFF, 0xFFFF, 0xFFFF, 0xFFFF, 0xFFFF, 0xFFFF, 0xFFFF, 0xFFFF, 0xFFFF,
  0xFFFF, 0xFFFF, 0xFFFF, 0xFFFF, 0xFFFF, 0xFFFF, 0xFFFF, 0xFFFF, 0xFFFF, 0xFFFF, 0xFFFF, 0xFFFF,
  0xFFFF, 0xFFFF, 0xFFFF, 0xFFFF, 0xFFFF, 0xFFFF, 0xFFFF, 0xFFFF, 0xFFFF, 0xFFFF, 0xFFFF, 0xFFFF,
  0xFFFF, 0xFFFF, 0xFFFF, 0xFFFF, 0xFFFF, 0xFFFF, 0xFFFF, 0xFFFF, 0xFFFF, 0xFFFF, 0xFFFF, 0xFFFF,
  0xFFFF, 0xFFFF, 0xFFFF, 0xFFFF, 0xFFFF, 0xFFFF, 0xFFFF, 0xFFFF, 0xFFFF, 0xFFFF, 0xFFFF, 0xFFFF,
  0xFFFF, 0xFFFF, 0xFFFF, 0xFFFF, 0xFFFF, 0xFFFF, 0xFFFF, 0xFFFF, 0xFFFF, 0xFFFF, 0xFFFF, 0xFFFF,
  0xFFFF, 0xFFFF, 0xFFFF, 0xFFFF, 0xFFFF, 0xFFFF, 0xFFFF, 0xFFFF, 0xFFFF, 0xFFFF, 0xFFFF, 0xFFFF,
  0xFFFF, 0xFFFF, 0xFFFF, 0xFFFF, 0xFFFF, 0xFFFF, 0xFFFF, 0xFFFF, 0xFFFF, 0xFFFF, 0xFFFF, 0xFFFF,
  0xFFFF, 0xFFFF, 0xFFFF, 0xFFFF, 0xFFFF, 0xFFFF, 0xFFFF, 0xFFFF, 0xFFFF, 0xFFFF, 0xFFFF, 0xFFFF,
  0xFFFF, 0xFFFF, 0xFFFF, 0xFFFF, 0xFFFF, 0xFFFF, 0xFFFF, 0xFFFF, 0xFFFF, 0xFFFF, 0xFFFF, 0xFFFF,
  0xFFFF, 0xFFFF, 0xFFFF, 0xFFFF, 0xFFFF, 0xFFFF, 0xFFFF, 0xFFFF, 0xFFFF, 0xFFFF, 0xCE5B, 0x10ED,
  0x190E, 0x190D, 0x08CE, 0x92C6, 0xFCC0, 0xFD20, 0xFDC0, 0xFE60, 0xFEC0, 0x4A4B, 0x08CF, 0x192E,
  0x190E, 0x190E, 0x18EE, 0x190E, 0x18EE, 0x18EE, 0x190E, 0x190E, 0x18EE, 0x190E, 0x190E, 0x190E,
  0x190E, 0x190E, 0x190E, 0x190E, 0x190E, 0x190E, 0x190E, 0x190E, 0x190E, 0x190E, 0x190E, 0x190E,
  0x190E, 0x190E, 0x190E, 0x190E, 0x18EE, 0x190E, 0x190E, 0x190E, 0x190E, 0x190E, 0x190E, 0x190E,
  0x190E, 0x190E, 0x190E, 0x190E, 0x190E, 0x190E, 0x190E, 0x190E, 0x190E, 0x190E, 0x190E, 0x190E,
  0x190E, 0x190E, 0x190E, 0x190E, 0x190E, 0x190E, 0x190E, 0x190E, 0x190E, 0x190E, 0x190E, 0x190E,
  0x190E, 0x190E, 0x190E, 0x190E, 0x190E, 0x190E, 0x18CE, 0x0AEA, 0x0C87, 0x0C07, 0x0BE7, 0x0BE7,
  0x0BE7, 0x0BC7, 0x0BC7, 0x0BA7, 0x03A7, 0x0BA7, 0x0B87, 0x0387, 0x0386, 0x0366, 0x0366, 0x0346,
  0x0346, 0x0346, 0x0B46, 0x0326, 0x4B44, 0xFC60, 0xFD00, 0xFDC0, 0xFE40, 0xFEE0, 0xAD62, 0x0285,
  0x0AC5, 0x02C5, 0x0AC5, 0x0243, 0x64AE, 0xFFFF, 0xFFFF, 0xFFFF, 0xFFFF, 0xFFFF, 0xFFFF, 0xFFFF,
  0xFFFF, 0xFFFF, 0xFFFF, 0xFFFF, 0xFFFF, 0xFFFF, 0xFFFF, 0xFFFF, 0xFFFF, 0xFFFF, 0xFFFF, 0xFFFF,
  0xFFFF, 0xFFFF, 0xFFFF, 0xFFFF, 0xFFFF, 0xFFFF, 0xFFFF, 0xFFFF, 0xFFFF, 0xFFFF, 0xFFFF, 0xFFFF,
  0xFFFF, 0xFFFF, 0xFFFF, 0xFFFF, 0xFFFF, 0xFFFF, 0xFFFF, 0xFFFF, 0xFFFF, 0xFFFF, 0xFFFF, 0xFFFF,
  0xFFFF, 0xFFFF, 0xFFFF, 0xFFFF, 0xFFFF, 0xFFFF, 0xFFFF, 0xFFFF, 0xFFFF, 0xFFFF, 0xFFFF, 0xFFFF,
  0xFFFF, 0xFFFF, 0xFFFF, 0xFFFF, 0xFFFF, 0xFFFF, 0xFFFF, 0xFFFF, 0xFFFF, 0xFFFF, 0xFFFF, 0xFFFF,
  0xFFFF, 0xFFFF, 0xFFFF, 0xFFFF, 0xFFFF, 0xFFFF, 0xFFFF, 0xFFFF, 0xFFFF, 0xFFFF, 0xFFFF, 0xFFFF,
  0xFFFF, 0xFFFF, 0xFFFF, 0xFFFF, 0xFFFF, 0xFFFF, 0xFFFF, 0xFFFF, 0xFFFF, 0xFFFF, 0xFFFF, 0xFFFF,
  0xFFFF, 0xFFFF, 0xFFFF, 0xFFFF, 0xFFFF, 0xFFFF, 0xFFFF, 0xFFFF, 0xFFFF, 0xFFFF, 0xFFFF, 0xFFFF,
  0xFFFF, 0xFFFF, 0xFFFF, 0xFFFF, 0xFFFF, 0xFFFF, 0xFFFF, 0xFFFF, 0xFFFF, 0xFFFF, 0xFFFF, 0xFFFF,
  0xFFFF, 0xFFFF, 0xFFFF, 0xFFFF, 0xFFFF, 0xFFFF, 0xFFFF, 0xFFFF, 0xFFFF, 0xFFFF, 0xFFFF, 0xFFFF,
  0xFFFF, 0xFFFF, 0xFFFF, 0xFFFF, 0xFFFF, 0xFFFF, 0xFFFF, 0xFFFF, 0xFFFF, 0xFFFF, 0xFFFF, 0xFFFF,
  0xFFFF, 0xFFFF, 0xFFFF, 0xFFFF, 0xFFFF, 0xFFFF, 0xFFFF, 0x8C76, 0x088C, 0x190E, 0x294C, 0xEC01,
  0xFCC0, 0xFD60, 0xFE00, 0xFEE0, 0xBD04, 0x08CF, 0x190E, 0x190E, 0x190E, 0x190E, 0x190E, 0x190E,
  0x190E, 0x18EE, 0x190E, 0x190E, 0x190E, 0x190E, 0x18EE, 0x190E, 0x190E, 0x190E, 0x190E, 0x190E,
  0x190E, 0x190E, 0x190E, 0x190E, 0x190E, 0x190E, 0x190E, 0x190E, 0x190E, 0x190E, 0x190E, 0x190E,
  0x190E, 0x190E, 0x190E, 0x190E, 0x190E, 0x190E, 0x190E, 0x190E, 0x190E, 0x190E, 0x190E, 0x190E,
  0x190E, 0x190E, 0x190E, 0x190E, 0x190E, 0x190E, 0x190E, 0x190E, 0x190E, 0x190E, 0x190E, 0x190E,
  0x190E, 0x190E, 0x190E, 0x190E, 0x190E, 0x190E, 0x190E, 0x190E, 0x190E, 0x190E, 0x190E, 0x190E,
  0x190E, 0x190E, 0x18EE, 0x196D, 0x0C28, 0x0C07, 0x0BE7, 0x0BE7, 0x0BC7, 0x0BA7, 0x03A7, 0x03A7,
  0x0B87, 0x0386, 0x0366, 0x0366, 0x0366, 0x0346, 0x0346, 0x0346, 0x0346, 0x0326, 0x0326, 0x0B06,
  0x02E6, 0xB3C1, 0xFCC0, 0xFD80, 0xFE00, 0xFE80, 0xFEC0, 0x3364, 0x0265, 0x0AC5, 0x0284, 0x1B07,
  0xEF9D, 0xFFFF, 0xFFFF, 0xFFFF, 0xFFFF, 0xFFFF, 0xFFFF, 0xFFFF, 0xFFFF, 0xFFFF, 0xFFFF, 0xFFFF,
  0xFFFF, 0xFFFF, 0xFFFF, 0xFFFF, 0xFFFF, 0xFFFF, 0xFFFF, 0xFFFF, 0xFFFF, 0xFFFF, 0xFFFF, 0xFFFF,
  0xFFFF, 0xFFFF, 0xFFFF, 0xFFFF, 0xFFFF, 0xFFFF, 0xFFFF, 0xFFFF, 0xFFFF, 0xFFFF, 0xFFFF, 0xFFFF,
  0xFFFF, 0xFFFF, 0xFFFF, 0xFFFF, 0xFFFF, 0xFFFF, 0xFFFF, 0xFFFF, 0xFFFF, 0xFFFF, 0xFFFF, 0xFFFF,
  0xFFFF, 0xFFFF, 0xFFFF, 0xFFFF, 0xFFFF, 0xFFFF, 0xFFFF, 0xFFFF, 0xFFFF, 0xFFFF, 0xFFFF, 0xFFFF,
  0xFFFF, 0xFFFF, 0xFFFF, 0xFFFF, 0xFFFF, 0xFFFF, 0xFFFF, 0xFFFF, 0xFFFF, 0xFFFF, 0xFFFF, 0xFFFF,
  0xFFFF, 0xFFFF, 0xFFFF, 0xFFFF, 0xFFFF, 0xFFFF, 0xFFFF, 0xFFFF, 0xFFFF, 0xFFFF, 0xFFFF, 0xFFFF,
  0xFFFF, 0xFFFF, 0xFFFF, 0xFFFF, 0xFFFF, 0xFFFF, 0xFFFF, 0xFFFF, 0xFFFF, 0xFFFF, 0xFFFF, 0xFFFF,
  0xFFFF, 0xFFFF, 0xFFFF, 0xFFFF, 0xFFFF, 0xFFFF, 0xFFFF, 0xFFFF, 0xFFFF, 0xFFFF, 0xFFFF, 0xFFFF,
  0xFFFF, 0xFFFF, 0xFFFF, 0xFFFF, 0xFFFF, 0xFFFF, 0xFFFF, 0xFFFF, 0xFFFF, 0xFFFF, 0xFFFF, 0xFFFF,
  0xFFFF, 0xFFFF, 0xFFFF, 0xFFFF, 0xFFFF, 0xFFFF, 0xFFFF, 0xFFFF, 0xFFFF, 0xFFFF, 0xFFFF, 0xFFFF,
  0xFFFF, 0xFFFF, 0xFFFF, 0xFFFF, 0xFFFF, 0xFFFF, 0xFFFF, 0xFFFF, 0xFFFF, 0xFFFF, 0xFFFF, 0xFFFF,
  0xFFFF, 0xFFFF, 0xFFFF, 0xFFDF, 0x4A70, 0x006E, 0x8AA7, 0xFCA0, 0xF4E0, 0xFDC0, 0xFE60, 0xFEE0,
  0x4A4C, 0x08CF, 0x190E, 0x190E, 0x190E, 0x190E, 0x190E, 0x190E, 0x190E, 0x190E, 0x190E, 0x190E,
  0x190E, 0x190E, 0x190E, 0x190E, 0x190E, 0x190E, 0x190E, 0x190E, 0x190E, 0x190E, 0x190E, 0x190E,
  0x190E, 0x190E, 0x190E, 0x190E, 0x190E, 0x190E, 0x190E, 0x190E, 0x190E, 0x190E, 0x190E, 0x190E,
  0x190E, 0x190E, 0x190E, 0x190E, 0x190E, 0x190E, 0x190E, 0x190E, 0x190E, 0x190E, 0x190E, 0x190E,
  0x190E, 0x190E, 0x190E, 0x190E, 0x190E, 0x190E, 0x190E, 0x190E, 0x190E, 0x190E, 0x190E, 0x190E,
  0x190E, 0x190E, 0x190E, 0x190E, 0x190E, 0x190E, 0x190E, 0x190E, 0x190E, 0x190E, 0x190E, 0x192E,
  0x0B88, 0x0BE7, 0x0BC7, 0x0BC7, 0x0BA7, 0x03A7, 0x0387, 0x0B87, 0x0386, 0x0366, 0x0366, 0x0346,
  0x0346, 0x0346, 0x0326, 0x0326, 0x0326, 0x0326, 0x0306, 0x0B05, 0x02E6, 0x4344, 0xFC80, 0xFD20,
  0xFDC0, 0xFE40, 0xFEE0, 0x9D02, 0x0265, 0x0AC5, 0x0263, 0xB657, 0xFFFF, 0xFFFF, 0xFFFF, 0xFFFF,
  0xFFFF, 0xFFFF, 0xFFFF, 0xFFFF, 0xFFFF, 0xFFFF, 0xFFFF, 0xFFFF, 0xFFFF, 0xFFFF, 0xFFFF, 0xFFFF,
  0xFFFF, 0xFFFF, 0xFFFF, 0xFFFF, 0xFFFF, 0xFFFF, 0xFFFF, 0xFFFF, 0xFFFF, 0xFFFF, 0xFFFF, 0xFFFF,
  0xFFFF, 0xFFFF, 0xFFFF, 0xFFFF, 0xFFFF, 0xFFFF, 0xFFFF, 0xFFFF, 0xFFFF, 0xFFFF, 0xFFFF, 0xFFFF,
  0xFFFF, 0xFFFF, 0xFFFF, 0xFFFF, 0xFFFF, 0xFFFF, 0xFFFF, 0xFFFF, 0xFFFF, 0xFFFF, 0xFFFF, 0xFFFF,
  0xFFFF, 0xFFFF, 0xFFFF, 0xFFFF, 0xFFFF, 0xFFFF, 0xFFFF, 0xFFFF, 0xFFFF, 0xFFFF, 0xFFFF, 0xFFFF,
  0xFFFF, 0xFFFF, 0xFFFF, 0xFFFF, 0xFFFF, 0xFFFF, 0xFFFF, 0xFFFF, 0xFFFF, 0xFFFF, 0xFFFF, 0xFFFF,
  0xFFFF, 0xFFFF, 0xFFFF, 0xFFFF, 0xFFFF, 0xFFFF, 0xFFFF, 0xFFFF, 0xFFFF, 0xFFFF, 0xFFFF, 0xFFFF,
  0xFFFF, 0xFFFF, 0xFFFF, 0xFFFF, 0xFFFF, 0xFFFF, 0xFFFF, 0xFFFF, 0xFFFF, 0xFFFF, 0xFFFF, 0xFFFF,
  0xFFFF, 0xFFFF, 0xFFFF, 0xFFFF, 0xFFFF, 0xFFFF, 0xFFFF, 0xFFFF, 0xFFFF, 0xFFFF, 0xFFFF, 0xFFFF,
  0xFFFF, 0xFFFF, 0xFFFF, 0xFFFF, 0xFFFF, 0xFFFF, 0xFFFF, 0xFFFF, 0xFFFF, 0xFFFF, 0xFFFF, 0xFFFF,
  0xFFFF, 0xFFFF, 0xFFFF, 0xFFFF, 0xFFFF, 0xFFFF, 0xFFFF, 0xFFFF, 0xFFFF, 0xFFFF, 0xFFFF, 0xFFFF,
  0xFFFF, 0xFFFF, 0xFFFF, 0xFFFF, 0xFFFF, 0xFFFF, 0xFFFF, 0xFFFF, 0xFFFF, 0xFFFF, 0xFFFF, 0xFFFF,
  0xDEFC, 0x31AE, 0xE3E1, 0xFCE0, 0xFD60, 0xFE00, 0xFEE0, 0xBD05, 0x08CF, 0x190E, 0x190E, 0x190E,
  0x190E, 0x190E, 0x190E, 0x190E, 0x190E, 0x190E, 0x190E, 0x190E, 0x190E, 0x190E, 0x190E, 0x190E,
  0x190E, 0x18EE, 0x190E, 0x190E, 0x190E, 0x190E, 0x190E, 0x190E, 0x190E, 0x190E, 0x190E, 0x190E,
  0x190E, 0x190E, 0x190E, 0x190E, 0x190E, 0x190E, 0x190E, 0x190E, 0x190E, 0x190E, 0x190E, 0x190E,
  0x190E, 0x190E, 0x190E, 0x190E, 0x190E, 0x190E, 0x190E, 0x18EE, 0x18EE, 0x190E, 0x190E, 0x190E,
  0x190E, 0x190E, 0x190E, 0x190E, 0x190E, 0x190E, 0x190E, 0x190E, 0x190E, 0x190E, 0x190E, 0x190E,
  0x190E, 0x190E, 0x190E, 0x190E, 0x190E, 0x190E, 0x190E, 0x18EE, 0x0AE9, 0x03E7, 0x0BA7, 0x0BA7,
  0x0B87, 0x0387, 0x0B86, 0x0366, 0x0366, 0x0366, 0x0346, 0x0346, 0x0326, 0x0326, 0x0326, 0x0326,
  0x0306, 0x0306, 0x02E5, 0x02E5, 0x02E5, 0x02E6, 0xBC02, 0xFCE0, 0xFD60, 0xFDE0, 0xFE60, 0xF681,
  0x2B65, 0x0222, 0x7510, 0xFFFF, 0xFFFF, 0xFFFF, 0xFFFF, 0xFFFF, 0xFFFF, 0xFFFF, 0xFFFF, 0xFFFF,
  0xFFFF, 0xFFFF, 0xFFFF, 0xFFFF, 0xFFFF, 0xFFFF, 0xFFFF, 0xFFFF, 0xFFFF, 0xFFFF, 0xFFFF, 0xFFFF,
  0xFFFF, 0xFFFF, 0xFFFF, 0xFFFF, 0xFFFF, 0xFFFF, 0xFFFF, 0xFFFF, 0xFFFF, 0xFFFF, 0xFFFF, 0xFFFF,
  0xFFFF, 0xFFFF, 0xFFFF, 0xFFFF, 0xFFFF, 0xFFFF, 0xFFFF, 0xFFFF, 0xFFFF, 0xFFFF, 0xFFFF, 0xFFFF,
  0xFFFF, 0xFFFF, 0xFFFF, 0xFFFF, 0xFFFF, 0xFFFF, 0xFFFF, 0xFFFF, 0xFFFF, 0xFFFF, 0xFFFF, 0xFFFF,
  0xFFFF, 0xFFFF, 0xFFFF, 0xFFFF, 0xFFFF, 0xFFFF, 0xFFFF, 0xFFFF, 0xFFFF, 0xFFFF, 0xFFFF, 0xFFFF,
  0xFFFF, 0xFFFF, 0xFFFF, 0xFFFF, 0xFFFF, 0xFFFF, 0xFFFF, 0xFFFF, 0xFFFF, 0xFFFF, 0xFFFF, 0xFFFF,
  0xFFFF, 0xFFFF, 0xFFFF, 0xFFFF, 0xFFFF, 0xFFFF, 0xFFFF, 0xFFFF, 0xFFFF, 0xFFFF, 0xFFFF, 0xFFFF,
  0xFFFF, 0xFFFF, 0xFFFF, 0xFFFF, 0xFFFF, 0xFFFF, 0xFFFF, 0xFFFF, 0xFFFF, 0xFFFF, 0xFFFF, 0xFFFF,
  0xFFFF, 0xFFFF, 0xFFFF, 0xFFFF, 0xFFFF, 0xFFFF, 0xFFFF, 0xFFFF, 0xFFFF, 0xFFFF, 0xFFFF, 0xFFFF,
  0xFFFF, 0xFFFF, 0xFFFF, 0xFFFF, 0xFFFF, 0xFFFF, 0xFFFF, 0xFFFF, 0xFFFF, 0xFFFF, 0xFFFF, 0xFFFF,
  0xFFFF, 0xFFFF, 0xFFFF, 0xFFFF, 0xFFFF, 0xFFFF, 0xFFFF, 0xFFFF, 0xFFFF, 0xFFFF, 0xFFFF, 0xFFFF,
  0xFFFF, 0xFFFF, 0xFFFF, 0xFFFF, 0xFFFF, 0xFFFF, 0xFFFF, 0xFFFF, 0xFFFF, 0xE56F, 0xFC40, 0xFD40,
  0xFDC0, 0xFE60, 0xFEE0, 0x4A6B, 0x08CF, 0x190E, 0x190E, 0x190E, 0x190E, 0x190E, 0x18EE, 0x190E,
  0x190E, 0x190E, 0x190E, 0x190E, 0x190E, 0x190E, 0x190E, 0x190E, 0x190E, 0x190E, 0x190E, 0x190E,
  0x190E, 0x190E, 0x190E, 0x190E, 0x190E, 0x190E, 0x190E, 0x190E, 0x190E, 0x190E, 0x190E, 0x190E,
  0x190E, 0x190E, 0x190E, 0x190E, 0x190E, 0x190E, 0x190E, 0x190E, 0x190E, 0x190E, 0x190E, 0x190E,
  0x190E, 0x190E, 0x190E, 0x18EE, 0x18EE, 0x18EE, 0x190E, 0x190E, 0x190E, 0x190E, 0x190E, 0x190E,
  0x190E, 0x190E, 0x190E, 0x190E, 0x190E, 0x190E, 0x190E, 0x190E, 0x190E, 0x190E, 0x190E, 0x190E,
  0x18EE, 0x190E, 0x190E, 0x190E, 0x194D, 0x0B48, 0x03C7, 0x0387, 0x0386, 0x0366, 0x0366, 0x0366,
  0x0366, 0x0346, 0x0346, 0x0326, 0x0326, 0x0326, 0x0306, 0x0306, 0x0306, 0x0305, 0x02E5, 0x02E5,
  0x0AE5, 0x02C5, 0x4324, 0xFC80, 0xFD00, 0xFDA0, 0xFE20, 0xFEE1, 0x9501, 0x3BEB, 0xFFFF, 0xFFFF,
  0xFFFF, 0xFFFF, 0xFFFF, 0xFFFF, 0xFFFF, 0xFFFF, 0xFFFF, 0xFFFF, 0xFFFF, 0xFFFF, 0xFFFF, 0xFFFF,
  0xFFFF, 0xFFFF, 0xFFFF, 0xFFFF, 0xFFFF, 0xFFFF, 0xFFFF, 0xFFFF, 0xFFFF, 0xFFFF, 0xFFFF, 0xFFFF,
  0xFFFF, 0xFFFF, 0xFFFF, 0xFFFF, 0xFFFF, 0xFFFF, 0xFFFF, 0xFFFF, 0xFFFF, 0xFFFF, 0xFFFF, 0xFFFF,
  0xFFFF, 0xFFFF, 0xFFFF, 0xFFFF, 0xFFFF, 0xFFFF, 0xFFFF, 0xFFFF, 0xFFFF, 0xFFFF, 0xFFFF, 0xFFFF,
  0xFFFF, 0xFFFF, 0xFFFF, 0xFFFF, 0xFFFF, 0xFFFF, 0xFFFF, 0xFFFF, 0xFFFF, 0xFFFF, 0xFFFF, 0xFFFF,
  0xFFFF, 0xFFFF, 0xFFFF, 0xFFFF, 0xFFFF, 0xFFFF, 0xFFFF, 0xFFFF, 0xFFFF, 0xFFFF, 0xFFFF, 0xFFFF,
  0xFFFF, 0xFFFF, 0xFFFF, 0xFFFF, 0xFFFF, 0xFFFF, 0xFFFF, 0xFFFF, 0xFFFF, 0xFFFF, 0xFFFF, 0xFFFF,
  0xFFFF, 0xFFFF, 0xFFFF, 0xFFFF, 0xFFFF, 0xFFFF, 0xFFFF, 0xFFFF, 0xFFFF, 0xFFFF, 0xFFFF, 0xFFFF,
  0xFFFF, 0xFFFF, 0xFFFF, 0xFFFF, 0xFFFF, 0xFFFF, 0xFFFF, 0xFFFF, 0xFFFF, 0xFFFF, 0xFFFF, 0xFFFF,
  0xFFFF, 0xFFFF, 0xFFFF, 0xFFFF, 0xFFFF, 0xFFFF, 0xFFFF, 0xFFFF, 0xFFFF, 0xFFFF, 0xFFFF, 0xFFFF,
  0xFFFF, 0xFFFF, 0xFFFF, 0xFFFF, 0xFFFF, 0xFFFF, 0xFFFF, 0xFFFF, 0xFFFF, 0xFFFF, 0xFFFF, 0xFFFF,
  0xFFFF, 0xFFFF, 0xFFFF, 0xFFFF, 0xFFFF, 0xFFFF, 0xFFFF, 0xFFFF, 0xFFFF, 0xFFFF, 0xFFFF, 0xFFFF,
  0xFFFF, 0xFFFF, 0xFFFF, 0xFFFF, 0xFFDE, 0xFCC4, 0xFCA0, 0xFD80, 0xFE00, 0xFEE0, 0xC544, 0x10CF,
  0x190E, 0x190E, 0x190E, 0x190E, 0x190E, 0x190E, 0x18EE, 0x190E, 0x190E, 0x190E, 0x190E, 0x190E,
  0x190E, 0x190E, 0x190E, 0x190E, 0x190E, 0x190E, 0x190E, 0x190E, 0x190E, 0x190E, 0x190E, 0x190E,
  0x190E, 0x190E, 0x190E, 0x190E, 0x190E, 0x190E, 0x190E, 0x190E, 0x190E, 0x190E, 0x190E, 0x190E,
  0x190E, 0x190E, 0x190E, 0x190E, 0x190E, 0x190E, 0x190E, 0x190E, 0x190E, 0x190E, 0x190E, 0x18EE,
  0x18EE, 0x18EE, 0x190E, 0x190E, 0x190E, 0x190E, 0x190E, 0x190E, 0x190E, 0x190E, 0x190E, 0x190E,
  0x190E, 0x190E, 0x190E, 0x190E, 0x190E, 0x190E, 0x190E, 0x190E, 0x190E, 0x190E, 0x190E, 0x190E,
  0x18EE, 0x194D, 0x0B48, 0x03A6, 0x0366, 0x0346, 0x0346, 0x0B66, 0x0B46, 0x0326, 0x0326, 0x0326,
  0x0B26, 0x0306, 0x0306, 0x02E5, 0x02E5, 0x02E5, 0x02E5, 0x02E5, 0x02E5, 0x0AC5, 0x02A5, 0xBBC1,
  0xFCC0, 0xFD60, 0xFE00, 0xFEA0, 0xEE80, 0xE759, 0xFFFF, 0xFFFF, 0xFFFF, 0xFFFF, 0xFFFF, 0xFFFF,
  0xFFFF, 0xFFFF, 0xFFFF, 0xFFFF, 0xFFFF, 0xFFFF, 0xFFFF, 0xFFFF, 0xFFFF, 0xFFFF, 0xFFFF, 0xFFFF,
  0xFFFF, 0xFFFF, 0xFFFF, 0xFFFF, 0xFFFF, 0xFFFF, 0xFFFF, 0xFFFF, 0xFFFF, 0xFFFF, 0xFFFF, 0xFFFF,
  0xFFFF, 0xFFFF, 0xFFFF, 0xFFFF, 0xFFFF, 0xFFFF, 0xFFFF, 0xFFFF, 0xFFFF, 0xFFFF, 0xFFFF, 0xFFFF,
  0xFFFF, 0xFFFF, 0xFFFF, 0xFFFF, 0xFFFF, 0xFFFF, 0xFFFF, 0xFFFF, 0xFFFF, 0xFFFF, 0xFFFF, 0xFFFF,
  0xFFFF, 0xFFFF, 0xFFFF, 0xFFFF, 0xFFFF, 0xFFFF, 0xFFFF, 0xFFFF, 0xFFFF, 0xFFFF, 0xFFFF, 0xFFFF,
  0xFFFF, 0xFFFF, 0xFFFF, 0xFFFF, 0xFFFF, 0xFFFF, 0xFFFF, 0xFFFF, 0xFFFF, 0xFFFF, 0xFFFF, 0xFFFF,
  0xFFFF, 0xFFFF, 0xFFFF, 0xFFFF, 0xFFFF, 0xFFFF, 0xFFFF, 0xFFFF, 0xFFFF, 0xFFFF, 0xFFFF, 0xFFFF,
  0xFFFF, 0xFFFF, 0xFFFF, 0xFFFF, 0xFFFF, 0xFFFF, 0xFFFF, 0xFFFF, 0xFFFF, 0xFFFF, 0xFFFF, 0xFFFF,
  0xFFFF, 0xFFFF, 0xFFFF, 0xFFFF, 0xFFFF, 0xFFFF, 0xFFFF, 0xFFFF, 0xFFFF, 0xFFFF, 0xFFFF, 0xFFFF,
  0xFFFF, 0xFFFF, 0xFFFF, 0xFFFF, 0xFFFF, 0xFFFF, 0xFFFF, 0xFFFF, 0xFFFF, 0xFFFF, 0xFFFF, 0xFFFF,
  0xFFFF, 0xFFFF, 0xFFFF, 0xFFFF, 0xFFFF, 0xFFFF, 0xFFFF, 0xFFFF, 0xFFFF, 0xFFFF, 0xFFFF, 0xFFFF,
  0xFFFF, 0xFFFF, 0xFFFF, 0xFFFF, 0xFFFF, 0xFFFF, 0xFFFF, 0xFFFF, 0xFFFF, 0xFFFF, 0xFFFF, 0xFFFF,
  0xFE94, 0xFC40, 0xFD20, 0xFDC0, 0xFE40, 0xFF00, 0x5ACA, 0x08CF, 0x190E, 0x18EE, 0x190E, 0x190E,
  0x190E, 0x190E, 0x190E, 0x190E, 0x190E, 0x190E, 0x190E, 0x190E, 0x190E, 0x190E, 0x190E, 0x190E,
  0x190E, 0x190E, 0x190E, 0x190E, 0x190E, 0x190E, 0x190E, 0x190E, 0x190E, 0x190E, 0x190E, 0x190E,
  0x190E, 0x190E, 0x190E, 0x190E, 0x190E, 0x190E, 0x190E, 0x190E, 0x190E, 0x190E, 0x190E, 0x190E,
  0x190E, 0x190E, 0x190E, 0x190E, 0x190E, 0x190E, 0x190E, 0x190E, 0x190E, 0x190E, 0x190E, 0x190E,
  0x190E, 0x190E, 0x190E, 0x190E, 0x190E, 0x190E, 0x190E, 0x190E, 0x190E, 0x190E, 0x190E, 0x190E,
  0x190E, 0x190E, 0x190E, 0x190E, 0x190E, 0x190E, 0x190E, 0x190E, 0x190E, 0x18EE, 0x192E, 0x0AA9,
  0x0366, 0x0346, 0x0326, 0x0B46, 0x0B26, 0x0326, 0x0B26, 0x0B26, 0x0B26, 0x0B05, 0x02E5, 0x02E5,
  0x02E5, 0x02E5, 0x02E5, 0x02E5, 0x02C5, 0x0AC5, 0x02A5, 0x4303, 0xFC80, 0xFD20, 0xFDE0, 0xFE41,
  0xFEA0, 0xFF71, 0xFFFF, 0xFFFF, 0xFFFF, 0xFFFF, 0xFFFF, 0xFFFF, 0xFFFF, 0xFFFF, 0xFFFF, 0xFFFF,
  0xFFFF, 0xFFFF, 0xFFFF, 0xFFFF, 0xFFFF, 0xFFFF, 0xFFFF, 0xFFFF, 0xFFFF, 0xFFFF, 0xFFFF, 0xFFFF,
  0xFFFF, 0xFFFF, 0xFFFF, 0xFFFF, 0xFFFF, 0xFFFF, 0xFFFF, 0xFFFF, 0xFFFF, 0xFFFF, 0xFFFF, 0xFFFF,
  0xFFFF, 0xFFFF, 0xFFFF, 0xFFFF, 0xFFFF, 0xFFFF, 0xFFFF, 0xFFFF, 0xFFFF, 0xFFFF, 0xFFFF, 0xFFFF,
  0xFFFF, 0xFFFF, 0xFFFF, 0xFFFF, 0xFFFF, 0xFFFF, 0xFFFF, 0xFFFF, 0xFFFF, 0xFFFF, 0xFFFF, 0xFFFF,
  0xFFFF, 0xFFFF, 0xFFFF, 0xFFFF, 0xFFFF, 0xFFFF, 0xFFFF, 0xFFFF, 0xFFFF, 0xFFFF, 0xFFFF, 0xFFFF,
  0xFFFF, 0xFFFF, 0xFFFF, 0xFFFF, 0xFFFF, 0xFFFF, 0xFFFF, 0xFFFF, 0xFFFF, 0xFFFF, 0xFFFF, 0xFFFF,
  0xFFFF, 0xFFFF, 0xFFFF, 0xFFFF, 0xFFFF, 0xFFFF, 0xFFFF, 0xFFFF, 0xFFFF, 0xFFFF, 0xFFFF, 0xFFFF,
  0xFFFF, 0xFFFF, 0xFFFF, 0xFFFF, 0xFFFF, 0xFFFF, 0xFFFF, 0xFFFF, 0xFFFF, 0xFFFF, 0xFFFF, 0xFFFF,
  0xFFFF, 0xFFFF, 0xFFFF, 0xFFFF, 0xFFFF, 0xFFFF, 0xFFFF, 0xFFFF, 0xFFFF, 0xFFFF, 0xFFFF, 0xFFFF,
  0xFFFF, 0xFFFF, 0xFFFF, 0xFFFF, 0xFFFF, 0xFFFF, 0xFFFF, 0xFFFF, 0xFFFF, 0xFFFF, 0xFFFF, 0xFFFF,
  0xFFFF, 0xFFFF, 0xFFFF, 0xFFFF, 0xFFFF, 0xFFFF, 0xFFFF, 0xFFFF, 0xFFFF, 0xFFFF, 0xFFFF, 0xFFFF,
  0xFFFF, 0xFFFF, 0xFFFF, 0xFFFF, 0xFFFF, 0xFFFF, 0xFFFF, 0xFFFF, 0xFD27, 0xFCA0, 0xFD60, 0xFE00,
  0xFEC0, 0xD583, 0x190F, 0x190E, 0x190E, 0x190E, 0x190E, 0x190E, 0x190E, 0x190E, 0x190E, 0x190E,
  0x190E, 0x190E, 0x190E, 0x190E, 0x190E, 0x190E, 0x190E, 0x190E, 0x190E, 0x190E, 0x190E, 0x190E,
  0x190E, 0x190E, 0x190E, 0x190E, 0x190E, 0x190E, 0x190E, 0x190E, 0x190E, 0x190E, 0x190E, 0x190E,
  0x190E, 0x190E, 0x190E, 0x190E, 0x190E, 0x190E, 0x190E, 0x190E, 0x190E, 0x190E, 0x190E, 0x190E,
  0x190E, 0x190E, 0x190E, 0x190E, 0x190E, 0x190E, 0x190E, 0x190E, 0x190E, 0x190E, 0x190E, 0x18EE,
  0x190E, 0x190E, 0x190E, 0x190E, 0x190E, 0x190E, 0x190E, 0x190E, 0x190E, 0x190E, 0x190E, 0x190E,
  0x190E, 0x190E, 0x190E, 0x190E, 0x190E, 0x190E, 0x18EE, 0x194D, 0x0347, 0x0346, 0x0326, 0x0326,
  0x0B26, 0x0306, 0x0B26, 0x0B05, 0x0B05, 0x0B05, 0x0B05, 0x02E5, 0x02C5, 0x02C5, 0x02C5, 0x02C5,
  0x02C5, 0x02C5, 0x02C5, 0x02C5, 0xC401, 0xFCE0, 0xFD80, 0xFE00, 0xFE60, 0xFEC4, 0xFFFE, 0xFFFF,
  0xFFFF, 0xFFFF, 0xFFFF, 0xFFFF, 0xFFFF, 0xFFFF, 0xFFFF, 0xFFFF, 0xFFFF, 0xFFFF, 0xFFFF, 0xFFFF,
  0xFFFF, 0xFFFF, 0xFFFF, 0xFFFF, 0xFFFF, 0xFFFF, 0xFFFF, 0xFFFF, 0xFFFF, 0xFFFF, 0xFFFF, 0xFFFF,
  0xFFFF, 0xFFFF, 0xFFFF, 0xFFFF, 0xFFFF, 0xFFFF, 0xFFFF, 0xFFFF, 0xFFFF, 0xFFFF, 0xFFFF, 0xFFFF,
  0xFFFF, 0xFFFF, 0xFFFF, 0xFFFF, 0xFFFF, 0xFFFF, 0xFFFF, 0xFFFF, 0xFFFF, 0xFFFF, 0xFFFF, 0xFFFF,
  0xFFFF, 0xFFFF, 0xFFFF, 0xFFFF, 0xFFFF, 0xFFFF, 0xFFFF, 0xFFFF, 0xFFFF, 0xFFFF, 0xFFFF, 0xFFFF,
  0xFFFF, 0xFFFF, 0xFFFF, 0xFFFF, 0xFFFF, 0xFFFF, 0xFFFF, 0xFFFF, 0xFFFF, 0xFFFF, 0xFFFF, 0xFFFF,
  0xFFFF, 0xFFFF, 0xFFFF, 0xFFFF, 0xFFFF, 0xFFFF, 0xFFFF, 0xFFFF, 0xFFFF, 0xFFFF, 0xFFFF, 0xFFFF,
  0xFFFF, 0xFFFF, 0xFFFF, 0xFFFF, 0xFFFF, 0xFFFF, 0xFFFF, 0xFFFF, 0xFFFF, 0xFFFF, 0xFFFF, 0xFFFF,
  0xFFFF, 0xFFFF, 0xFFFF, 0xFFFF, 0xFFFF, 0xFFFF, 0xFFFF, 0xFFFF, 0xFFFF, 0xFFFF, 0xFFFF, 0xFFFF,
  0xFFFF, 0xFFFF, 0xFFFF, 0xFFFF, 0xFFFF, 0xFFFF, 0xFFFF, 0xFFFF, 0xFFFF, 0xFFFF, 0xFFFF, 0xFFFF,
  0xFFFF, 0xFFFF, 0xFFFF, 0xFFFF, 0xFFFF, 0xFFFF, 0xFFFF, 0xFFFF, 0xFFFF, 0xFFFF, 0xFFFF, 0xFFFF,
  0xFFFF, 0xFFFF, 0xFFFF, 0xFFFF, 0xFFFF, 0xFFFF, 0xFFFF, 0xFFFF, 0xFFFF, 0xFFFF, 0xFFFF, 0xFFFF,
  0xFFFF, 0xFFFF, 0xFFFF, 0xFF18, 0xFC80, 0xFD20, 0xFDC0, 0xFE40, 0xFF00, 0x7348, 0x008E, 0x212E,
  0x190E, 0x190E, 0x190E, 0x18EE, 0x190E, 0x190E, 0x190E, 0x190E, 0x190E, 0x190E, 0x190E, 0x190E,
  0x190E, 0x190E, 0x190E, 0x190E, 0x190E, 0x190E, 0x190E, 0x190E, 0x190E, 0x190E, 0x190E, 0x190E,
  0x190E, 0x190E, 0x190E, 0x190E, 0x190E, 0x190E, 0x190E, 0x190E, 0x190E, 0x190E, 0x190E, 0x190E,
  0x18EE, 0x190E, 0x190E, 0x190E, 0x190E, 0x190E, 0x190E, 0x190E, 0x190E, 0x190E, 0x190E, 0x190E,
  0x190E, 0x190E, 0x190E, 0x190E, 0x190E, 0x190E, 0x190E, 0x190E, 0x190E, 0x190E, 0x190E, 0x190E,
  0x190E, 0x190E, 0x190E, 0x190E, 0x190E, 0x190E, 0x190E, 0x18EE, 0x190E, 0x190E, 0x190E, 0x190E,
  0x190E, 0x190E, 0x190E, 0x192E, 0x0AE8, 0x0326, 0x0306, 0x0306, 0x0306, 0x0B06, 0x0B05, 0x0B05,
  0x02E5, 0x0AE5, 0x0AE5, 0x02E5, 0x02C5, 0x02E5, 0x02C4, 0x02A5, 0x02C4, 0x02E4, 0x0AE5, 0x02C6,
  0x5343, 0xFC60, 0xFD20, 0xFDC0, 0xFE40, 0xFE80, 0xFF72, 0xFFFF, 0xFFFF, 0xFFFF, 0xFFFF, 0xFFFF,
  0xFFFF, 0xFFFF, 0xFFFF, 0xFFFF, 0xFFFF, 0xFFFF, 0xFFFF, 0xFFFF, 0xFFFF, 0xFFFF, 0xFFFF, 0xFFFF,
  0xFFFF, 0xFFFF, 0xFFFF, 0xFFFF, 0xFFFF, 0xFFFF, 0xFFFF, 0xFFFF, 0xFFFF, 0xFFFF, 0xFFFF, 0xFFFF,
  0xFFFF, 0xFFFF, 0xFFFF, 0xFFFF, 0xFFFF, 0xFFFF, 0xFFFF, 0xFFFF, 0xFFFF, 0xFFFF, 0xFFFF, 0xFFFF,
  0xFFFF, 0xFFFF, 0xFFFF, 0xFFFF, 0xFFFF, 0xFFFF, 0xFFFF, 0xFFFF, 0xFFFF, 0xFFFF, 0xFFFF, 0xFFFF,
  0xFFFF, 0xFFFF, 0xFFFF, 0xFFFF, 0xFFFF, 0xFFFF, 0xFFFF, 0xFFFF, 0xFFFF, 0xFFFF, 0xFFFF, 0xFFFF,
  0xFFFF, 0xFFFF, 0xFFFF, 0xFFFF, 0xFFFF, 0xFFFF, 0xFFFF, 0xFFFF, 0xFFFF, 0xFFFF, 0xFFFF, 0xFFFF,
  0xFFFF, 0xFFFF, 0xFFFF, 0xFFFF, 0xFFFF, 0xFFFF, 0xFFFF, 0xFFFF, 0xFFFF, 0xFFFF, 0xFFFF, 0xFFFF,
  0xFFFF, 0xFFFF, 0xFFFF, 0xFFFF, 0xFFFF, 0xFFFF, 0xFFFF, 0xFFFF, 0xFFFF, 0xFFFF, 0xFFFF, 0xFFFF,
  0xFFFF, 0xFFFF, 0xFFFF, 0xFFFF, 0xFFFF, 0xFFFF, 0xFFFF, 0xFFFF, 0xFFFF, 0xFFFF, 0xFFFF, 0xFFFF,
  0xFFFF, 0xFFFF, 0xFFFF, 0xFFFF, 0xFFFF, 0xFFFF, 0xFFFF, 0xFFFF, 0xFFFF, 0xFFFF, 0xFFFF, 0xFFFF,
  0xFFFF, 0xFFFF, 0xFFFF, 0xFFFF, 0xFFFF, 0xFFFF, 0xFFFF, 0xFFFF, 0xFFFF, 0xFFFF, 0xFFFF, 0xFFFF,
  0xFFFF, 0xFFFF, 0xFFFF, 0xFFFF, 0xFFFF, 0xFFFF, 0xFFFF, 0xFFFF, 0xFFFF, 0xFFFF, 0xFFFF, 0xFD8A,
  0xFC80, 0xFD80, 0xFE00, 0xFE80, 0xFEC4, 0xD67A, 0x31AF, 0x10AD, 0x190E, 0x190E, 0x190E, 0x18EE,
  0x190E, 0x190E, 0x190E, 0x190E, 0x190E, 0x190E, 0x190E, 0x190E, 0x190E, 0x190E, 0x190E, 0x190E,
  0x190E, 0x190E, 0x190E, 0x190E, 0x190E, 0x190E, 0x190E, 0x190E, 0x190E, 0x190E, 0x190E, 0x190E,
  0x190E, 0x190E, 0x190E, 0x190E, 0x190E, 0x190E, 0x190E, 0x190E, 0x190E, 0x190E, 0x190E, 0x190E,
  0x190E, 0x190E, 0x190E, 0x190E, 0x190E, 0x190E, 0x190E, 0x190E, 0x190E, 0x190E, 0x190E, 0x190E,
  0x190E, 0x190E, 0x190E, 0x190E, 0x190E, 0x190E, 0x190E, 0x190E, 0x190E, 0x190E, 0x190E, 0x190E,
  0x190E, 0x190E, 0x190E, 0x190E, 0x190E, 0x190E, 0x190E, 0x190E, 0x190E, 0x190E, 0x190E, 0x18EF,
  0x0A49, 0x0325, 0x0306, 0x0305, 0x02E5, 0x02E5, 0x02E5, 0x02E5, 0x02E5, 0x02C5, 0x02C5, 0x02C5,
  0x02E5, 0x0A29, 0x116C, 0x116C, 0x118C, 0x11E9, 0x0285, 0x0AE5, 0x0284, 0xD402, 0xFCC0, 0xFD80,
  0xFE20, 0xFE80, 0xFEE5, 0xFFFE, 0xFFFF, 0xFFFF, 0xFFFF, 0xFFFF, 0xFFFF, 0xFFFF, 0xFFFF, 0xFFFF,
  0xFFFF, 0xFFFF, 0xFFFF, 0xFFFF, 0xFFFF, 0xFFFF, 0xFFFF, 0xFFFF, 0xFFFF, 0xFFFF, 0xFFFF, 0xFFFF,
  0xFFFF, 0xFFFF, 0xFFFF, 0xFFFF, 0xFFFF, 0xFFFF, 0xFFFF, 0xFFFF, 0xFFFF, 0xFFFF, 0xFFFF, 0xFFFF,
  0xFFFF, 0xFFFF, 0xFFFF, 0xFFFF, 0xFFFF, 0xFFFF, 0xFFFF, 0xFFFF, 0xFFFF, 0xFFFF, 0xFFFF, 0xFFFF,
  0xFFFF, 0xFFFF, 0xFFFF, 0xFFFF, 0xFFFF, 0xFFFF, 0xFFFF, 0xFFFF, 0xFFFF, 0xFFFF, 0xFFFF, 0xFFFF,
  0xFFFF, 0xFFFF, 0xFFFF, 0xFFFF, 0xFFFF, 0xFFFF, 0xFFFF, 0xFFFF, 0xFFFF, 0xFFFF, 0xFFFF, 0xFFFF,
  0xFFFF, 0xFFFF, 0xFFFF, 0xFFFF, 0xFFFF, 0xFFFF, 0xFFFF, 0xFFFF, 0xFFFF, 0xFFFF, 0xFFFF, 0xFFFF,
  0xFFFF, 0xFFFF, 0xFFFF, 0xFFFF, 0xFFFF, 0xFFFF, 0xFFFF, 0xFFFF, 0xFFFF, 0xFFFF, 0xFFFF, 0xFFFF,
  0xFFFF, 0xFFFF, 0xFFFF, 0xFFFF, 0xFFFF, 0xFFFF, 0xFFFF, 0xFFFF, 0xFFFF, 0xFFFF, 0xFFFF, 0xFFFF,
  0xFFFF, 0xFFFF, 0xFFFF, 0xFFFF, 0xFFFF, 0xFFFF, 0xFFFF, 0xFFFF, 0xFFFF, 0xFFFF, 0xFFFF, 0xFFFF,
  0xFFFF, 0xFFFF, 0xFFFF, 0xFFFF, 0xFFFF, 0xFFFF, 0xFFFF, 0xFFFF, 0xFFFF, 0xFFFF, 0xFFFF, 0xFFFF,
  0xFFFF, 0xFFFF, 0xFFFF, 0xFFFF, 0xFFFF, 0xFFFF, 0xFFFF, 0xFFFF, 0xFFFF, 0xFFFF, 0xFFFF, 0xFFFF,
  0xFFFF, 0xFFFF, 0xFFFF, 0xFFFF, 0xFFFF, 0xFFFF, 0xFF7B, 0xFC81, 0xFD00, 0xFDC0, 0xFE60, 0xFE80,
  0xF70F, 0xFFFF, 0xD69B, 0x296E, 0x10CD, 0x190E, 0x18EE, 0x190E, 0x190E, 0x190E, 0x190E, 0x190E,
  0x190E, 0x190E, 0x190E, 0x190E, 0x190E, 0x190E, 0x190E, 0x190E, 0x190E, 0x190E, 0x190E, 0x190E,
  0x190E, 0x190E, 0x190E, 0x190E, 0x190E, 0x190E, 0x190E, 0x190E, 0x190E, 0x190E, 0x190E, 0x190E,
  0x190E, 0x190E, 0x190E, 0x190E, 0x190E, 0x190E, 0x190E, 0x190E, 0x190E, 0x190E, 0x190E, 0x190E,
  0x190E, 0x190E, 0x190E, 0x190E, 0x190E, 0x190E, 0x190E, 0x190E, 0x190E, 0x190E, 0x190E, 0x190E,
  0x190E, 0x190E, 0x190E, 0x190E, 0x190E, 0x190E, 0x190E, 0x190E, 0x190E, 0x190E, 0x190E, 0x18EE,
  0x190E, 0x190E, 0x190E, 0x190E, 0x190E, 0x190E, 0x190E, 0x18EF, 0x11AB, 0x0305, 0x02E5, 0x02E5,
  0x02E5, 0x02E5, 0x02E5, 0x02C5, 0x02C5, 0x02C5, 0x02A5, 0x02A5, 0x0285, 0x190E, 0x18EF, 0x190E,
  0x18EE, 0x18EE, 0x194C, 0x0185, 0x6CF1, 0xF693, 0xFC40, 0xFD40, 0xFDE0, 0xFE60, 0xFEA0, 0xFF75,
  0xFFFF, 0xFFFF, 0xFFFF, 0xFFFF, 0xFFFF, 0xFFFF, 0xFFFF, 0xFFFF, 0xFFFF, 0xFFFF, 0xFFFF, 0xFFFF,
  0xFFFF, 0xFFFF, 0xFFFF, 0xFFFF, 0xFFFF, 0xFFFF, 0xFFFF, 0xFFFF, 0xFFFF, 0xFFFF, 0xFFFF, 0xFFFF,
  0xFFFF, 0xFFFF, 0xFFFF, 0xFFFF, 0xFFFF, 0xFFFF, 0xFFFF, 0xFFFF, 0xFFFF, 0xFFFF, 0xFFFF, 0xFFFF,
  0xFFFF, 0xFFFF, 0xFFFF, 0xFFFF, 0xFFFF, 0xFFFF, 0xFFFF, 0xFFFF, 0xFFFF, 0xFFFF, 0xFFFF, 0xFFFF,
  0xFFFF, 0xFFFF, 0xFFFF, 0xFFFF, 0xFFFF, 0xFFFF, 0xFFFF, 0xFFFF, 0xFFFF, 0xFFFF, 0xFFFF, 0xFFFF,
  0xFFFF, 0xFFFF, 0xFFFF, 0xFFFF, 0xFFFF, 0xFFFF, 0xFFFF, 0xFFFF, 0xFFFF, 0xFFFF, 0xFFFF, 0xFFFF,
  0xFFFF, 0xFFFF, 0xFFFF, 0xFFFF, 0xFFFF, 0xFFFF, 0xFFFF, 0xFFFF, 0xFFFF, 0xFFFF, 0xFFFF, 0xFFFF,
  0xFFFF, 0xFFFF, 0xFFFF, 0xFFFF, 0xFFFF, 0xFFFF, 0xFFFF, 0xFFFF, 0xFFFF, 0xFFFF, 0xFFFF, 0xFFFF,
  0xFFFF, 0xFFFF, 0xFFFF, 0xFFFF, 0xFFFF, 0xFFFF, 0xFFFF, 0xFFFF, 0xFFFF, 0xFFFF, 0xFFFF, 0xFFFF,
  0xFFFF, 0xFFFF, 0xFFFF, 0xFFFF, 0xFFFF, 0xFFFF, 0xFFFF, 0xFFFF, 0xFFFF, 0xFFFF, 0xFFFF, 0xFFFF,
  0xFFFF, 0xFFFF, 0xFFFF, 0xFFFF, 0xFFFF, 0xFFFF, 0xFFFF, 0xFFFF, 0xFFFF, 0xFFFF, 0xFFFF, 0xFFFF,
  0xFFFF, 0xFFFF, 0xFFFF, 0xFFFF, 0xFFFF, 0xFFFF, 0xFFFF, 0xFFFF, 0xFFFF, 0xFFFF, 0xFFFF, 0xFFFF,
  0xFFFF, 0xFFFF, 0xFE30, 0xFC60, 0xFD60, 0xFE00, 0xFE80, 0xFEA1, 0xFFDC, 0xFFFF, 0xFFFF, 0xD69C,
  0x296E, 0x10CD, 0x192E, 0x190E, 0x190E, 0x190E, 0x190E, 0x190E, 0x190E, 0x190E, 0x190E, 0x190E,
  0x190E, 0x190E, 0x190E, 0x190E, 0x190E, 0x190E, 0x190E, 0x190E, 0x190E, 0x190E, 0x190E, 0x190E,
  0x190E, 0x190E, 0x190E, 0x190E, 0x190E, 0x190E, 0x190E, 0x190E, 0x190E, 0x190E, 0x190E, 0x190E,
  0x190E, 0x190E, 0x190E, 0x18EE, 0x190E, 0x190E, 0x190E, 0x190E, 0x190E, 0x190E, 0x190E, 0x190E,
  0x190E, 0x190E, 0x190E, 0x190E, 0x190E, 0x190E, 0x190E, 0x190E, 0x190E, 0x190E, 0x190E, 0x190E,
  0x190E, 0x190E, 0x190E, 0x190E, 0x190E, 0x190E, 0x18EE, 0x190E, 0x190E, 0x190E, 0x190E, 0x190E,
  0x190E, 0x190E, 0x190E, 0x190E, 0x194D, 0x02C6, 0x02E5, 0x02C5, 0x02C5, 0x02C5, 0x02C5, 0x02C5,
  0x02A5, 0x02C5, 0x02C5, 0x02C4, 0x118A, 0x18EE, 0x190E, 0x190E, 0x190E, 0x192D, 0x086D, 0x73B4,
  0xFFFF, 0xFFFF, 0xFCC4, 0xFCA0, 0xFD80, 0xFE20, 0xFE80, 0xFEE8, 0xFFFF, 0xFFFF, 0xFFFF, 0xFFFF,
  0xFFFF, 0xFFFF, 0xFFFF, 0xFFFF, 0xFFFF, 0xFFFF, 0xFFFF, 0xFFFF, 0xFFFF, 0xFFFF, 0xFFFF, 0xFFFF,
  0xFFFF, 0xFFFF, 0xFFFF, 0xFFFF, 0xFFFF, 0xFFFF, 0xFFFF, 0xFFFF, 0xFFFF, 0xFFFF, 0xFFFF, 0xFFFF,
  0xFFFF, 0xFFFF, 0xFFFF, 0xFFFF, 0xFFFF, 0xFFFF, 0xFFFF, 0xFFFF, 0xFFFF, 0xFFFF, 0xFFFF, 0xFFFF,
  0xFFFF, 0xFFFF, 0xFFFF, 0xFFFF, 0xFFFF, 0xFFFF, 0xFFFF, 0xFFFF, 0xFFFF, 0xFFFF, 0xFFFF, 0xFFFF,
  0xFFFF, 0xFFFF, 0xFFFF, 0xFFFF, 0xFFFF, 0xFFFF, 0xFFFF, 0xFFFF, 0xFFFF, 0xFFFF, 0xFFFF, 0xFFFF,
  0xFFFF, 0xFFFF, 0xFFFF, 0xFFFF, 0xFFFF, 0xFFFF, 0xFFFF, 0xFFFF, 0xFFFF, 0xFFFF, 0xFFFF, 0xFFFF,
  0xFFFF, 0xFFFF, 0xFFFF, 0xFFFF, 0xFFFF, 0xFFFF, 0xFFFF, 0xFFFF, 0xFFFF, 0xFFFF, 0xFFFF, 0xFFFF,
  0xFFFF, 0xFFFF, 0xFFFF, 0xFFFF, 0xFFFF, 0xFFFF, 0xFFFF, 0xFFFF, 0xFFFF, 0xFFFF, 0xFFFF, 0xFFFF,
  0xFFFF, 0xFFFF, 0xFFFF, 0xFFFF, 0xFFFF, 0xFFFF, 0xFFFF, 0xFFFF, 0xFFFF, 0xFFFF, 0xFFFF, 0xFFFF,
  0xFFFF, 0xFFFF, 0xFFFF, 0xFFFF, 0xFFFF, 0xFFFF, 0xFFFF, 0xFFFF, 0xFFFF, 0xFFFF, 0xFFFF, 0xFFFF,
  0xFFFF, 0xFFFF, 0xFFFF, 0xFFFF, 0xFFFF, 0xFFFF, 0xFFFF, 0xFFFF, 0xFFFF, 0xFFFF, 0xFFFF, 0xFFFF,
  0xFFFF, 0xFFFF, 0xFFFF, 0xFFFF, 0xFFFF, 0xFFFF, 0xFFFF, 0xFFFF, 0xFFFF, 0xFFDE, 0xFCE4, 0xFCE0,
  0xFDC0, 0xFE60, 0xFEA0, 0xFF2C, 0xFFFF, 0xFFFF, 0xFFDF, 0xFFFF, 0xD6BC, 0x298F, 0x10CD, 0x212E,
  0x190E, 0x190E, 0x190E, 0x190E, 0x190E, 0x190E, 0x190E, 0x190E, 0x190E, 0x190E, 0x190E, 0x190E,
  0x190E, 0x190E, 0x190E, 0x190E, 0x190E, 0x190E, 0x190E, 0x190E, 0x190E, 0x190E, 0x190E, 0x190E,
  0x190E, 0x190E, 0x190E, 0x190E, 0x190E, 0x190E, 0x190E, 0x190E, 0x190E, 0x190E, 0x190E, 0x190E,
  0x190E, 0x190E, 0x190E, 0x190E, 0x190E, 0x190E, 0x190E, 0x190E, 0x190E, 0x190E, 0x190E, 0x190E,
  0x190E, 0x190E, 0x190E, 0x190E, 0x190E, 0x190E, 0x190E, 0x190E, 0x190E, 0x190E, 0x190E, 0x190E,
  0x190E, 0x190E, 0x190E, 0x190E, 0x190E, 0x190E, 0x190E, 0x190E, 0x190E, 0x190E, 0x190E, 0x190E,
  0x196D, 0x02E5, 0x02E5, 0x02C5, 0x02C5, 0x02C5, 0x0AC5, 0x02E4, 0x02E4, 0x02E4, 0x0AA6, 0x11AC,
  0x190E, 0x190E, 0x190E, 0x190E, 0x190E, 0x088D, 0x8435, 0xFFFF, 0xFFFF, 0xFFFF, 0xFE31, 0xFC20,
  0xFD40, 0xFDE0, 0xFE60, 0xFEA0, 0xFFB9, 0xFFFF, 0xFFFF, 0xFFFF, 0xFFFF, 0xFFFF, 0xFFFF, 0xFFFF,
  0xFFFF, 0xFFFF, 0xFFFF, 0xFFFF, 0xFFFF, 0xFFFF, 0xFFFF, 0xFFFF, 0xFFFF, 0xFFFF, 0xFFFF, 0xFFFF,
  0xFFFF, 0xFFFF, 0xFFFF, 0xFFFF, 0xFFFF, 0xFFFF, 0xFFFF, 0xFFFF, 0xFFFF, 0xFFFF, 0xFFFF, 0xFFFF,
  0xFFFF, 0xFFFF, 0xFFFF, 0xFFFF, 0xFFFF, 0xFFFF, 0xFFFF, 0xFFFF, 0xFFFF, 0xFFFF, 0xFFFF, 0xFFFF,
  0xFFFF, 0xFFFF, 0xFFFF, 0xFFFF, 0xFFFF, 0xFFFF, 0xFFFF, 0xFFFF, 0xFFFF, 0xFFFF, 0xFFFF, 0xFFFF,
  0xFFFF, 0xFFFF, 0xFFFF, 0xFFFF, 0xFFFF, 0xFFFF, 0xFFFF, 0xFFFF, 0xFFFF, 0xFFFF, 0xFFFF, 0xFFFF,
  0xFFFF, 0xFFFF, 0xFFFF, 0xFFFF, 0xFFFF, 0xFFFF, 0xFFFF, 0xFFFF, 0xFFFF, 0xFFFF, 0xFFFF, 0xFFFF,
  0xFFFF, 0xFFFF, 0xFFFF, 0xFFFF, 0xFFFF, 0xFFFF, 0xFFFF, 0xFFFF, 0xFFFF, 0xFFFF, 0xFFFF, 0xFFFF,
  0xFFFF, 0xFFFF, 0xFFFF, 0xFFFF, 0xFFFF, 0xFFFF, 0xFFFF, 0xFFFF, 0xFFFF, 0xFFFF, 0xFFFF, 0xFFFF,
  0xFFFF, 0xFFFF, 0xFFFF, 0xFFFF, 0xFFFF, 0xFFFF, 0xFFFF, 0xFFFF, 0xFFFF, 0xFFFF, 0xFFFF, 0xFFFF,
  0xFFFF, 0xFFFF, 0xFFFF, 0xFFFF, 0xFFFF, 0xFFFF, 0xFFFF, 0xFFFF, 0xFFFF, 0xFFFF, 0xFFFF, 0xFFFF,
  0xFFFF, 0xFFFF, 0xFFFF, 0xFFFF, 0xFFFF, 0xFFFF, 0xFFFF, 0xFFFF, 0xFFFF, 0xFFFF, 0xFFFF, 0xFFFF,
  0xFFFF, 0xFFFF, 0xFFFF, 0xFFFF, 0xFFFF, 0xFEF6, 0xFC60, 0xFD60, 0xFE00, 0xFE80, 0xFEA0, 0xFFB9,
  0xFFFF, 0xFFFF, 0xFFFF, 0xFFFF, 0xFFFF, 0xDEFC, 0x31D0, 0x10AD, 0x212E, 0x190E, 0x190E, 0x190E,
  0x190E, 0x190E, 0x190E, 0x190E, 0x190E, 0x190E, 0x190E, 0x190E, 0x190E, 0x190E, 0x190E, 0x190E,
  0x190E, 0x190E, 0x190E, 0x190E, 0x190E, 0x190E, 0x190E, 0x190E, 0x190E, 0x190E, 0x190E, 0x190E,
  0x190E, 0x190E, 0x190E, 0x190E, 0x190E, 0x190E, 0x190E, 0x190E, 0x190E, 0x190E, 0x190E, 0x190E,
  0x190E, 0x190E, 0x190E, 0x190E, 0x190E, 0x190E, 0x190E, 0x190E, 0x190E, 0x190E, 0x190E, 0x190E,
  0x190E, 0x190E, 0x190E, 0x190E, 0x190E, 0x190E, 0x190E, 0x190E, 0x190E, 0x190E, 0x190E, 0x190E,
  0x190E, 0x190E, 0x190E, 0x190E, 0x190E, 0x190E, 0x190E, 0x190E, 0x190E, 0x0A28, 0x02E5, 0x0AC5,
  0x02C5, 0x02C5, 0x1209, 0x11AB, 0x1229, 0x11E9, 0x192D, 0x18EF, 0x190E, 0x190E, 0x190E, 0x18ED,
  0x088D, 0x9497, 0xFFFF, 0xFFFF, 0xFFFF, 0xFFFF, 0xFF9C, 0xF462, 0xFCC0, 0xFDC0, 0xFE40, 0xFE80,
  0xFF2D, 0xFFFF, 0xFFFF, 0xFFFF, 0xFFFF, 0xFFFF, 0xFFFF, 0xFFFF, 0xFFFF, 0xFFFF, 0xFFFF, 0xFFFF,
  0xFFFF, 0xFFFF, 0xFFFF, 0xFFFF, 0xFFFF, 0xFFFF, 0xFFFF, 0xFFFF, 0xFFFF, 0xFFFF, 0xFFFF, 0xFFFF,
  0xFFFF, 0xFFFF, 0xFFFF, 0xFFFF, 0xFFFF, 0xFFFF, 0xFFFF, 0xFFFF, 0xFFFF, 0xFFFF, 0xFFFF, 0xFFFF,
  0xFFFF, 0xFFFF, 0xFFFF, 0xFFFF, 0xFFFF, 0xFFFF, 0xFFFF, 0xFFFF, 0xFFFF, 0xFFFF, 0xFFFF, 0xFFFF,
  0xFFFF, 0xFFFF, 0xFFFF, 0xFFFF, 0xFFFF, 0xFFFF, 0xFFFF, 0xFFFF, 0xFFFF, 0xFFFF, 0xFFFF, 0xFFFF,
  0xFFFF, 0xFFFF, 0xFFFF, 0xFFFF, 0xFFFF, 0xFFFF, 0xFFFF, 0xFFFF, 0xFFFF, 0xFFFF, 0xFFFF, 0xFFFF,
  0xFFFF, 0xFFFF, 0xFFFF, 0xFFFF, 0xFFFF, 0xFFFF, 0xFFFF, 0xFFFF, 0xFFFF, 0xFFFF, 0xFFFF, 0xFFFF,
  0xFFFF, 0xFFFF, 0xFFFF, 0xFFFF, 0xFFFF, 0xFFFF, 0xFFFF, 0xFFFF, 0xFFFF, 0xFFFF, 0xFFFF, 0xFFFF,
  0xFFFF, 0xFFFF, 0xFFFF, 0xFFFF, 0xFFFF, 0xFFFF, 0xFFFF, 0xFFFF, 0xFFFF, 0xFFFF, 0xFFFF, 0xFFFF,
  0xFFFF, 0xFFFF, 0xFFFF, 0xFFFF, 0xFFFF, 0xFFFF, 0xFFFF, 0xFFFF, 0xFFFF, 0xFFFF, 0xFFFF, 0xFFFF,
  0xFFFF, 0xFFFF, 0xFFFF, 0xFFFF, 0xFFFF, 0xFFFF, 0xFFFF, 0xFFFF, 0xFFFF, 0xFFFF, 0xFFFF, 0xFFFF,
  0xFFFF, 0xFFFF, 0xFFFF, 0xFFFF, 0xFFFF, 0xFFFF, 0xFFFF, 0xFFFF, 0xFFFF, 0xFFFF, 0xFFFF, 0xFFFF,
  0xFFFF, 0xFD8A, 0xFCC0, 0xFDC0, 0xFE40, 0xFEA0, 0xFF08, 0xFFFF, 0xFFFF, 0xFFFF, 0xFFFF, 0xFFFF,
  0xFFFF, 0xFFFF, 0xE73D, 0x4A71, 0x088D, 0x212E, 0x190E, 0x190E, 0x190E, 0x190E, 0x190E, 0x190E,
  0x190E, 0x190E, 0x190E, 0x190E, 0x190E, 0x190E, 0x190E, 0x190E, 0x190E, 0x190E, 0x190E, 0x190E,
  0x190E, 0x190E, 0x190E, 0x190E, 0x190E, 0x190E, 0x190E, 0x190E, 0x190E, 0x190E, 0x190E, 0x190E,
  0x190E, 0x190E, 0x190E, 0x190E, 0x190E, 0x190E, 0x190E, 0x190E, 0x190E, 0x190E, 0x190E, 0x190E,
  0x18EE, 0x190E, 0x190E, 0x190E, 0x190E, 0x190E, 0x190E, 0x190E, 0x190E, 0x190E, 0x190E, 0x190E,
  0x190E, 0x190E, 0x190E, 0x190E, 0x190E, 0x190E, 0x190E, 0x190E, 0x190E, 0x190E, 0x190E, 0x190E,
  0x190E, 0x190E, 0x190E, 0x190E, 0x190E, 0x190D, 0x0A86, 0x02E5, 0x02C5, 0x02C5, 0x116C, 0x18EF,
  0x18EF, 0x18EE, 0x18EE, 0x190E, 0x190E, 0x192E, 0x10CE, 0x18EE, 0xA558, 0xFFFF, 0xFFFF, 0xFFFF,
  0xFFFF, 0xFFFF, 0xFFFF, 0xFDCD, 0xFC40, 0xFD80, 0xFE00, 0xFE60, 0xFEC2, 0xFFDD, 0xFFFF, 0xFFFF,
  0xFFFF, 0xFFFF, 0xFFFF, 0xFFFF, 0xFFFF, 0xFFFF, 0xFFFF, 0xFFFF, 0xFFFF, 0xFFFF, 0xFFFF, 0xFFFF,
  0xFFFF, 0xFFFF, 0xFFFF, 0xFFFF, 0xFFFF, 0xFFFF, 0xFFFF, 0xFFFF, 0xFFFF, 0xFFFF, 0xFFFF, 0xFFFF,
  0xFFFF, 0xFFFF, 0xFFFF, 0xFFFF, 0xFFFF, 0xFFFF, 0xFFFF, 0xFFFF, 0xFFFF, 0xFFFF, 0xFFFF, 0xFFFF,
  0xFFFF, 0xFFFF, 0xFFFF, 0xFFFF, 0xFFFF, 0xFFFF, 0xFFFF, 0xFFFF, 0xFFFF, 0xFFFF, 0xFFFF, 0xFFFF,
  0xFFFF, 0xFFFF, 0xFFFF, 0xFFFF, 0xFFFF, 0xFFFF, 0xFFFF, 0xFFFF, 0xFFFF, 0xFFFF, 0xFFFF, 0xFFFF,
  0xFFFF, 0xFFFF, 0xFFFF, 0xFFFF, 0xFFFF, 0xFFFF, 0xFFFF, 0xFFFF, 0xFFFF, 0xFFFF, 0xFFFF, 0xFFFF,
  0xFFFF, 0xFFFF, 0xFFFF, 0xFFFF, 0xFFFF, 0xFFFF, 0xFFFF, 0xFFFF, 0xFFFF, 0xFFFF, 0xFFFF, 0xFFFF,
  0xFFFF, 0xFFFF, 0xFFFF, 0xFFFF, 0xFFFF, 0xFFFF, 0xFFFF, 0xFFFF, 0xFFFF, 0xFFFF, 0xFFFF, 0xFFFF,
  0xFFFF, 0xFFFF, 0xFFFF, 0xFFFF, 0xFFFF, 0xFFFF, 0xFFFF, 0xFFFF, 0xFFFF, 0xFFFF, 0xFFFF, 0xFFFF,
  0xFFFF, 0xFFFF, 0xFFFF, 0xFFFF, 0xFFFF, 0xFFFF, 0xFFFF, 0xFFFF, 0xFFFF, 0xFFFF, 0xFFFF, 0xFFFF,
  0xFFFF, 0xFFFF, 0xFFFF, 0xFFFF, 0xFFFF, 0xFFFF, 0xFFFF, 0xFFFF, 0xFFFF, 0xFFFF, 0xFFFF, 0xFFFF,
  0xFFFF, 0xFFFF, 0xFFFF, 0xFFFF, 0xFFFF, 0xFFFF, 0xFFFF, 0xFFFF, 0xFF7B, 0xFC81, 0xFD40, 0xFE00,
  0xFE80, 0xFEC0, 0xFF94, 0xFFFF, 0xFFFF, 0xFFFF, 0xFFFF, 0xFFFF, 0xFFFF, 0xFFFF, 0xFFFF, 0xF7BF,
  0x5B13, 0x088D, 0x192E, 0x190E, 0x190E, 0x190E, 0x190E, 0x190E, 0x190E, 0x190E, 0x190E, 0x190E,
  0x190E, 0x190E, 0x190E, 0x190E, 0x190E, 0x190E, 0x190E, 0x190E, 0x190E, 0x190E, 0x190E, 0x190E,
  0x190E, 0x190E, 0x190E, 0x190E, 0x190E, 0x190E, 0x190E, 0x190E, 0x190E, 0x190E, 0x190E, 0x190E,
  0x190E, 0x190E, 0x190E, 0x190E, 0x190E, 0x190E, 0x190E, 0x190E, 0x190E, 0x190E, 0x190E, 0x190E,
  0x190E, 0x190E, 0x190E, 0x190E, 0x190E, 0x190E, 0x190E, 0x190E, 0x190E, 0x190E, 0x190E, 0x190E,
  0x190E, 0x190E, 0x190E, 0x190E, 0x190E, 0x190E, 0x190E, 0x190E, 0x190E, 0x190E, 0x190E, 0x190E,
  0x190E, 0x18EE, 0x11AB, 0x02C5, 0x02C5, 0x11CA, 0x190E, 0x190D, 0x190E, 0x190E, 0x190E, 0x190E,
  0x192E, 0x08AD, 0x298F, 0xC63B, 0xFFFF, 0xFFFF, 0xFFFF, 0xFFFF, 0xFFFF, 0xFFFF, 0xFFFF, 0xFF5A,
  0xFC40, 0xFD00, 0xFDC0, 0xFE40, 0xFE80, 0xFF51, 0xFFFF, 0xFFFF, 0xFFFF, 0xFFFF, 0xFFFF, 0xFFFF,
  0xFFFF, 0xFFFF, 0xFFFF, 0xFFFF, 0xFFFF, 0xFFFF, 0xFFFF, 0xFFFF, 0xFFFF, 0xFFFF, 0xFFFF, 0xFFFF,
  0xFFFF, 0xFFFF, 0xFFFF, 0xFFFF, 0xFFFF, 0xFFFF, 0xFFFF, 0xFFFF, 0xFFFF, 0xFFFF, 0xFFFF, 0xFFFF,
  0xFFFF, 0xFFFF, 0xFFFF, 0xFFFF, 0xFFFF, 0xFFFF, 0xFFFF, 0xFFFF, 0xFFFF, 0xFFFF, 0xFFFF, 0xFFFF,
  0xFFFF, 0xFFFF, 0xFFFF, 0xFFFF, 0xFFFF, 0xFFFF, 0xFFFF, 0xFFFF, 0xFFFF, 0xFFFF, 0xFFFF, 0xFFFF,
  0xFFFF, 0xFFFF, 0xFFFF, 0xFFFF, 0xFFFF, 0xFFFF, 0xFFFF, 0xFFFF, 0xFFFF, 0xFFFF, 0xFFFF, 0xFFFF,
  0xFFFF, 0xFFFF, 0xFFFF, 0xFFFF, 0xFFFF, 0xFFFF, 0xFFFF, 0xFFFF, 0xFFFF, 0xFFFF, 0xFFFF, 0xFFFF,
  0xFFFF, 0xFFFF, 0xFFFF, 0xFFFF, 0xFFFF, 0xFFFF, 0xFFFF, 0xFFFF, 0xFFFF, 0xFFFF, 0xFFFF, 0xFFFF,
  0xFFFF, 0xFFFF, 0xFFFF, 0xFFFF, 0xFFFF, 0xFFFF, 0xFFFF, 0xFFFF, 0xFFFF, 0xFFFF, 0xFFFF, 0xFFFF,
  0xFFFF, 0xFFFF, 0xFFFF, 0xFFFF, 0xFFFF, 0xFFFF, 0xFFFF, 0xFFFF, 0xFFFF, 0xFFFF, 0xFFFF, 0xFFFF,
  0xFFFF, 0xFFFF, 0xFFFF, 0xFFFF, 0xFFFF, 0xFFFF, 0xFFFF, 0xFFFF, 0xFFFF, 0xFFFF, 0xFFFF, 0xFFFF,
  0xFFFF, 0xFFFF, 0xFFFF, 0xFFFF, 0xFFFF, 0xFFFF, 0xFFFF, 0xFFFF, 0xFFFF, 0xFFFF, 0xFFFF, 0xFFFF,
  0xFFFF, 0xFFFF, 0xFFFF, 0xFFFF, 0xFE51, 0xFC60, 0xFDA0, 0xFE40, 0xFEA0, 0xFEE3, 0xFFDD, 0xFFFF,
  0xFFFF, 0xFFFF, 0xFFFF, 0xFFFF, 0xFFFF, 0xFFFF, 0xFFFF, 0xFFFF, 0xFFFF, 0x7BF5, 0x08AD, 0x18EE,
  0x192E, 0x190E, 0x190E, 0x190E, 0x190E, 0x190E, 0x190E, 0x190E, 0x190E, 0x190E, 0x190E, 0x190E,
  0x190E, 0x190E, 0x190E, 0x190E, 0x190E, 0x190E, 0x190E, 0x190E, 0x190E, 0x190E, 0x190E, 0x190E,
  0x190E, 0x190E, 0x190E, 0x190E, 0x190E, 0x190E, 0x190E, 0x190E, 0x190E, 0x190E, 0x190E, 0x190E,
  0x190E, 0x190E, 0x190E, 0x190E, 0x190E, 0x190E, 0x190E, 0x190E, 0x190E, 0x190E, 0x190E, 0x190E,
  0x190E, 0x190E, 0x190E, 0x190E, 0x190E, 0x190E, 0x190E, 0x190E, 0x190E, 0x190E, 0x190E, 0x190E,
  0x190E, 0x190E, 0x190E, 0x190E, 0x190E, 0x190E, 0x190E, 0x190E, 0x190E, 0x190E, 0x190E, 0x194D,
  0x194C, 0x190F, 0x190E, 0x190E, 0x190E, 0x190E, 0x190E, 0x190E, 0x086D, 0x4A72, 0xE71D, 0xFFFF,
  0xFFFF, 0xFFFF, 0xFFFF, 0xFFFF, 0xFFFF, 0xFFFF, 0xFFFF, 0xFFFF, 0xFD49, 0xFC60, 0xFD80, 0xFE20,
  0xFE60, 0xFEE7, 0xFFFF, 0xFFFF, 0xFFFF, 0xFFFF, 0xFFFF, 0xFFFF, 0xFFFF, 0xFFFF, 0xFFFF, 0xFFFF,
  0xFFFF, 0xFFFF, 0xFFFF, 0xFFFF, 0xFFFF, 0xFFFF, 0xFFFF, 0xFFFF, 0xFFFF, 0xFFFF, 0xFFFF, 0xFFFF,
  0xFFFF, 0xFFFF, 0xFFFF, 0xFFFF, 0xFFFF, 0xFFFF, 0xFFFF, 0xFFFF, 0xFFFF, 0xFFFF, 0xFFFF, 0xFFFF,
  0xFFFF, 0xFFFF, 0xFFFF, 0xFFFF, 0xFFFF, 0xFFFF, 0xFFFF, 0xFFFF, 0xFFFF, 0xFFFF, 0xFFFF, 0xFFFF,
  0xFFFF, 0xFFFF, 0xFFFF, 0xFFFF, 0xFFFF, 0xFFFF, 0xFFFF, 0xFFFF, 0xFFFF, 0xFFFF, 0xFFFF, 0xFFFF,
  0xFFFF, 0xFFFF, 0xFFFF, 0xFFFF, 0xFFFF, 0xFFFF, 0xFFFF, 0xFFFF, 0xFFFF, 0xFFFF, 0xFFFF, 0xFFFF,
  0xFFFF, 0xFFFF, 0xFFFF, 0xFFFF, 0xFFFF, 0xFFFF, 0xFFFF, 0xFFFF, 0xFFFF, 0xFFFF, 0xFFFF, 0xFFFF,
  0xFFFF, 0xFFFF, 0xFFFF, 0xFFFF, 0xFFFF, 0xFFFF, 0xFFFF, 0xFFFF, 0xFFFF, 0xFFFF, 0xFFFF, 0xFFFF,
  0xFFFF, 0xFFFF, 0xFFFF, 0xFFFF, 0xFFFF, 0xFFFF, 0xFFFF, 0xFFFF, 0xFFFF, 0xFFFF, 0xFFFF, 0xFFFF,
  0xFFFF, 0xFFFF, 0xFFFF, 0xFFFF, 0xFFFF, 0xFFFF, 0xFFFF, 0xFFFF, 0xFFFF, 0xFFFF, 0xFFFF, 0xFFFF,
  0xFFFF, 0xFFFF, 0xFFFF, 0xFFFF, 0xFFFF, 0xFFFF, 0xFFFF, 0xFFFF, 0xFFFF, 0xFFFF, 0xFFFF, 0xFFFF,
  0xFFFF, 0xFFFF, 0xFFFF, 0xFFFF, 0xFFFF, 0xFFFF, 0xFFFF, 0xFFFF, 0xFFFF, 0xFFFF, 0xFFFF, 0xFFFF,
  0xFD06, 0xFCE0, 0xFDE0, 0xFE60, 0xFEA0, 0xFF2D, 0xFFFF, 0xFFFF, 0xFFFF, 0xFFFF, 0xFFFF, 0xFFFF,
  0xFFFF, 0xFFFF, 0xFFFF, 0xFFFF, 0xFFFF, 0xFFFF, 0xAD59, 0x212E, 0x10AD, 0x212E, 0x190E, 0x190E,
  0x190E, 0x190E, 0x190E, 0x190E, 0x190E, 0x190E, 0x190E, 0x190E, 0x190E, 0x190E, 0x190E, 0x190E,
  0x190E, 0x190E, 0x190E, 0x190E, 0x190E, 0x190E, 0x190E, 0x190E, 0x190E, 0x190E, 0x190E, 0x190E,
  0x190E, 0x190E, 0x190E, 0x190E, 0x190E, 0x190E, 0x190E, 0x190E, 0x190E, 0x190E, 0x190E, 0x190E,
  0x190E, 0x190E, 0x190E, 0x190E, 0x190E, 0x190E, 0x190E, 0x190E, 0x190E, 0x190E, 0x190E, 0x190E,
  0x190E, 0x190E, 0x190E, 0x190E, 0x190E, 0x190E, 0x190E, 0x190E, 0x190E, 0x190E, 0x190E, 0x190E,
  0x190E, 0x190E, 0x190E, 0x190E, 0x190E, 0x190E, 0x190E, 0x190E, 0x190E, 0x190E, 0x190E, 0x190E,
  0x190E, 0x192E, 0x10EE, 0x10CD, 0x7BF5, 0xFFDF, 0xFFFF, 0xFFFF, 0xFFFF, 0xFFFF, 0xFFFF, 0xFFFF,
  0xFFFF, 0xFFFF, 0xFFFF, 0xFFFF, 0xFEB5, 0xFC20, 0xFD20, 0xFDE0, 0xFE60, 0xFEA0, 0xFFDA, 0xFFFF,
  0xFFFF, 0xFFFF, 0xFFFF, 0xFFFF, 0xFFFF, 0xFFFF, 0xFFFF, 0xFFFF, 0xFFFF, 0xFFFF, 0xFFFF, 0xFFFF,
  0xFFFF, 0xFFFF, 0xFFFF, 0xFFFF, 0xFFFF, 0xFFFF, 0xFFFF, 0xFFFF, 0xFFFF, 0xFFFF, 0xFFFF, 0xFFFF,
  0xFFFF, 0xFFFF, 0xFFFF, 0xFFFF, 0xFFFF, 0xFFFF, 0xFFFF, 0xFFFF, 0xFFFF, 0xFFFF, 0xFFFF, 0xFFFF,
  0xFFFF, 0xFFFF, 0xFFFF, 0xFFFF, 0xFFFF, 0xFFFF, 0xFFFF, 0xFFFF, 0xFFFF, 0xFFFF, 0xFFFF, 0xFFFF,
  0xFFFF, 0xFFFF, 0xFFFF, 0xFFFF, 0xFFFF, 0xFFFF, 0xFFFF, 0xFFFF, 0xFFFF, 0xFFFF, 0xFFFF, 0xFFFF,
  0xFFFF, 0xFFFF, 0xFFFF, 0xFFFF, 0xFFFF, 0xFFFF, 0xFFFF, 0xFFFF, 0xFFFF, 0xFFFF, 0xFFFF, 0xFFFF,
  0xFFFF, 0xFFFF, 0xFFFF, 0xFFFF, 0xFFFF, 0xFFFF, 0xFFFF, 0xFFFF, 0xFFFF, 0xFFFF, 0xFFFF, 0xFFFF,
  0xFFFF, 0xFFFF, 0xFFFF, 0xFFFF, 0xFFFF, 0xFFFF, 0xFFFF, 0xFFFF, 0xFFFF, 0xFFFF, 0xFFFF, 0xFFFF,
  0xFFFF, 0xFFFF, 0xFFFF, 0xFFFF, 0xFFFF, 0xFFFF, 0xFFFF, 0xFFFF, 0xFFFF, 0xFFFF, 0xFFFF, 0xFFFF,
  0xFFFF, 0xFFFF, 0xFFFF, 0xFFFF, 0xFFFF, 0xFFFF, 0xFFFF, 0xFFFF, 0xFFFF, 0xFFFF, 0xFFFF, 0xFFFF,
  0xFFFF, 0xFFFF, 0xFFFF, 0xFFFF, 0xFFFF, 0xFFFF, 0xFFFF, 0xFFFF, 0xFFFF, 0xFFFF, 0xFFFF, 0xFFFF,
  0xFFFF, 0xFFFF, 0xFFFF, 0xFFFF, 0xFFFF, 0xFFFF, 0xFFFF, 0xFF18, 0xFC60, 0xFD60, 0xFE00, 0xFE80,
  0xFEA0, 0xFFB8, 0xFFFF, 0xFFFF, 0xFFFF, 0xFFFF, 0xFFFF, 0xFFFF, 0xFFFF, 0xFFFF, 0xFFFF, 0xFFFF,
  0xFFFF, 0xFFFF, 0xFFFF, 0xD6DC, 0x4251, 0x088D, 0x190E, 0x190E, 0x190E, 0x190E, 0x190E, 0x190E,
  0x190E, 0x190E, 0x190E, 0x190E, 0x190E, 0x190E, 0x190E, 0x190E, 0x190E, 0x190E, 0x190E, 0x190E,
  0x190E, 0x190E, 0x190E, 0x190E, 0x190E, 0x190E, 0x190E, 0x190E, 0x190E, 0x190E, 0x190E, 0x190E,
  0x190E, 0x18EE, 0x190E, 0x190E, 0x190E, 0x190E, 0x190E, 0x190E, 0x190E, 0x190E, 0x190E, 0x190E,
  0x190E, 0x190E, 0x190E, 0x190E, 0x190E, 0x190E, 0x190E, 0x190E, 0x190E, 0x190E, 0x190E, 0x190E,
  0x190E, 0x190E, 0x190E, 0x190E, 0x190E, 0x190E, 0x18EE, 0x190E, 0x190E, 0x190E, 0x190E, 0x190E,
  0x190E, 0x190E, 0x190E, 0x190E, 0x190E, 0x190E, 0x190E, 0x190E, 0x192E, 0x08AD, 0x298F, 0xBDDA,
  0xFFFF, 0xFFFF, 0xFFFF, 0xFFFF, 0xFFFF, 0xFFFF, 0xFFFF, 0xFFFF, 0xFFFF, 0xFFFF, 0xFFFF, 0xFFFF,
  0xFFDD, 0xFCA3, 0xFCC0, 0xFDA0, 0xFE40, 0xFE80, 0xFF4F, 0xFFFF, 0xFFFF, 0xFFFF, 0xFFFF, 0xFFFF,
  0xFFFF, 0xFFFF, 0xFFFF, 0xFFFF, 0xFFFF, 0xFFFF, 0xFFFF, 0xFFFF, 0xFFFF, 0xFFFF, 0xFFFF, 0xFFFF,
  0xFFFF, 0xFFFF, 0xFFFF, 0xFFFF, 0xFFFF, 0xFFFF, 0xFFFF, 0xFFFF, 0xFFFF, 0xFFFF, 0xFFFF, 0xFFFF,
  0xFFFF, 0xFFFF, 0xFFFF, 0xFFFF, 0xFFFF, 0xFFFF, 0xFFFF, 0xFFFF, 0xFFFF, 0xFFFF, 0xFFFF, 0xFFFF,
  0xFFFF, 0xFFFF, 0xFFFF, 0xFFFF, 0xFFFF, 0xFFFF, 0xFFFF, 0xFFFF, 0xFFFF, 0xFFFF, 0xFFFF, 0xFFFF,
  0xFFFF, 0xFFFF, 0xFFFF, 0xFFFF, 0xFFFF, 0xFFFF, 0xFFFF, 0xFFFF, 0xFFFF, 0xFFFF, 0xFFFF, 0xFFFF,
  0xFFFF, 0xFFFF, 0xFFFF, 0xFFFF, 0xFFFF, 0xFFFF, 0xFFFF, 0xFFFF, 0xFFFF, 0xFFFF, 0xFFFF, 0xFFFF,
  0xFFFF, 0xFFFF, 0xFFFF, 0xFFFF, 0xFFFF, 0xFFFF, 0xFFFF, 0xFFFF, 0xFFFF, 0xFFFF, 0xFFFF, 0xFFFF,
  0xFFFF, 0xFFFF, 0xFFFF, 0xFFFF, 0xFFFF, 0xFFFF, 0xFFFF, 0xFFFF, 0xFFFF, 0xFFFF, 0xFFFF, 0xFFFF,
  0xFFFF, 0xFFFF, 0xFFFF, 0xFFFF, 0xFFFF, 0xFFFF, 0xFFFF, 0xFFFF, 0xFFFF, 0xFFFF, 0xFFFF, 0xFFFF,
  0xFFFF, 0xFFFF, 0xFFFF, 0xFFFF, 0xFFFF, 0xFFFF, 0xFFFF, 0xFFFF, 0xFFFF, 0xFFFF, 0xFFFF, 0xFFFF,
  0xFFFF, 0xFFFF, 0xFFFF, 0xFFFF, 0xFFFF, 0xFFFF, 0xFFFF, 0xFFFF, 0xFFFF, 0xFFFF, 0xFFFF, 0xFFFF,
  0xFFFF, 0xFFFF, 0xFFFF, 0xFDCC, 0xFC80, 0xFDA0, 0xFE40, 0xFE80, 0xFEE7, 0xFFFF, 0xFFFF, 0xFFFF,
  0xFFFF, 0xFFFF, 0xFFFF, 0xFFFF, 0xFFFF, 0xFFFF, 0xFFFF, 0xFFFF, 0xFFFF, 0xFFFF, 0xFFFF, 0xFFFF,
  0xFFDF, 0x7C15, 0x10CE, 0x10CD, 0x192E, 0x190E, 0x190E, 0x190E, 0x190E, 0x190E, 0x190E, 0x190E,
  0x190E, 0x190E, 0x190E, 0x190E, 0x190E, 0x190E, 0x190E, 0x190E, 0x190E, 0x190E, 0x190E, 0x190E,
  0x190E, 0x190E, 0x190E, 0x190E, 0x190E, 0x190E, 0x190E, 0x190E, 0x190E, 0x18EE, 0x190E, 0x190E,
  0x190E, 0x190E, 0x190E, 0x190E, 0x190E, 0x190E, 0x190E, 0x190E, 0x190E, 0x190E, 0x190E, 0x190E,
  0x190E, 0x190E, 0x190E, 0x190E, 0x190E, 0x190E, 0x190E, 0x190E, 0x190E, 0x190E, 0x190E, 0x190E,
  0x190E, 0x190E, 0x18EE, 0x190E, 0x190E, 0x190E, 0x190E, 0x190E, 0x190E, 0x190E, 0x190E, 0x18EE,
  0x18EE, 0x190E, 0x192E, 0x10EE, 0x10AD, 0x6353, 0xE73D, 0xFFFF, 0xFFFF, 0xFFFF, 0xFFFF, 0xFFFF,
  0xFFFF, 0xFFFF, 0xFFFF, 0xFFFF, 0xFFFF, 0xFFFF, 0xFFFF, 0xFFFF, 0xFFFF, 0xFDCD, 0xFC40, 0xFD60,
  0xFE20, 0xFE80, 0xFEE5, 0xFFFF, 0xFFFF, 0xFFFF, 0xFFFF, 0xFFFF, 0xFFFF, 0xFFFF, 0xFFFF, 0xFFFF,
  0xFFFF, 0xFFFF, 0xFFFF, 0xFFFF, 0xFFFF, 0xFFFF, 0xFFFF, 0xFFFF, 0xFFFF, 0xFFFF, 0xFFFF, 0xFFFF,
  0xFFFF, 0xFFFF, 0xFFFF, 0xFFFF, 0xFFFF, 0xFFFF, 0xFFFF, 0xFFFF, 0xFFFF, 0xFFFF, 0xFFFF, 0xFFFF,
  0xFFFF, 0xFFFF, 0xFFFF, 0xFFFF, 0xFFFF, 0xFFFF, 0xFFFF, 0xFFFF, 0xFFFF, 0xFFFF, 0xFFFF, 0xFFFF,
  0xFFFF, 0xFFFF, 0xFFFF, 0xFFFF, 0xFFFF, 0xFFFF, 0xFFFF, 0xFFFF, 0xFFFF, 0xFFFF, 0xFFFF, 0xFFFF,
  0xFFFF, 0xFFFF, 0xFFFF, 0xFFFF, 0xFFFF, 0xFFFF, 0xFFFF, 0xFFFF, 0xFFFF, 0xFFFF, 0xFFFF, 0xFFFF,
  0xFFFF, 0xFFFF, 0xFFFF, 0xFFFF, 0xFFFF, 0xFFFF, 0xFFFF, 0xFFFF, 0xFFFF, 0xFFFF, 0xFFFF, 0xFFFF,
  0xFFFF, 0xFFFF, 0xFFFF, 0xFFFF, 0xFFFF, 0xFFFF, 0xFFFF, 0xFFFF, 0xFFFF, 0xFFFF, 0xFFFF, 0xFFFF,
  0xFFFF, 0xFFFF, 0xFFFF, 0xFFFF, 0xFFFF, 0xFFFF, 0xFFFF, 0xFFFF, 0xFFFF, 0xFFFF, 0xFFFF, 0xFFFF,
  0xFFFF, 0xFFFF, 0xFFFF, 0xFFFF, 0xFFFF, 0xFFFF, 0xFFFF, 0xFFFF, 0xFFFF, 0xFFFF, 0xFFFF, 0xFFFF,
  0xFFFF, 0xFFFF, 0xFFFF, 0xFFFF, 0xFFFF, 0xFFFF, 0xFFFF, 0xFFFF, 0xFFFF, 0xFFFF, 0xFFFF, 0xFFFF,
  0xFFFF, 0xFFFF, 0xFFFF, 0xFFFF, 0xFFFF, 0xFFFF, 0xFFFF, 0xFFFF, 0xFFFF, 0xFFFF, 0xFFDE, 0xFCC3,
  0xFD00, 0xFDE0, 0xFE81, 0xFEA0, 0xFF72, 0xFFFF, 0xFFFF, 0xFFFF, 0xFFFF, 0xFFFF, 0xFFFF, 0xFFFF,
  0xFFFF, 0xFFFF, 0xFFFF, 0xFFFF, 0xFFFF, 0xFFFF, 0xFFFF, 0xFFFF, 0xFFFF, 0xFFFF, 0xC63B, 0x3A10,
  0x088D, 0x190E, 0x212E, 0x190E, 0x190E, 0x190E, 0x190E, 0x190E, 0x190E, 0x190E, 0x190E, 0x190E,
  0x190E, 0x190E, 0x190E, 0x190E, 0x190E, 0x190E, 0x190E, 0x190E, 0x190E, 0x190E, 0x190E, 0x190E,
  0x190E, 0x190E, 0x190E, 0x190E, 0x190E, 0x190E, 0x190E, 0x190E, 0x190E, 0x190E, 0x190E, 0x190E,
  0x190E, 0x190E, 0x190E, 0x190E, 0x190E, 0x190E, 0x190E, 0x190E, 0x190E, 0x190E, 0x190E, 0x190E,
  0x190E, 0x190E, 0x190E, 0x190E, 0x190E, 0x18EE, 0x190E, 0x18EE, 0x190E, 0x190E, 0x190E, 0x190E,
  0x190E, 0x190E, 0x190E, 0x190E, 0x190E, 0x18EE, 0x18EE, 0x18EE, 0x190E, 0x190E, 0x088D, 0x31D0,
  0xB599, 0xFFFF, 0xFFFF, 0xFFFF, 0xFFFF, 0xFFFF, 0xFFFF, 0xFFFF, 0xFFFF, 0xFFFF, 0xFFFF, 0xFFFF,
  0xFFFF, 0xFFFF, 0xFFFF, 0xFFFF, 0xFFFF, 0xFF39, 0xFC40, 0xFD20, 0xFDE0, 0xFE60, 0xFEA0, 0xFF97,
  0xFFFF, 0xFFFF, 0xFFFF, 0xFFFF, 0xFFFF, 0xFFFF, 0xFFFF, 0xFFFF, 0xFFFF, 0xFFFF, 0xFFFF, 0xFFFF,
  0xFFFF, 0xFFFF, 0xFFFF, 0xFFFF, 0xFFFF, 0xFFFF, 0xFFFF, 0xFFFF, 0xFFFF, 0xFFFF, 0xFFFF, 0xFFFF,
  0xFFFF, 0xFFFF, 0xFFFF, 0xFFFF, 0xFFFF, 0xFFFF, 0xFFFF, 0xFFFF, 0xFFFF, 0xFFFF, 0xFFFF, 0xFFFF,
  0xFFFF, 0xFFFF, 0xFFFF, 0xFFFF, 0xFFFF, 0xFFFF, 0xFFFF, 0xFFFF, 0xFFFF, 0xFFFF, 0xFFFF, 0xFFFF,
  0xFFFF, 0xFFFF, 0xFFFF, 0xFFFF, 0xFFFF, 0xFFFF, 0xFFFF, 0xFFFF, 0xFFFF, 0xFFFF, 0xFFFF, 0xFFFF,
  0xFFFF, 0xFFFF, 0xFFFF, 0xFFFF, 0xFFFF, 0xFFFF, 0xFFFF, 0xFFFF, 0xFFFF, 0xFFFF, 0xFFFF, 0xFFFF,
  0xFFFF, 0xFFFF, 0xFFFF, 0xFFFF, 0xFFFF, 0xFFFF, 0xFFFF, 0xFFFF, 0xFFFF, 0xFFFF, 0xFFFF, 0xFFFF,
  0xFFFF, 0xFFFF, 0xFFFF, 0xFFFF, 0xFFFF, 0xFFFF, 0xFFFF, 0xFFFF, 0xFFFF, 0xFFFF, 0xFFFF, 0xFFFF,
  0xFFFF, 0xFFFF, 0xFFFF, 0xFFFF, 0xFFFF, 0xFFFF, 0xFFFF, 0xFFFF, 0xFFFF, 0xFFFF, 0xFFFF, 0xFFFF,
  0xFFFF, 0xFFFF, 0xFFFF, 0xFFFF, 0xFFFF, 0xFFFF, 0xFFFF, 0xFFFF, 0xFFFF, 0xFFFF, 0xFFFF, 0xFFFF,
  0xFFFF, 0xFFFF, 0xFFFF, 0xFFFF, 0xFFFF, 0xFFFF, 0xFFFF, 0xFFFF, 0xFFFF, 0xFFFF, 0xFFFF, 0xFFFF,
  0xFFFF, 0xFFFF, 0xFFFF, 0xFFFF, 0xFFFF, 0xFFFF, 0xFEF6, 0xFC60, 0xFD60, 0xFE00, 0xFE80, 0xFEC2,
  0xFFDC, 0xFFFF, 0xFFFF, 0xFFFF, 0xFFFF, 0xFFFF, 0xFFFF, 0xFFFF, 0xFFFF, 0xFFFF, 0xFFFF, 0xFFFF,
  0xFFFF, 0xFFFF, 0xFFFF, 0xFFFF, 0xFFFF, 0xFFFF, 0xFFFF, 0xF7BE, 0x8C76, 0x214F, 0x08AD, 0x190E,
  0x190E, 0x190E, 0x190E, 0x190E, 0x190E, 0x190E, 0x190E, 0x190E, 0x190E, 0x190E, 0x190E, 0x190E,
  0x190E, 0x190E, 0x190E, 0x18EE, 0x190E, 0x190E, 0x190E, 0x190E, 0x190E, 0x190E, 0x190E, 0x190E,
  0x190E, 0x18EE, 0x18EE, 0x190E, 0x190E, 0x190E, 0x190E, 0x190E, 0x190E, 0x190E, 0x190E, 0x190E,
  0x190E, 0x190E, 0x190E, 0x190E, 0x190E, 0x190E, 0x190E, 0x190E, 0x190E, 0x190E, 0x190E, 0x18EE,
  0x190E, 0x18EE, 0x18EE, 0x190E, 0x190E, 0x190E, 0x190E, 0x190E, 0x190E, 0x190E, 0x190E, 0x190E,
  0x190E, 0x190E, 0x190E, 0x190E, 0x088D, 0x214F, 0x8436, 0xEF7E, 0xFFFF, 0xFFFF, 0xFFFF, 0xFFFF,
  0xFFFF, 0xFFFF, 0xFFFF, 0xFFFF, 0xFFFF, 0xFFFF, 0xFFFF, 0xFFFF, 0xFFFF, 0xFFFF, 0xFFFF, 0xFFFF,
  0xFFFF, 0xFFFF, 0xFD06, 0xFCA0, 0xFDA0, 0xFE41, 0xFE80, 0xFF2D, 0xFFFF, 0xFFFF, 0xFFFF, 0xFFFF,
  0xFFFF, 0xFFFF, 0xFFFF, 0xFFFF, 0xFFFF, 0xFFFF, 0xFFFF, 0xFFFF, 0xFFFF, 0xFFFF, 0xFFFF, 0xFFFF,
  0xFFFF, 0xFFFF, 0xFFFF, 0xFFFF, 0xFFFF, 0xFFFF, 0xFFFF, 0xFFFF, 0xFFFF, 0xFFFF, 0xFFFF, 0xFFFF,
  0xFFFF, 0xFFFF, 0xFFFF, 0xFFFF, 0xFFFF, 0xFFFF, 0xFFFF, 0xFFFF, 0xFFFF, 0xFFFF, 0xFFFF, 0xFFFF,
  0xFFFF, 0xFFFF, 0xFFFF, 0xFFFF, 0xFFFF, 0xFFFF, 0xFFFF, 0xFFFF, 0xFFFF, 0xFFFF, 0xFFFF, 0xFFFF,
  0xFFFF, 0xFFFF, 0xFFFF, 0xFFFF, 0xFFFF, 0xFFFF, 0xFFFF, 0xFFFF, 0xFFFF, 0xFFFF, 0xFFFF, 0xFFFF,
  0xFFFF, 0xFFFF, 0xFFFF, 0xFFFF, 0xFFFF, 0xFFFF, 0xFFFF, 0xFFFF, 0xFFFF, 0xFFFF, 0xFFFF, 0xFFFF,
  0xFFFF, 0xFFFF, 0xFFFF, 0xFFFF, 0xFFFF, 0xFFFF, 0xFFFF, 0xFFFF, 0xFFFF, 0xFFFF, 0xFFFF, 0xFFFF,
  0xFFFF, 0xFFFF, 0xFFFF, 0xFFFF, 0xFFFF, 0xFFFF, 0xFFFF, 0xFFFF, 0xFFFF, 0xFFFF, 0xFFFF, 0xFFFF,
  0xFFFF, 0xFFFF, 0xFFFF, 0xFFFF, 0xFFFF, 0xFFFF, 0xFFFF, 0xFFFF, 0xFFFF, 0xFFFF, 0xFFFF, 0xFFFF,
  0xFFFF, 0xFFFF, 0xFFFF, 0xFFFF, 0xFFFF, 0xFFFF, 0xFFFF, 0xFFFF, 0xFFFF, 0xFFFF, 0xFFFF, 0xFFFF,
  0xFFFF, 0xFFFF, 0xFFFF, 0xFFFF, 0xFFFF, 0xFFFF, 0xFFFF, 0xFFFF, 0xFFFF, 0xFFFF, 0xFFFF, 0xFFFF,
  0xFFFF, 0xFFFF, 0xFDCC, 0xFC80, 0xFDA0, 0xFE40, 0xFEA0, 0xFF2A, 0xFFFF, 0xFFFF, 0xFFFF, 0xFFFF,
  0xFFFF, 0xFFFF, 0xFFFF, 0xFFFF, 0xFFFF, 0xFFFF, 0xFFFF, 0xFFFF, 0xFFFF, 0xFFFF, 0xFFFF, 0xFFFF,
  0xFFFF, 0xFFFF, 0xFFFF, 0xFFFF, 0xFFFF, 0xDEDC, 0x6333, 0x10CD, 0x10AD, 0x190E, 0x190E, 0x190E,
  0x190E, 0x190E, 0x190E, 0x190E, 0x190E, 0x190E, 0x190E, 0x190E, 0x190E, 0x190E, 0x190E, 0x190E,
  0x190E, 0x190E, 0x190E, 0x190E, 0x190E, 0x190E, 0x190E, 0x190E, 0x190E, 0x190E, 0x190E, 0x190E,
  0x190E, 0x18EE, 0x190E, 0x190E, 0x190E, 0x190E, 0x190E, 0x190E, 0x190E, 0x190E, 0x190E, 0x190E,
  0x190E, 0x190E, 0x190E, 0x190E, 0x190E, 0x190E, 0x190E, 0x18EE, 0x190E, 0x190E, 0x190E, 0x18EE,
  0x190E, 0x190E, 0x18EE, 0x190E, 0x190E, 0x190E, 0x190E, 0x190E, 0x190E, 0x190E, 0x08AD, 0x10CD,
  0x6B54, 0xDEFD, 0xFFFF, 0xFFFF, 0xFFFF, 0xFFFF, 0xFFFF, 0xFFFF, 0xFFFF, 0xFFFF, 0xFFFF, 0xFFFF,
  0xFFFF, 0xFFFF, 0xFFFF, 0xFFFF, 0xFFFF, 0xFFFF, 0xFFFF, 0xFFFF, 0xFFFF, 0xFFFF, 0xFE31, 0xFC40,
  0xFD60, 0xFE00, 0xFE60, 0xFEE5, 0xFFFF, 0xFFFF, 0xFFFF, 0xFFFF, 0xFFFF, 0xFFFF, 0xFFFF, 0xFFFF,
  0xFFFF, 0xFFFF, 0xFFFF, 0xFFFF, 0xFFFF, 0xFFFF, 0xFFFF, 0xFFFF, 0xFFFF, 0xFFFF, 0xFFFF, 0xFFFF,
  0xFFFF, 0xFFFF, 0xFFFF, 0xFFFF, 0xFFFF, 0xFFFF, 0xFFFF, 0xFFFF, 0xFFFF, 0xFFFF, 0xFFFF, 0xFFFF,
  0xFFFF, 0xFFFF, 0xFFFF, 0xFFFF, 0xFFFF, 0xFFFF, 0xFFFF, 0xFFFF, 0xFFFF, 0xFFFF, 0xFFFF, 0xFFFF,
  0xFFFF, 0xFFFF, 0xFFFF, 0xFFFF, 0xFFFF, 0xFFFF, 0xFFFF, 0xFFFF, 0xFFFF, 0xFFFF, 0xFFFF, 0xFFFF,
  0xFFFF, 0xFFFF, 0xFFFF, 0xFFFF, 0xFFFF, 0xFFFF, 0xFFFF, 0xFFFF, 0xFFFF, 0xFFFF, 0xFFFF, 0xFFFF,
  0xFFFF, 0xFFFF, 0xFFFF, 0xFFFF, 0xFFFF, 0xFFFF, 0xFFFF, 0xFFFF, 0xFFFF, 0xFFFF, 0xFFFF, 0xFFFF,
  0xFFFF, 0xFFFF, 0xFFFF, 0xFFFF, 0xFFFF, 0xFFFF, 0xFFFF, 0xFFFF, 0xFFFF, 0xFFFF, 0xFFFF, 0xFFFF,
  0xFFFF, 0xFFFF, 0xFFFF, 0xFFFF, 0xFFFF, 0xFFFF, 0xFFFF, 0xFFFF, 0xFFFF, 0xFFFF, 0xFFFF, 0xFFFF,
  0xFFFF, 0xFFFF, 0xFFFF, 0xFFFF, 0xFFFF, 0xFFFF, 0xFFFF, 0xFFFF, 0xFFFF, 0xFFFF, 0xFFFF, 0xFFFF,
  0xFFFF, 0xFFFF, 0xFFFF, 0xFFFF, 0xFFFF, 0xFFFF, 0xFFFF, 0xFFFF, 0xFFFF, 0xFFFF, 0xFFFF, 0xFFFF,
  0xFFFF, 0xFFFF, 0xFFFF, 0xFFFF, 0xFFFF, 0xFFFF, 0xFFFF, 0xFFFF, 0xFFFF, 0xFFFF, 0xFCE5, 0xFCC0,
  0xFDC0, 0xFE60, 0xFEA0, 0xFF94, 0xFFFF, 0xFFFF, 0xFFFF, 0xFFFF, 0xFFFF, 0xFFFF, 0xFFFF, 0xFFFF,
  0xFFFF, 0xFFFF, 0xFFFF, 0xFFFF, 0xFFFF, 0xFFFF, 0xFFFF, 0xFFFF, 0xFFFF, 0xFFFF, 0xFFFF, 0xFFFF,
  0xFFFF, 0xFFFF, 0xFFFF, 0xC61A, 0x52B2, 0x10CE, 0x10CE, 0x190E, 0x190E, 0x190E, 0x190E, 0x190E,
  0x190E, 0x190E, 0x190E, 0x190E, 0x190E, 0x190E, 0x190E, 0x190E, 0x18EE, 0x190E, 0x190E, 0x190E,
  0x190E, 0x190E, 0x190E, 0x190E, 0x190E, 0x190E, 0x190E, 0x190E, 0x190E, 0x190E, 0x190E, 0x190E,
  0x190E, 0x190E, 0x190E, 0x190E, 0x18EE, 0x190E, 0x190E, 0x18EE, 0x190E, 0x190E, 0x190E, 0x190E,
  0x190E, 0x190E, 0x190E, 0x18EE, 0x190E, 0x190E, 0x190E, 0x190E, 0x18EE, 0x18EE, 0x190E, 0x190E,
  0x190E, 0x190E, 0x190E, 0x190E, 0x08CF, 0x110F, 0x52D1, 0xC63A, 0xFFFF, 0xFFFF, 0xFFFF, 0xFFFF,
  0xFFFF, 0xFFFF, 0xFFFF, 0xFFFF, 0xFFFF, 0xFFFF, 0xFFFF, 0xFFFF, 0xFFFF, 0xFFFF, 0xFFFF, 0xFFFF,
  0xFFFF, 0xFFFF, 0xFFFF, 0xFFFF, 0xFFFF, 0xFFFF, 0xFF5A, 0xFC60, 0xFD00, 0xFDC0, 0xFE40, 0xFEA0,
  0xFFB9, 0xFFFF, 0xFFFF, 0xFFFF, 0xFFFF, 0xFFFF, 0xFFFF, 0xFFFF, 0xFFFF, 0xFFFF, 0xFFFF, 0xFFFF,
  0xFFFF, 0xFFFF, 0xFFFF, 0xFFFF, 0xFFFF, 0xFFFF, 0xFFFF, 0xFFFF, 0xFFFF, 0xFFFF, 0xFFFF, 0xFFFF,
  0xFFFF, 0xFFFF, 0xFFFF, 0xFFFF, 0xFFFF, 0xFFFF, 0xFFFF, 0xFFFF, 0xFFFF, 0xFFFF, 0xFFFF, 0xFFFF,
  0xFFFF, 0xFFFF, 0xFFFF, 0xFFFF, 0xFFFF, 0xFFFF, 0xFFFF, 0xFFFF, 0xFFFF, 0xFFFF, 0xFFFF, 0xFFFF,
  0xFFFF, 0xFFFF, 0xFFFF, 0xFFFF, 0xFFFF, 0xFFFF, 0xFFFF, 0xFFFF, 0xFFFF, 0xFFFF, 0xFFFF, 0xFFFF,
  0xFFFF, 0xFFFF, 0xFFFF, 0xFFFF, 0xFFFF, 0xFFFF, 0xFFFF, 0xFFFF, 0xFFFF, 0xFFFF, 0xFFFF, 0xFFFF,
  0xFFFF, 0xFFFF, 0xFFFF, 0xFFFF, 0xFFFF, 0xFFFF, 0xFFFF, 0xFFFF, 0xFFFF, 0xFFFF, 0xFFFF, 0xFFFF,
  0xFFFF, 0xFFFF, 0xFFFF, 0xFFFF, 0xFFFF, 0xFFFF, 0xFFFF, 0xFFFF, 0xFFFF, 0xFFFF, 0xFFFF, 0xFFFF,
  0xFFFF, 0xFFFF, 0xFFFF, 0xFFFF, 0xFFFF, 0xFFFF, 0xFFFF, 0xFFFF, 0xFFFF, 0xFFFF, 0xFFFF, 0xFFFF,
  0xFFFF, 0xFFFF, 0xFFFF, 0xFFFF, 0xFFFF, 0xFFFF, 0xFFFF, 0xFFFF, 0xFFFF, 0xFFFF, 0xFFFF, 0xFFFF,
  0xFFFF, 0xFFFF, 0xFFFF, 0xFFFF, 0xFFFF, 0xFFFF, 0xFFFF, 0xFFFF, 0xFFFF, 0xFFFF, 0xFFFF, 0xFFFF,
  0xFFFF, 0xFFFF, 0xFFFF, 0xFFFF, 0xFFFF, 0xFF39, 0xFC60, 0xFD20, 0xFDE0, 0xFE80, 0xFEC2, 0xFFDC,
  0xFFFF, 0xFFFF, 0xFFFF, 0xFFFF, 0xFFFF, 0xFFFF, 0xFFFF, 0xFFFF, 0xFFFF, 0xFFFF, 0xFFFF, 0xFFFF,
  0xFFFF, 0xFFFF, 0xFFFF, 0xFFFF, 0xFFFF, 0xFFFF, 0xFFFF, 0xFFFF, 0xFFFF, 0xFFFF, 0xFFFF, 0xFFFF,
  0xFF30, 0xBCC3, 0x5A4A, 0x10EE, 0x08AE, 0x18EE, 0x192E, 0x190E, 0x190E, 0x190E, 0x190E, 0x190E,
  0x190E, 0x190E, 0x190E, 0x190E, 0x190E, 0x18EE, 0x190E, 0x190E, 0x190E, 0x190E, 0x190E, 0x190E,
  0x190E, 0x190E, 0x190E, 0x190E, 0x190E, 0x190E, 0x190E, 0x190E, 0x190E, 0x190E, 0x190E, 0x190E,
  0x18EE, 0x190E, 0x190E, 0x18EE, 0x18EE, 0x190E, 0x190E, 0x190E, 0x190E, 0x190E, 0x190E, 0x190E,
  0x190E, 0x190E, 0x190E, 0x190E, 0x18EE, 0x18EE, 0x18EE, 0x190E, 0x192E, 0x18EE, 0x08AE, 0x110E,
  0x5A08, 0xBCAE, 0xFFFF, 0xFFFF, 0xFFDF, 0xFFFF, 0xFFFF, 0xFFFF, 0xFFFF, 0xFFFF, 0xFFFF, 0xFFFF,
  0xFFFF, 0xFFFF, 0xFFFF, 0xFFFF, 0xFFFF, 0xFFFF, 0xFFFF, 0xFFFF, 0xFFFF, 0xFFFF, 0xFFFF, 0xFFFF,
  0xFFFF, 0xFFFF, 0xFFFF, 0xFD07, 0xFCA0, 0xFDA0, 0xFE41, 0xFE80, 0xFF71, 0xFFFF, 0xFFFF, 0xFFFF,
  0xFFFF, 0xFFFF, 0xFFFF, 0xFFFF, 0xFFFF, 0xFFFF, 0xFFFF, 0xFFFF, 0xFFFF, 0xFFFF, 0xFFFF, 0xFFFF,
  0xFFFF, 0xFFFF, 0xFFFF, 0xFFFF, 0xFFFF, 0xFFFF, 0xFFFF, 0xFFFF, 0xFFFF, 0xFFFF, 0xFFFF, 0xFFFF,
  0xFFFF, 0xFFFF, 0xFFFF, 0xFFFF, 0xFFFF, 0xFFFF, 0xFFFF, 0xFFFF, 0xFFFF, 0xFFFF, 0xFFFF, 0xFFFF,
  0xFFFF, 0xFFFF, 0xFFFF, 0xFFFF, 0xFFFF, 0xFFFF, 0xFFFF, 0xFFFF, 0xFFFF, 0xFFFF, 0xFFFF, 0xFFFF,
  0xFFFF, 0xFFFF, 0xFFFF, 0xFFFF, 0xFFFF, 0xFFFF, 0xFFFF, 0xFFFF, 0xFFFF, 0xFFFF, 0xFFFF, 0xFFFF,
  0xFFFF, 0xFFFF, 0xFFFF, 0xFFFF, 0xFFFF, 0xFFFF, 0xFFFF, 0xFFFF, 0xFFFF, 0xFFFF, 0xFFFF, 0xFFFF,
  0xFFFF, 0xFFFF, 0xFFFF, 0xFFFF, 0xFFFF, 0xFFFF, 0xFFFF, 0xFFFF, 0xFFFF, 0xFFFF, 0xFFFF, 0xFFFF,
  0xFFFF, 0xFFFF, 0xFFFF, 0xFFFF, 0xFFFF, 0xFFFF, 0xFFFF, 0xFFFF, 0xFFFF, 0xFFFF, 0xFFFF, 0xFFFF,
  0xFFFF, 0xFFFF, 0xFFFF, 0xFFFF, 0xFFFF, 0xFFFF, 0xFFFF, 0xFFFF, 0xFFFF, 0xFFFF, 0xFFFF, 0xFFFF,
  0xFFFF, 0xFFFF, 0xFFFF, 0xFFFF, 0xFFFF, 0xFFFF, 0xFFFF, 0xFFFF, 0xFFFF, 0xFFFF, 0xFFFF, 0xFFFF,
  0xFFFF, 0xFFFF, 0xFFFF, 0xFFFF, 0xFFFF, 0xFFFF, 0xFFFF, 0xFFFF, 0xFFFF, 0xFFFF, 0xFFFF, 0xFFFF,
  0xFFFF, 0xFE51, 0xFC60, 0xFD80, 0xFE20, 0xFE80, 0xFF09, 0xFFFF, 0xFFFF, 0xFFFF, 0xFFFF, 0xFFFF,
  0xFFFF, 0xFFFF, 0xFFFF, 0xFFFF, 0xFFFF, 0xFFFF, 0xFFFF, 0xFFFF, 0xFFFF, 0xFFFF, 0xFFFF, 0xFFFF,
  0xFFFF, 0xFFFF, 0xFFFF, 0xFFFF, 0xFFFF, 0xFFFF, 0xFFFF, 0xF6EE, 0xFE60, 0xFE60, 0xFDA0, 0xC3A2,
  0x5AAF, 0x214F, 0x088D, 0x10CD, 0x190E, 0x212E, 0x190E, 0x190E, 0x190E, 0x190E, 0x190E, 0x190E,
  0x190E, 0x190E, 0x190E, 0x190E, 0x190E, 0x190E, 0x190E, 0x190E, 0x18EE, 0x190E, 0x190E, 0x190E,
  0x18EE, 0x190E, 0x190E, 0x190E, 0x190E, 0x190E, 0x190E, 0x190E, 0x18EE, 0x190E, 0x190E, 0x190E,
  0x18EE, 0x18EE, 0x190E, 0x190E, 0x190E, 0x190E, 0x190E, 0x190E, 0x190E, 0x190E, 0x18EE, 0x190E,
  0x190E, 0x190E, 0x18EE, 0x10AD, 0x08AE, 0x298F, 0x6B28, 0xCD03, 0xFD60, 0xFC80, 0xEDAE, 0xFFFF,
  0xFFFF, 0xFFFF, 0xFFFF, 0xFFFF, 0xFFFF, 0xFFFF, 0xFFFF, 0xFFFF, 0xFFFF, 0xFFFF, 0xFFFF, 0xFFFF,
  0xFFFF, 0xFFFF, 0xFFFF, 0xFFFF, 0xFFFF, 0xFFFF, 0xFFFF, 0xFFFF, 0xFFFF, 0xFFFF, 0xFFFF, 0xFE30,
  0xFC40, 0xFD40, 0xFE00, 0xFE80, 0xFF09, 0xFFFF, 0xFFFF, 0xFFFF, 0xFFFF, 0xFFFF, 0xFFFF, 0xFFFF,
  0xFFFF, 0xFFFF, 0xFFFF, 0xFFFF, 0xFFFF, 0xFFFF, 0xFFFF, 0xFFFF, 0xFFFF, 0xFFFF, 0xFFFF, 0xFFFF,
  0xFFFF, 0xFFFF, 0xFFFF, 0xFFFF, 0xFFFF, 0xFFFF, 0xFFFF, 0xFFFF, 0xFFFF, 0xFFFF, 0xFFFF, 0xFFFF,
  0xFFFF, 0xFFFF, 0xFFFF, 0xFFFF, 0xFFFF, 0xFFFF, 0xFFFF, 0xFFFF, 0xFFFF, 0xFFFF, 0xFFFF, 0xFFFF,
  0xFFFF, 0xFFFF, 0xFFFF, 0xFFFF, 0xFFFF, 0xFFFF, 0xFFFF, 0xFFFF, 0xFFFF, 0xFFFF, 0xFFFF, 0xFFFF,
  0xFFFF, 0xFFFF, 0xFFFF, 0xFFFF, 0xFFFF, 0xFFFF, 0xFFFF, 0xFFFF, 0xFFFF, 0xFFFF, 0xFFFF, 0xFFFF,
  0xFFFF, 0xFFFF, 0xFFFF, 0xFFFF, 0xFFFF, 0xFFFF, 0xFFFF, 0xFFFF, 0xFFFF, 0xFFFF, 0xFFFF, 0xFFFF,
  0xFFFF, 0xFFFF, 0xFFFF, 0xFFFF, 0xFFFF, 0xFFFF, 0xFFFF, 0xFFFF, 0xFFFF, 0xFFFF, 0xFFFF, 0xFFFF,
  0xFFFF, 0xFFFF, 0xFFFF, 0xFFFF, 0xFFFF, 0xFFFF, 0xFFFF, 0xFFFF, 0xFFFF, 0xFFFF, 0xFFFF, 0xFFFF,
  0xFFFF, 0xFFFF, 0xFFFF, 0xFFFF, 0xFFFF, 0xFFFF, 0xFFFF, 0xFFFF, 0xFFFF, 0xFFFF, 0xFFFF, 0xFFFF,
  0xFFFF, 0xFFFF, 0xFFFF, 0xFFFF, 0xFFFF, 0xFFFF, 0xFFFF, 0xFFFF, 0xFFFF, 0xFFFF, 0xFFFF, 0xFFFF,
  0xFFFF, 0xFFFF, 0xFFFF, 0xFFFF, 0xFFFF, 0xFFFF, 0xFFFF, 0xFFFF, 0xFFFF, 0xFD6A, 0xFCA0, 0xFDA0,
  0xFE40, 0xFE80, 0xFF72, 0xFFFF, 0xFFFF, 0xFFFF, 0xFFFF, 0xFFFF, 0xFFFF, 0xFFFF, 0xFFFF, 0xFFFF,
  0xFFFF, 0xFFFF, 0xFFFF, 0xFFFF, 0xFFFF, 0xFFFF, 0xFFFF, 0xFFFF, 0xFFFF, 0xFFFF, 0xFFFF, 0xFFFF,
  0xFFFF, 0xFFFF, 0xFF0D, 0xFE80, 0xFE41, 0xFD81, 0xF460, 0xFDCC, 0xFFFE, 0xDEFD, 0x94B7, 0x4A51,
  0x18EE, 0x088D, 0x10CD, 0x190E, 0x192E, 0x190E, 0x190E, 0x190E, 0x190E, 0x190E, 0x190E, 0x190E,
  0x190E, 0x190E, 0x190E, 0x190E, 0x18EE, 0x190E, 0x190E, 0x190E, 0x190E, 0x190E, 0x18EE, 0x190E,
  0x190E, 0x190E, 0x190E, 0x190E, 0x190E, 0x190E, 0x190E, 0x190E, 0x18EE, 0x190E, 0x18EE, 0x190E,
  0x190E, 0x18EE, 0x190E, 0x190E, 0x190E, 0x190E, 0x190E, 0x18EE, 0x10AD, 0x088D, 0x10ED, 0x52B2,
  0xAD59, 0xEF5D, 0xFF4F, 0xFE60, 0xFE00, 0xF540, 0xF460, 0xFDAC, 0xFFFF, 0xFFFF, 0xFFFF, 0xFFFF,
  0xFFFF, 0xFFFF, 0xFFFF, 0xFFFF, 0xFFFF, 0xFFFF, 0xFFFF, 0xFFFF, 0xFFFF, 0xFFFF, 0xFFFF, 0xFFFF,
  0xFFFF, 0xFFFF, 0xFFFF, 0xFFFF, 0xFFFF, 0xFFFF, 0xFFFF, 0xFF38, 0xFC40, 0xFD00, 0xFDE0, 0xFE60,
  0xFEC3, 0xFFDD, 0xFFFF, 0xFFFF, 0xFFFF, 0xFFFF, 0xFFFF, 0xFFFF, 0xFFFF, 0xFFFF, 0xFFFF, 0xFFFF,
  0xFFFF, 0xFFFF, 0xFFFF, 0xFFFF, 0xFFFF, 0xFFFF, 0xFFFF, 0xFFFF, 0xFFFF, 0xFFFF, 0xFFFF, 0xFFFF,
  0xFFFF, 0xFFFF, 0xFFFF, 0xFFFF, 0xFFFF, 0xFFFF, 0xFFFF, 0xFFFF, 0xFFFF, 0xFFFF, 0xFFFF, 0xFFFF,
  0xFFFF, 0xFFFF, 0xFFFF, 0xFFFF, 0xFFFF, 0xFFFF, 0xFFFF, 0xFFFF, 0xFFFF, 0xFFFF, 0xFFFF, 0xFFFF,
  0xFFFF, 0xFFFF, 0xFFFF, 0xFFFF, 0xFFFF, 0xFFFF, 0xFFFF, 0xFFFF, 0xFFFF, 0xFFFF, 0xFFFF, 0xFFFF,
  0xFFFF, 0xFFFF, 0xFFFF, 0xFFFF, 0xFFFF, 0xFFFF, 0xFFFF, 0xFFFF, 0xFFFF, 0xFFFF, 0xFFFF, 0xFFFF,
  0xFFFF, 0xFFFF, 0xFFFF, 0xFFFF, 0xFFFF, 0xFFFF, 0xFFFF, 0xFFFF, 0xFFFF, 0xFFFF, 0xFFFF, 0xFFFF,
  0xFFFF, 0xFFFF, 0xFFFF, 0xFFFF, 0xFFFF, 0xFFFF, 0xFFFF, 0xFFFF, 0xFFFF, 0xFFFF, 0xFFFF, 0xFFFF,
  0xFFFF, 0xFFFF, 0xFFFF, 0xFFFF, 0xFFFF, 0xFFFF, 0xFFFF, 0xFFFF, 0xFFFF, 0xFFFF, 0xFFFF, 0xFFFF,
  0xFFFF, 0xFFFF, 0xFFFF, 0xFFFF, 0xFFFF, 0xFFFF, 0xFFFF, 0xFFFF, 0xFFFF, 0xFFFF, 0xFFFF, 0xFFFF,
  0xFFFF, 0xFFFF, 0xFFFF, 0xFFFF, 0xFFFF, 0xFFFF, 0xFFFF, 0xFFFF, 0xFFFF, 0xFFFF, 0xFFFF, 0xFFFF,
  0xFFFF, 0xFFFF, 0xFFFF, 0xFFFF, 0xFFDE, 0xFCC4, 0xFD00, 0xFDC0, 0xFE60, 0xFEA0, 0xFFB9, 0xFFFF,
  0xFFFF, 0xFFFF, 0xFFFF, 0xFFFF, 0xFFFF, 0xFFFF, 0xFFFF, 0xFFFF, 0xFFFF, 0xFFFF, 0xFFFF, 0xFFFF,
  0xFFFF, 0xFFFF, 0xFFFF, 0xFFFF, 0xFFFF, 0xFFFF, 0xFFFF, 0xFFFF, 0xFFDE, 0xFEEA, 0xFE60, 0xFE21,
  0xFD80, 0xFC80, 0xF5EF, 0xFFFF, 0xFFFF, 0xFFFF, 0xFFFF, 0xFFFF, 0xCE5B, 0x7BF5, 0x39F0, 0x18EE,
  0x088D, 0x10AD, 0x18EE, 0x190E, 0x192E, 0x190E, 0x190E, 0x190E, 0x190E, 0x190E, 0x190E, 0x18EE,
  0x190E, 0x190E, 0x190E, 0x190E, 0x190E, 0x18EE, 0x190E, 0x190E, 0x190E, 0x190E, 0x190E, 0x190E,
  0x190E, 0x190E, 0x190E, 0x190E, 0x190E, 0x190E, 0x190E, 0x190E, 0x190E, 0x190E, 0x190E, 0x190E,
  0x10CD, 0x088D, 0x088D, 0x190E, 0x4251, 0x8C76, 0xCE9C, 0xFFFF, 0xFFFF, 0xFFFF, 0xFFFF, 0xF753,
  0xFE80, 0xFE20, 0xFD81, 0xFCA0, 0xFD8A, 0xFFDE, 0xFFFF, 0xFFFF, 0xFFFF, 0xFFFF, 0xFFFF, 0xFFFF,
  0xFFFF, 0xFFFF, 0xFFFF, 0xFFFF, 0xFFFF, 0xFFFF, 0xFFFF, 0xFFFF, 0xFFFF, 0xFFFF, 0xFFFF, 0xFFFF,
  0xFFFF, 0xFFFF, 0xFFFF, 0xFFDE, 0xFCC4, 0xFCC0, 0xFDA0, 0xFE40, 0xFE80, 0xFFB8, 0xFFFF, 0xFFFF,
  0xFFFF, 0xFFFF, 0xFFFF, 0xFFFF, 0xFFFF, 0xFFFF, 0xFFFF, 0xFFFF, 0xFFFF, 0xFFFF, 0xFFFF, 0xFFFF,
  0xFFFF, 0xFFFF, 0xFFFF, 0xFFFF, 0xFFFF, 0xFFFF, 0xFFFF, 0xFFFF, 0xFFFF, 0xFFFF, 0xFFFF, 0xFFFF,
  0xFFFF, 0xFFFF, 0xFFFF, 0xFFFF, 0xFFFF, 0xFFFF, 0xFFFF, 0xFFFF, 0xFFFF, 0xFFFF, 0xFFFF, 0xFFFF,
  0xFFFF, 0xFFFF, 0xFFFF, 0xFFFF, 0xFFFF, 0xFFFF, 0xFFFF, 0xFFFF, 0xFFFF, 0xFFFF, 0xFFFF, 0xFFFF,
  0xFFFF, 0xFFFF, 0xFFFF, 0xFFFF, 0xFFFF, 0xFFFF, 0xFFFF, 0xFFFF, 0xFFFF, 0xFFFF, 0xFFFF, 0xFFFF,
  0xFFFF, 0xFFFF, 0xFFFF, 0xFFFF, 0xFFFF, 0xFFFF, 0xFFFF, 0xFFFF, 0xFFFF, 0xFFFF, 0xFFFF, 0xFFFF,
  0xFFFF, 0xFFFF, 0xFFFF, 0xFFFF, 0xFFFF, 0xFFFF, 0xFFFF, 0xFFFF, 0xFFFF, 0xFFFF, 0xFFFF, 0xFFFF,
  0xFFFF, 0xFFFF, 0xFFFF, 0xFFFF, 0xFFFF, 0xFFFF, 0xFFFF, 0xFFFF, 0xFFFF, 0xFFFF, 0xFFFF, 0xFFFF,
  0xFFFF, 0xFFFF, 0xFFFF, 0xFFFF, 0xFFFF, 0xFFFF, 0xFFFF, 0xFFFF, 0xFFFF, 0xFFFF, 0xFFFF, 0xFFFF,
  0xFFFF, 0xFFFF, 0xFFFF, 0xFFFF, 0xFFFF, 0xFFFF, 0xFFFF, 0xFFFF, 0xFFFF, 0xFFFF, 0xFFFF, 0xFFFF,
  0xFFFF, 0xFFFF, 0xFFFF, 0xFFFF, 0xFFFF, 0xFFFF, 0xFFFF, 0xFFFF, 0xFFFF, 0xFFFF, 0xFFFF, 0xFFFF,
  0xFF38, 0xFC60, 0xFD40, 0xFE00, 0xFE80, 0xFEC4, 0xFFFE, 0xFFFF, 0xFFFF, 0xFFFF, 0xFFFF, 0xFFFF,
  0xFFFF, 0xFFFF, 0xFFFF, 0xFFFF, 0xFFFF, 0xFFFF, 0xFFFF, 0xFFFF, 0xFFFF, 0xFFFF, 0xFFFF, 0xFFFF,
  0xFFFF, 0xFFFF, 0xFFFF, 0xFFBA, 0xFEC5, 0xFE40, 0xFDE1, 0xFD40, 0xFC80, 0xFE51, 0xFFFF, 0xFFFF,
  0xFFFF, 0xFFFF, 0xFFFF, 0xFFFF, 0xFFFF, 0xFFFF, 0xFFDF, 0xCE7B, 0x8C97, 0x52D2, 0x296F, 0x10AD,
  0x088D, 0x08AD, 0x10CD, 0x18EE, 0x190E, 0x192E, 0x192E, 0x190E, 0x190E, 0x190E, 0x190E, 0x190E,
  0x190E, 0x190E, 0x190E, 0x190E, 0x190E, 0x190E, 0x190E, 0x190E, 0x190E, 0x190E, 0x190E, 0x190E,
  0x192E, 0x190E, 0x190E, 0x18EE, 0x10CD, 0x088D, 0x088D, 0x10AD, 0x296F, 0x5AF3, 0x9CF8, 0xDEDC,
  0xFFFF, 0xFFFF, 0xFFFF, 0xFFFF, 0xFFFF, 0xFFFF, 0xFFFF, 0xFFFF, 0xFF74, 0xFE80, 0xFE20, 0xFDC1,
  0xFCC0, 0xFD25, 0xFF5A, 0xFFFF, 0xFFFF, 0xFFFF, 0xFFFF, 0xFFFF, 0xFFFF, 0xFFFF, 0xFFFF, 0xFFFF,
  0xFFFF, 0xFFFF, 0xFFFF, 0xFFFF, 0xFFFF, 0xFFFF, 0xFFFF, 0xFFFF, 0xFFFF, 0xFFFF, 0xFFFF, 0xFFFF,
  0xFD8B, 0xFC80, 0xFDA0, 0xFE20, 0xFE60, 0xFF52, 0xFFFF, 0xFFFF, 0xFFFF, 0xFFFF, 0xFFFF, 0xFFFF,
  0xFFFF, 0xFFFF, 0xFFFF, 0xFFFF, 0xFFFF, 0xFFFF, 0xFFFF, 0xFFFF, 0xFFFF, 0xFFFF, 0xFFFF, 0xFFFF,
  0xFFFF, 0xFFFF, 0xFFFF, 0xFFFF, 0xFFFF, 0xFFFF, 0xFFFF, 0xFFFF, 0xFFFF, 0xFFFF, 0xFFFF, 0xFFFF,
  0xFFFF, 0xFFFF, 0xFFFF, 0xFFFF, 0xFFFF, 0xFFFF, 0xFFFF, 0xFFFF, 0xFFFF, 0xFFFF, 0xFFFF, 0xFFFF,
  0xFFFF, 0xFFFF, 0xFFFF, 0xFFFF, 0xFFFF, 0xFFFF, 0xFFFF, 0xFFFF, 0xFFFF, 0xFFFF, 0xFFFF, 0xFFFF,
  0xFFFF, 0xFFFF, 0xFFFF, 0xFFFF, 0xFFFF, 0xFFFF, 0xFFFF, 0xFFFF, 0xFFFF, 0xFFFF, 0xFFFF, 0xFFFF,
  0xFFFF, 0xFFFF, 0xFFFF, 0xFFFF, 0xFFFF, 0xFFFF, 0xFFFF, 0xFFFF, 0xFFFF, 0xFFFF, 0xFFFF, 0xFFFF,
  0xFFFF, 0xFFFF, 0xFFFF, 0xFFFF, 0xFFFF, 0xFFFF, 0xFFFF, 0xFFFF, 0xFFFF, 0xFFFF, 0xFFFF, 0xFFFF,
  0xFFFF, 0xFFFF, 0xFFFF, 0xFFFF, 0xFFFF, 0xFFFF, 0xFFFF, 0xFFFF, 0xFFFF, 0xFFFF, 0xFFFF, 0xFFFF,
  0xFFFF, 0xFFFF, 0xFFFF, 0xFFFF, 0xFFFF, 0xFFFF, 0xFFFF, 0xFFFF, 0xFFFF, 0xFFFF, 0xFFFF, 0xFFFF,
  0xFFFF, 0xFFFF, 0xFFFF, 0xFFFF, 0xFFFF, 0xFFFF, 0xFFFF, 0xFFFF, 0xFFFF, 0xFFFF, 0xFFFF, 0xFFFF,
  0xFFFF, 0xFFFF, 0xFFFF, 0xFFFF, 0xFFFF, 0xFFFF, 0xFFFF, 0xFFFF, 0xFE73, 0xFC60, 0xFD60, 0xFE20,
  0xFE80, 0xFF0A, 0xFFFF, 0xFFFF, 0xFFFF, 0xFFFF, 0xFFFF, 0xFFFF, 0xFFFF, 0xFFFF, 0xFFFF, 0xFFFF,
  0xFFFF, 0xFFFF, 0xFFFF, 0xFFFF, 0xFFFF, 0xFFFF, 0xFFFF, 0xFFFF, 0xFFFF, 0xFFFF, 0xFF97, 0xFEA2,
  0xFE60, 0xFDE1, 0xFD20, 0xFC80, 0xFE73, 0xFFFF, 0xFFFF, 0xFFFF, 0xFFFF, 0xFFFF, 0xFFFF, 0xFFFF,
  0xFFFF, 0xFFFF, 0xFFFF, 0xFFFF, 0xFFFF, 0xFFFF, 0xEF5E, 0xBDFA, 0x8456, 0x5AF3, 0x39F0, 0x192E,
  0x10AD, 0x088D, 0x088D, 0x088D, 0x10AD, 0x10CD, 0x10CE, 0x18EE, 0x18EE, 0x190E, 0x190E, 0x190E,
  0x190E, 0x190E, 0x18EE, 0x18EE, 0x10CE, 0x10CE, 0x10CD, 0x10AD, 0x088D, 0x088D, 0x10CD, 0x212E,
  0x39F0, 0x5AF3, 0x8C77, 0xC61B, 0xEF7E, 0xFFFF, 0xFFFF, 0xFFFF, 0xFFFF, 0xFFFF, 0xFFFF, 0xFFFF,
  0xFFFF, 0xFFFF, 0xFFFF, 0xFFFF, 0xFFFF, 0xFF76, 0xFE81, 0xFE40, 0xFDE1, 0xFD00, 0xFCC2, 0xFEF6,
  0xFFFF, 0xFFFF, 0xFFFF, 0xFFFF, 0xFFFF, 0xFFFF, 0xFFFF, 0xFFFF, 0xFFFF, 0xFFFF, 0xFFFF, 0xFFFF,
  0xFFFF, 0xFFFF, 0xFFFF, 0xFFFF, 0xFFFF, 0xFFFF, 0xFFFF, 0xFFFF, 0xFE72, 0xFC60, 0xFD60, 0xFE00,
  0xFE60, 0xFF0C, 0xFFFF, 0xFFFF, 0xFFFF, 0xFFFF, 0xFFFF, 0xFFFF, 0xFFFF, 0xFFFF, 0xFFFF, 0xFFFF,
  0xFFFF, 0xFFFF, 0xFFFF, 0xFFFF, 0xFFFF, 0xFFFF, 0xFFFF, 0xFFFF, 0xFFFF, 0xFFFF, 0xFFFF, 0xFFFF,
  0xFFFF, 0xFFFF, 0xFFFF, 0xFFFF, 0xFFFF, 0xFFFF, 0xFFFF, 0xFFFF, 0xFFFF, 0xFFFF, 0xFFFF, 0xFFFF,
  0xFFFF, 0xFFFF, 0xFFFF, 0xFFFF, 0xFFFF, 0xFFFF, 0xFFFF, 0xFFFF, 0xFFFF, 0xFFFF, 0xFFFF, 0xFFFF,
  0xFFFF, 0xFFFF, 0xFFFF, 0xFFFF, 0xFFFF, 0xFFFF, 0xFFFF, 0xFFFF, 0xFFFF, 0xFFFF, 0xFFFF, 0xFFFF,
  0xFFFF, 0xFFFF, 0xFFFF, 0xFFFF, 0xFFFF, 0xFFFF, 0xFFFF, 0xFFFF, 0xFFFF, 0xFFFF, 0xFFFF, 0xFFFF,
  0xFFFF, 0xFFFF, 0xFFFF, 0xFFFF, 0xFFFF, 0xFFFF, 0xFFFF, 0xFFFF, 0xFFFF, 0xFFFF, 0xFFFF, 0xFFFF,
  0xFFFF, 0xFFFF, 0xFFFF, 0xFFFF, 0xFFFF, 0xFFFF, 0xFFFF, 0xFFFF, 0xFFFF, 0xFFFF, 0xFFFF, 0xFFFF,
  0xFFFF, 0xFFFF, 0xFFFF, 0xFFFF, 0xFFFF, 0xFFFF, 0xFFFF, 0xFFFF, 0xFFFF, 0xFFFF, 0xFFFF, 0xFFFF,
  0xFFFF, 0xFFFF, 0xFFFF, 0xFFFF, 0xFFFF, 0xFFFF, 0xFFFF, 0xFFFF, 0xFFFF, 0xFFFF, 0xFFFF, 0xFFFF,
  0xFFFF, 0xFFFF, 0xFFFF, 0xFFFF, 0xFFFF, 0xFFFF, 0xFFFF, 0xFFFF, 0xFFFF, 0xFFFF, 0xFFFF, 0xFFFF,
  0xFFFF, 0xFFFF, 0xFFFF, 0xFFFF, 0xFDEE, 0xFC60, 0xFD80, 0xFE40, 0xFE80, 0xFF50, 0xFFFF, 0xFFFF,
  0xFFFF, 0xFFFF, 0xFFFF, 0xFFFF, 0xFFFF, 0xFFFF, 0xFFFF, 0xFFFF, 0xFFFF, 0xFFFF, 0xFFFF, 0xFFFF,
  0xFFFF, 0xFFFF, 0xFFFF, 0xFFFF, 0xFFFF, 0xFF52, 0xFE81, 0xFE40, 0xFDC1, 0xFD00, 0xFCA1, 0xFED4,
  0xFFFF, 0xFFFF, 0xFFFF, 0xFFFF, 0xFFFF, 0xFFFF, 0xFFFF, 0xFFFF, 0xFFFF, 0xFFFF, 0xFFFF, 0xFFFF,
  0xFFFF, 0xFFFF, 0xFFFF, 0xFFFF, 0xFFFF, 0xFFFF, 0xF7BF, 0xDEFD, 0xBDDA, 0x9D18, 0x7C16, 0x6334,
  0x4A72, 0x39F1, 0x29B0, 0x214F, 0x192E, 0x190E, 0x10EE, 0x10ED, 0x18EE, 0x18EE, 0x190E, 0x214F,
  0x2990, 0x31D0, 0x4A72, 0x6334, 0x8416, 0x9D18, 0xBE1A, 0xDEFD, 0xF7BF, 0xFFFF, 0xFFFF, 0xFFFF,
  0xFFFF, 0xFFFF, 0xFFFF, 0xFFFF, 0xFFFF, 0xFFFF, 0xFFFF, 0xFFFF, 0xFFFF, 0xFFFF, 0xFFFF, 0xFFFF,
  0xFFFF, 0xFFFF, 0xFFB8, 0xFEA3, 0xFE60, 0xFE01, 0xFD60, 0xFCC0, 0xFE93, 0xFFFF, 0xFFFF, 0xFFFF,
  0xFFFF, 0xFFFF, 0xFFFF, 0xFFFF, 0xFFFF, 0xFFFF, 0xFFFF, 0xFFFF, 0xFFFF, 0xFFFF, 0xFFFF, 0xFFFF,
  0xFFFF, 0xFFFF, 0xFFFF, 0xFFFF, 0xFF38, 0xFC60, 0xFD20, 0xFE00, 0xFE60, 0xFEE8, 0xFFFF, 0xFFFF,
  0xFFFF, 0xFFFF, 0xFFFF, 0xFFFF, 0xFFFF, 0xFFFF, 0xFFFF, 0xFFFF, 0xFFFF, 0xFFFF, 0xFFFF, 0xFFFF,
  0xFFFF, 0xFFFF, 0xFFFF, 0xFFFF, 0xFFFF, 0xFFFF, 0xFFFF, 0xFFFF, 0xFFFF, 0xFFFF, 0xFFFF, 0xFFFF,
  0xFFFF, 0xFFFF, 0xFFFF, 0xFFFF, 0xFFFF, 0xFFFF, 0xFFFF, 0xFFFF, 0xFFFF, 0xFFFF, 0xFFFF, 0xFFFF,
  0xFFFF, 0xFFFF, 0xFFFF, 0xFFFF, 0xFFFF, 0xFFFF, 0xFFFF, 0xFFFF, 0xFFFF, 0xFFFF, 0xFFFF, 0xFFFF,
  0xFFFF, 0xFFFF, 0xFFFF, 0xFFFF, 0xFFFF, 0xFFFF, 0xFFFF, 0xFFFF, 0xFFFF, 0xFFFF, 0xFFFF, 0xFFFF,
  0xFFFF, 0xFFFF, 0xFFFF, 0xFFFF, 0xFFFF, 0xFFFF, 0xFFFF, 0xFFFF, 0xFFFF, 0xFFFF, 0xFFFF, 0xFFFF,
  0xFFFF, 0xFFFF, 0xFFFF, 0xFFFF, 0xFFFF, 0xFFFF, 0xFFFF, 0xFFFF, 0xFFFF, 0xFFFF, 0xFFFF, 0xFFFF,
  0xFFFF, 0xFFFF, 0xFFFF, 0xFFFF, 0xFFFF, 0xFFFF, 0xFFFF, 0xFFFF, 0xFFFF, 0xFFFF, 0xFFFF, 0xFFFF,
  0xFFFF, 0xFFFF, 0xFFFF, 0xFFFF, 0xFFFF, 0xFFFF, 0xFFFF, 0xFFFF, 0xFFFF, 0xFFFF, 0xFFFF, 0xFFFF,
  0xFFFF, 0xFFFF, 0xFFFF, 0xFFFF, 0xFFFF, 0xFFFF, 0xFFFF, 0xFFFF, 0xFFFF, 0xFFFF, 0xFFFF, 0xFFFF,
  0xFFFF, 0xFFFF, 0xFFFF, 0xFFFF, 0xFFFF, 0xFFFF, 0xFFFF, 0xFFFF, 0xFFFF, 0xFFFF, 0xFFFF, 0xFFFF,
  0xFD8B, 0xFC80, 0xFDA0, 0xFE40, 0xFE80, 0xFF96, 0xFFFF, 0xFFFF, 0xFFFF, 0xFFFF, 0xFFFF, 0xFFFF,
  0xFFFF, 0xFFFF, 0xFFFF, 0xFFFF, 0xFFFF, 0xFFFF, 0xFFFF, 0xFFFF, 0xFFFF, 0xFFFF, 0xFFFF, 0xFFFE,
  0xFF0C, 0xFE60, 0xFE20, 0xFDA1, 0xFCC0, 0xFCE3, 0xFF17, 0xFFFF, 0xFFFF, 0xFFFF, 0xFFFF, 0xFFFF,
  0xFFFF, 0xFFFF, 0xFFFF, 0xFFFF, 0xFFFF, 0xFFFF, 0xFFFF, 0xFFFF, 0xFFFF, 0xFFFF, 0xFFFF, 0xFFFF,
  0xFFFF, 0xFFFF, 0xFFFF, 0xFFFF, 0xFFFF, 0xFFFF, 0xFFFF, 0xFFFF, 0xFFFF, 0xFFDF, 0xEF9E, 0xE73D,
  0xDEFD, 0xD6BC, 0xCE7B, 0xCE7B, 0xCE9C, 0xD6BC, 0xDEDD, 0xE73D, 0xEF7E, 0xF7BF, 0xFFFF, 0xFFFF,
  0xFFFF, 0xFFFF, 0xFFFF, 0xFFFF, 0xFFFF, 0xFFFF, 0xFFFF, 0xFFFF, 0xFFFF, 0xFFFF, 0xFFFF, 0xFFFF,
  0xFFFF, 0xFFFF, 0xFFFF, 0xFFFF, 0xFFFF, 0xFFFF, 0xFFFF, 0xFFFF, 0xFFFF, 0xFFFF, 0xFFFF, 0xFFBA,
  0xFEC5, 0xFE60, 0xFE21, 0xFD80, 0xFCA0, 0xFDCC, 0xFFDD, 0xFFFF, 0xFFFF, 0xFFFF, 0xFFFF, 0xFFFF,
  0xFFFF, 0xFFFF, 0xFFFF, 0xFFFF, 0xFFFF, 0xFFFF, 0xFFFF, 0xFFFF, 0xFFFF, 0xFFFF, 0xFFFF, 0xFFFF,
  0xFFBD, 0xFCA3, 0xFCE0, 0xFDE0, 0xFE60, 0xFEC5, 0xFFDE, 0xFFFF, 0xFFFF, 0xFFFF, 0xFFFF, 0xFFFF,
  0xFFFF, 0xFFFF, 0xFFFF, 0xFFFF, 0xFFFF, 0xFFFF, 0xFFFF, 0xFFFF, 0xFFFF, 0xFFFF, 0xFFFF, 0xFFFF,
  0xFFFF, 0xFFFF, 0xFFFF, 0xFFFF, 0xFFFF, 0xFFFF, 0xFFFF, 0xFFFF, 0xFFFF, 0xFFFF, 0xFFFF, 0xFFFF,
  0xFFFF, 0xFFFF, 0xFFFF, 0xFFFF, 0xFFFF, 0xFFFF, 0xFFFF, 0xFFFF, 0xFFFF, 0xFFFF, 0xFFFF, 0xFFFF,
  0xFFFF, 0xFFFF, 0xFFFF, 0xFFFF, 0xFFFF, 0xFFFF, 0xFFFF, 0xFFFF, 0xFFFF, 0xFFFF, 0xFFFF, 0xFFFF,
  0xFFFF, 0xFFFF, 0xFFFF, 0xFFFF, 0xFFFF, 0xFFFF, 0xFFFF, 0xFFFF, 0xFFFF, 0xFFFF, 0xFFFF, 0xFFFF,
  0xFFFF, 0xFFFF, 0xFFFF, 0xFFFF, 0xFFFF, 0xFFFF, 0xFFFF, 0xFFFF, 0xFFFF, 0xFFFF, 0xFFFF, 0xFFFF,
  0xFFFF, 0xFFFF, 0xFFFF, 0xFFFF, 0xFFFF, 0xFFFF, 0xFFFF, 0xFFFF, 0xFFFF, 0xFFFF, 0xFFFF, 0xFFFF,
  0xFFFF, 0xFFFF, 0xFFFF, 0xFFFF, 0xFFFF, 0xFFFF, 0xFFFF, 0xFFFF, 0xFFFF, 0xFFFF, 0xFFFF, 0xFFFF,
  0xFFFF, 0xFFFF, 0xFFFF, 0xFFFF, 0xFFFF, 0xFFFF, 0xFFFF, 0xFFFF, 0xFFFF, 0xFFFF, 0xFFFF, 0xFFFF,
  0xFFFF, 0xFFFF, 0xFFFF, 0xFFFF, 0xFFFF, 0xFFFF, 0xFFFF, 0xFFFF, 0xFFFF, 0xFFFF, 0xFFFF, 0xFFFF,
  0xFFFF, 0xFFFF, 0xFFFF, 0xFFFF, 0xFFFF, 0xFFFF, 0xFFFF, 0xFFFF, 0xFD48, 0xFCC0, 0xFDE0, 0xFE60,
  0xFEA1, 0xFFBA, 0xFFFF, 0xFFFF, 0xFFFF, 0xFFFF, 0xFFFF, 0xFFFF, 0xFFFF, 0xFFFF, 0xFFFF, 0xFFFF,
  0xFFFF, 0xFFFF, 0xFFFF, 0xFFFF, 0xFFFF, 0xFFFF, 0xFFBA, 0xFEE6, 0xFE60, 0xFE00, 0xFD61, 0xFCA0,
  0xFD68, 0xFF9C, 0xFFFF, 0xFFFF, 0xFFFF, 0xFFFF, 0xFFFF, 0xFFFF, 0xFFFF, 0xFFFF, 0xFFFF, 0xFFFF,
  0xFFFF, 0xFFFF, 0xFFFF, 0xFFFF, 0xFFFF, 0xFFFF, 0xFFFF, 0xFFFF, 0xFFFF, 0xFFFF, 0xFFFF, 0xFFFF,
  0xFFFF, 0xFFFF, 0xFFFF, 0xFFFF, 0xFFFF, 0xFFFF, 0xFFFF, 0xFFFF, 0xFFFF, 0xFFFF, 0xFFFF, 0xFFFF,
  0xFFFF, 0xFFFF, 0xFFFF, 0xFFFF, 0xFFFF, 0xFFFF, 0xFFFF, 0xFFFF, 0xFFFF, 0xFFFF, 0xFFFF, 0xFFFF,
  0xFFFF, 0xFFFF, 0xFFFF, 0xFFFF, 0xFFFF, 0xFFFF, 0xFFFF, 0xFFFF, 0xFFFF, 0xFFFF, 0xFFFF, 0xFFFF,
  0xFFFF, 0xFFFF, 0xFFFF, 0xFFFF, 0xFFFF, 0xFFFF, 0xFFFF, 0xFFFF, 0xFFDD, 0xFEE9, 0xFE60, 0xFE20,
  0xFD81, 0xFCC0, 0xFD25, 0xFF59, 0xFFFF, 0xFFFF, 0xFFFF, 0xFFFF, 0xFFFF, 0xFFFF, 0xFFFF, 0xFFFF,
  0xFFFF, 0xFFFF, 0xFFFF, 0xFFFF, 0xFFFF, 0xFFFF, 0xFFFF, 0xFFFF, 0xFFFF, 0xFD06, 0xFCC0, 0xFDC0,
  0xFE60, 0xFEC2, 0xFFDC, 0xFFFF, 0xFFFF, 0xFFFF, 0xFFFF, 0xFFFF, 0xFFFF, 0xFFFF, 0xFFFF, 0xFFFF,
  0xFFFF, 0xFFFF, 0xFFFF, 0xFFFF, 0xFFFF, 0xFFFF, 0xFFFF, 0xFFFF, 0xFFFF, 0xFFFF, 0xFFFF, 0xFFFF,
  0xFFFF, 0xFFFF, 0xFFFF, 0xFFFF, 0xFFFF, 0xFFFF, 0xFFFF, 0xFFFF, 0xFFFF, 0xFFFF, 0xFFFF, 0xFFFF,
  0xFFFF, 0xFFFF, 0xFFFF, 0xFFFF, 0xFFFF, 0xFFFF, 0xFFFF, 0xFFFF, 0xFFFF, 0xFFFF, 0xFFFF, 0xFFFF,
  0xFFFF, 0xFFFF, 0xFFFF, 0xFFFF, 0xFFFF, 0xFFFF, 0xFFFF, 0xFFFF, 0xFFFF, 0xFFFF, 0xFFFF, 0xFFFF,
  0xFFFF, 0xFFFF, 0xFFFF, 0xFFFF, 0xFFFF, 0xFFFF, 0xFFFF, 0xFFFF, 0xFFFF, 0xFFFF, 0xFFFF, 0xFFFF,
  0xFFFF, 0xFFFF, 0xFFFF, 0xFFFF, 0xFFFF, 0xFFFF, 0xFFFF, 0xFFFF, 0xFFFF, 0xFFFF, 0xFFFF, 0xFFFF,
  0xFFFF, 0xFFFF, 0xFFFF, 0xFFFF, 0xFFFF, 0xFFFF, 0xFFFF, 0xFFFF, 0xFFFF, 0xFFFF, 0xFFFF, 0xFFFF,
  0xFFFF, 0xFFFF, 0xFFFF, 0xFFFF, 0xFFFF, 0xFFFF, 0xFFFF, 0xFFFF, 0xFFFF, 0xFFFF, 0xFFFF, 0xFFFF,
  0xFFFF, 0xFFFF, 0xFFFF, 0xFFFF, 0xFFFF, 0xFFFF, 0xFFFF, 0xFFFF, 0xFFFF, 0xFFFF, 0xFFFF, 0xFFFF,
  0xFFFF, 0xFFFF, 0xFFFF, 0xFFFF, 0xFFFF, 0xFFFF, 0xFFFF, 0xFFFF, 0xFFFF, 0xFFFF, 0xFFFF, 0xFFFF,
  0xFFFF, 0xFFFF, 0xFFFF, 0xFFFF, 0xFD47, 0xFD00, 0xFE01, 0xFE80, 0xFEC3, 0xFFDD, 0xFFFF, 0xFFFF,
  0xFFFF, 0xFFFF, 0xFFFF, 0xFFFF, 0xFFFF, 0xFFFF, 0xFFFF, 0xFFFF, 0xFFFF, 0xFFFF, 0xFFFF, 0xFFFF,
  0xFFFF, 0xFF73, 0xFEA2, 0xFE60, 0xFE01, 0xFD40, 0xFC60, 0xFDAC, 0xFFFF, 0xFFFF, 0xFFFF, 0xFFFF,
  0xFFFF, 0xFFFF, 0xFFFF, 0xFFFF, 0xFFFF, 0xFFFF, 0xFFFF, 0xFFFF, 0xFFFF, 0xFFFF, 0xFFFF, 0xFFFF,
  0xFFFF, 0xFFFF, 0xFFFF, 0xFFFF, 0xFFFF, 0xFFFF, 0xFFFF, 0xFFFF, 0xFFFF, 0xFFFF, 0xFFFF, 0xFFFF,
  0xFFFF, 0xFFFF, 0xFFFF, 0xFFFF, 0xFFFF, 0xFFFF, 0xFFFF, 0xFFFF, 0xFFFF, 0xFFFF, 0xFFFF, 0xFFFF,
  0xFFFF, 0xFFFF, 0xFFFF, 0xFFFF, 0xFFFF, 0xFFFF, 0xFFFF, 0xFFFF, 0xFFFF, 0xFFFF, 0xFFFF, 0xFFFF,
  0xFFFF, 0xFFFF, 0xFFFF, 0xFFFF, 0xFFFF, 0xFFFF, 0xFFFF, 0xFFFF, 0xFFFF, 0xFFFF, 0xFFFF, 0xFFFF,
  0xFFFF, 0xFFFF, 0xFFFF, 0xFFFF, 0xFFFF, 0xFFFF, 0xFF0E, 0xFE60, 0xFE40, 0xFDE1, 0xFD20, 0xFCC1,
  0xFE93, 0xFFFF, 0xFFFF, 0xFFFF, 0xFFFF, 0xFFFF, 0xFFFF, 0xFFFF, 0xFFFF, 0xFFFF, 0xFFFF, 0xFFFF,
  0xFFFF, 0xFFFF, 0xFFFF, 0xFFFF, 0xFFFF, 0xFD6A, 0xFC80, 0xFDC0, 0xFE40, 0xFEA1, 0xFFBB, 0xFFFF,
  0xFFFF, 0xFFFF, 0xFFFF, 0xFFFF, 0xFFFF, 0xFFFF, 0xFFFF, 0xFFFF, 0xFFFF, 0xFFFF, 0xFFFF, 0xFFFF,
  0xFFFF, 0xFFFF, 0xFFFF, 0xFFFF, 0xFFFF, 0xFFFF, 0xFFFF, 0xFFFF, 0xFFFF, 0xFFFF, 0xFFFF, 0xFFFF,
  0xFFFF, 0xFFFF, 0xFFFF, 0xFFFF, 0xFFFF, 0xFFFF, 0xFFFF, 0xFFFF, 0xFFFF, 0xFFFF, 0xFFFF, 0xFFFF,
  0xFFFF, 0xFFFF, 0xFFFF, 0xFFFF, 0xFFFF, 0xFFFF, 0xFFFF, 0xFFFF, 0xFFFF, 0xFFFF, 0xFFFF, 0xFFFF,
  0xFFFF, 0xFFFF, 0xFFFF, 0xFFFF, 0xFFFF, 0xFFFF, 0xFFFF, 0xFFFF, 0xFFFF, 0xFFFF, 0xFFFF, 0xFFFF,
  0xFFFF, 0xFFFF, 0xFFFF, 0xFFFF, 0xFFFF, 0xFFFF, 0xFFFF, 0xFFFF, 0xFFFF, 0xFFFF, 0xFFFF, 0xFFFF,
  0xFFFF, 0xFFFF, 0xFFFF, 0xFFFF, 0xFFFF, 0xFFFF, 0xFFFF, 0xFFFF, 0xFFFF, 0xFFFF, 0xFFFF, 0xFFFF,
  0xFFFF, 0xFFFF, 0xFFFF, 0xFFFF, 0xFFFF, 0xFFFF, 0xFFFF, 0xFFFF, 0xFFFF, 0xFFFF, 0xFFFF, 0xFFFF,
  0xFFFF, 0xFFFF, 0xFFFF, 0xFFFF, 0xFFFF, 0xFFFF, 0xFFFF, 0xFFFF, 0xFFFF, 0xFFFF, 0xFFFF, 0xFFFF,
  0xFFFF, 0xFFFF, 0xFFFF, 0xFFFF, 0xFFFF, 0xFFFF, 0xFFFF, 0xFFFF, 0xFFFF, 0xFFFF, 0xFFFF, 0xFFFF,
  0xFFFF, 0xFFFF, 0xFFFF, 0xFFFF, 0xFFFF, 0xFFFF, 0xFFFF, 0xFFFF, 0xFFFF, 0xFFFF, 0xFFFF, 0xFFFF,
  0xFD27, 0xFD20, 0xFE21, 0xFE80, 0xFEE4, 0xFFFE, 0xFFFF, 0xFFFF, 0xFFFF, 0xFFFF, 0xFFFF, 0xFFFF,
  0xFFFF, 0xFFFF, 0xFFFF, 0xFFFF, 0xFFFF, 0xFFFF, 0xFFFF, 0xFFFD, 0xFF2C, 0xFE80, 0xFE20, 0xFDC1,
  0xFD00, 0xFC80, 0xFE30, 0xFFFF, 0xFFFF, 0xFFFF, 0xFFFF, 0xFFFF, 0xFFFF, 0xFFFF, 0xFFFF, 0xFFFF,
  0xFFFF, 0xFFFF, 0xFFFF, 0xFFFF, 0xFFFF, 0xFFFF, 0xFFFF, 0xFFFF, 0xFFFF, 0xFFFF, 0xFFFF, 0xFFFF,
  0xFFFF, 0xFFFF, 0xFFFF, 0xFFFF, 0xFFFF, 0xFFFF, 0xFFFF, 0xFFFF, 0xFFFF, 0xFFFF, 0xFFFF, 0xFFFF,
  0xFFFF, 0xFFFF, 0xFFFF, 0xFFFF, 0xFFFF, 0xFFFF, 0xFFFF, 0xFFFF, 0xFFFF, 0xFFFF, 0xFFFF, 0xFFFF,
  0xFFFF, 0xFFFF, 0xFFFF, 0xFFFF, 0xFFFF, 0xFFFF, 0xFFFF, 0xFFFF, 0xFFFF, 0xFFFF, 0xFFFF, 0xFFFF,
  0xFFFF, 0xFFFF, 0xFFFF, 0xFFFF, 0xFFFF, 0xFFFF, 0xFFFF, 0xFFFF, 0xFFFF, 0xFFFF, 0xFFFF, 0xFFFF,
  0xFFFF, 0xFFFF, 0xFFFF, 0xFF73, 0xFEA1, 0xFE60, 0xFE01, 0xFD60, 0xFCC0, 0xFD89, 0xFF9B, 0xFFFF,
  0xFFFF, 0xFFFF, 0xFFFF, 0xFFFF, 0xFFFF, 0xFFFF, 0xFFFF, 0xFFFF, 0xFFFF, 0xFFFF, 0xFFFF, 0xFFFF,
  0xFFFF, 0xFDED, 0xFC80, 0xFDA1, 0xFE40, 0xFE80, 0xFFB9, 0xFFFF, 0xFFFF, 0xFFFF, 0xFFFF, 0xFFFF,
  0xFFFF, 0xFFFF, 0xFFFF, 0xFFFF, 0xFFFF, 0xFFFF, 0xFFFF, 0xFFFF, 0xFFFF, 0xFFFF, 0xFFFF, 0xFFFF,
  0xFFFF, 0xFFFF, 0xFFFF, 0xFFFF, 0xFFFF, 0xFFFF, 0xFFFF, 0xFFFF, 0xFFFF, 0xFFFF, 0xFFFF, 0xFFFF,
  0xFFFF, 0xFFFF, 0xFFFF, 0xFFFF, 0xFFFF, 0xFFFF, 0xFFFF, 0xFFFF, 0xFFFF, 0xFFFF, 0xFFFF, 0xFFFF,
  0xFFFF, 0xFFFF, 0xFFFF, 0xFFFF, 0xFFFF, 0xFFFF, 0xFFFF, 0xFFFF, 0xFFFF, 0xFFFF, 0xFFFF, 0xFFFF,
  0xFFFF, 0xFFFF, 0xFFFF, 0xFFFF, 0xFFFF, 0xFFFF, 0xFFFF, 0xFFFF, 0xFFFF, 0xFFFF, 0xFFFF, 0xFFFF,
  0xFFFF, 0xFFFF, 0xFFFF, 0xFFFF, 0xFFFF, 0xFFFF, 0xFFFF, 0xFFFF, 0xFFFF, 0xFFFF, 0xFFFF, 0xFFFF,
  0xFFFF, 0xFFFF, 0xFFFF, 0xFFFF, 0xFFFF, 0xFFFF, 0xFFFF, 0xFFFF, 0xFFFF, 0xFFFF, 0xFFFF, 0xFFFF,
  0xFFFF, 0xFFFF, 0xFFFF, 0xFFFF, 0xFFFF, 0xFFFF, 0xFFFF, 0xFFFF, 0xFFFF, 0xFFFF, 0xFFFF, 0xFFFF,
  0xFFFF, 0xFFFF, 0xFFFF, 0xFFFF, 0xFFFF, 0xFFFF, 0xFFFF, 0xFFFF, 0xFFFF, 0xFFFF, 0xFFFF, 0xFFFF,
  0xFFFF, 0xFFFF, 0xFFFF, 0xFFFF, 0xFFFF, 0xFFFF, 0xFFFF, 0xFFFF, 0xFFFF, 0xFFFF, 0xFFFF, 0xFFFF,
  0xFFFF, 0xFFFF, 0xFFFF, 0xFFFF, 0xFFFF, 0xFFFF, 0xFFFF, 0xFFFF, 0xFD47, 0xFD20, 0xFE21, 0xFE80,
  0xFEC3, 0xFFDD, 0xFFFF, 0xFFFF, 0xFFFF, 0xFFFF, 0xFFFF, 0xFFFF, 0xFFFF, 0xFFFF, 0xFFFF, 0xFFFF,
  0xFFFF, 0xFFFF, 0xFF75, 0xFEC4, 0xFE60, 0xFE00, 0xFD81, 0xFCA0, 0xFD05, 0xFF38, 0xFFFF, 0xFFFF,
  0xFFFF, 0xFFFF, 0xFFFF, 0xFFFF, 0xFFFF, 0xFFFF, 0xFFFF, 0xFFFF, 0xFFFF, 0xFFFF, 0xFFFF, 0xFFFF,
  0xFFFF, 0xFFFF, 0xFFFF, 0xFFFF, 0xFFFF, 0xFFFF, 0xFFFF, 0xFFFF, 0xFFFF, 0xFFFF, 0xFFFF, 0xFFFF,
  0xFFFF, 0xFFFF, 0xFFFF, 0xFFFF, 0xFFFF, 0xFFFF, 0xFFFF, 0xFFFF, 0xFFFF, 0xFFFF, 0xFFFF, 0xFFFF,
  0xFFFF, 0xFFFF, 0xFFFF, 0xFFFF, 0xFFFF, 0xFFFF, 0xFFFF, 0xFFFF, 0xFFFF, 0xFFFF, 0xFFFF, 0xFFFF,
  0xFFFF, 0xFFFF, 0xFFFF, 0xFFFF, 0xFFFF, 0xFFFF, 0xFFFF, 0xFFFF, 0xFFFF, 0xFFFF, 0xFFFF, 0xFFFF,
  0xFFFF, 0xFFFF, 0xFFFF, 0xFFFF, 0xFFFF, 0xFFFF, 0xFFFF, 0xFFFF, 0xFFFF, 0xFFFF, 0xFFFF, 0xFFFF,
  0xFF99, 0xFEA5, 0xFE40, 0xFE21, 0xFDA1, 0xFCC0, 0xFCC2, 0xFE93, 0xFFFF, 0xFFFF, 0xFFFF, 0xFFFF,
  0xFFFF, 0xFFFF, 0xFFFF, 0xFFFF, 0xFFFF, 0xFFFF, 0xFFFF, 0xFFFF, 0xFFFF, 0xFE0F, 0xFC80, 0xFDA1,
  0xFE40, 0xFE80, 0xFFB9, 0xFFFF, 0xFFFF, 0xFFFF, 0xFFFF, 0xFFFF, 0xFFFF, 0xFFFF, 0xFFFF, 0xFFFF,
  0xFFFF, 0xFFFF, 0xFFFF, 0xFFFF, 0xFFFF, 0xFFFF, 0xFFFF, 0xFFFF, 0xFFFF, 0xFFFF, 0xFFFF, 0xFFFF,
  0xFFFF, 0xFFFF, 0xFFFF, 0xFFFF, 0xFFFF, 0xFFFF, 0xFFFF, 0xFFFF, 0xFFFF, 0xFFFF, 0xFFFF, 0xFFFF,
  0xFFFF, 0xFFFF, 0xFFFF, 0xFFFF, 0xFFFF, 0xFFFF, 0xFFFF, 0xFFFF, 0xFFFF, 0xFFFF, 0xFFFF, 0xFFFF,
  0xFFFF, 0xFFFF, 0xFFFF, 0xFFFF, 0xFFFF, 0xFFFF, 0xFFFF, 0xFFFF, 0xFFFF, 0xFFFF, 0xFFFF, 0xFFFF,
  0xFFFF, 0xFFFF, 0xFFFF, 0xFFFF, 0xFFFF, 0xFFFF, 0xFFFF, 0xFFFF, 0xFFFF, 0xFFFF, 0xFFFF, 0xFFFF,
  0xFFFF, 0xFFFF, 0xFFFF, 0xFFFF, 0xFFFF, 0xFFFF, 0xFFFF, 0xFFFF, 0xFFFF, 0xFFFF, 0xFFFF, 0xFFFF,
  0xFFFF, 0xFFFF, 0xFFFF, 0xFFFF, 0xFFFF, 0xFFFF, 0xFFFF, 0xFFFF, 0xFFFF, 0xFFFF, 0xFFFF, 0xFFFF,
  0xFFFF, 0xFFFF, 0xFFFF, 0xFFFF, 0xFFFF, 0xFFFF, 0xFFFF, 0xFFFF, 0xFFFF, 0xFFFF, 0xFFFF, 0xFFFF,
  0xFFFF, 0xFFFF, 0xFFFF, 0xFFFF, 0xFFFF, 0xFFFF, 0xFFFF, 0xFFFF, 0xFFFF, 0xFFFF, 0xFFFF, 0xFFFF,
  0xFFFF, 0xFFFF, 0xFFFF, 0xFFFF, 0xFFFF, 0xFFFF, 0xFFFF, 0xFFFF, 0xFFFF, 0xFFFF, 0xFFFF, 0xFFFF,
  0xFFFF, 0xFFFF, 0xFFFF, 0xFFFF, 0xFD69, 0xFD00, 0xFE01, 0xFE60, 0xFEA1, 0xFFDB, 0xFFFF, 0xFFFF,
  0xFFFF, 0xFFFF, 0xFFFF, 0xFFFF, 0xFFFF, 0xFFFF, 0xFFFF, 0xFFFF, 0xFFDB, 0xFF0A, 0xFE60, 0xFE20,
  0xFDE1, 0xFD40, 0xFC80, 0xFDAB, 0xFFDE, 0xFFFF, 0xFFFF, 0xFFFF, 0xFFFF, 0xFFFF, 0xFFFF, 0xFFFF,
  0xFFFF, 0xFFFF, 0xFFFF, 0xFFFF, 0xFFFF, 0xFFFF, 0xFFFF, 0xFFFF, 0xFFFF, 0xFFFF, 0xFFFF, 0xFFFF,
  0xFFFF, 0xFFFF, 0xFFFF, 0xFFFF, 0xFFFF, 0xFFFF, 0xFFFF, 0xFFFF, 0xFFFF, 0xFFFF, 0xFFFF, 0xFFFF,
  0xFFFF, 0xFFFF, 0xFFFF, 0xFFFF, 0xFFFF, 0xFFFF, 0xFFFF, 0xFFFF, 0xFFFF, 0xFFFF, 0xFFFF, 0xFFFF,
  0xFFFF, 0xFFFF, 0xFFFF, 0xFFFF, 0xFFFF, 0xFFFF, 0xFFFF, 0xFFFF, 0xFFFF, 0xFFFF, 0xFFFF, 0xFFFF,
  0xFFFF, 0xFFFF, 0xFFFF, 0xFFFF, 0xFFFF, 0xFFFF, 0xFFFF, 0xFFFF, 0xFFFF, 0xFFFF, 0xFFFF, 0xFFFF,
  0xFFFF, 0xFFFF, 0xFFFF, 0xFFFF, 0xFFFF, 0xFFFF, 0xFFFF, 0xFFFF, 0xFFFF, 0xFFDE, 0xFF0C, 0xFE80,
  0xFE40, 0xFDC1, 0xFD20, 0xFCA0, 0xFD68, 0xFF59, 0xFFFF, 0xFFFF, 0xFFFF, 0xFFFF, 0xFFFF, 0xFFFF,
  0xFFFF, 0xFFFF, 0xFFFF, 0xFFFF, 0xFFFF, 0xFDEE, 0xFC80, 0xFD81, 0xFE40, 0xFEA1, 0xFFBA, 0xFFFF,
  0xFFFF, 0xFFFF, 0xFFFF, 0xFFFF, 0xFFFF, 0xFFFF, 0xFFFF, 0xFFFF, 0xFFFF, 0xFFFF, 0xFFFF, 0xFFFF,
  0xFFFF, 0xFFFF, 0xFFFF, 0xFFFF, 0xFFFF, 0xFFFF, 0xFFFF, 0xFFFF, 0xFFFF, 0xFFFF, 0xFFFF, 0xFFFF,
  0xFFFF, 0xFFFF, 0xFFFF, 0xFFFF, 0xFFFF, 0xFFFF, 0xFFFF, 0xFFFF, 0xFFFF, 0xFFFF, 0xFFFF, 0xFFFF,
  0xFFFF, 0xFFFF, 0xFFFF, 0xFFFF, 0xFFFF, 0xFFFF, 0xFFFF, 0xFFFF, 0xFFFF, 0xFFFF, 0xFFFF, 0xFFFF,
  0xFFFF, 0xFFFF, 0xFFFF, 0xFFFF, 0xFFFF, 0xFFFF, 0xFFFF, 0xFFFF, 0xFFFF, 0xFFFF, 0xFFFF, 0xFFFF,
  0xFFFF, 0xFFFF, 0xFFFF, 0xFFFF, 0xFFFF, 0xFFFF, 0xFFFF, 0xFFFF, 0xFFFF, 0xFFFF, 0xFFFF, 0xFFFF,
  0xFFFF, 0xFFFF, 0xFFFF, 0xFFFF, 0xFFFF, 0xFFFF, 0xFFFF, 0xFFFF, 0xFFFF, 0xFFFF, 0xFFFF, 0xFFFF,
  0xFFFF, 0xFFFF, 0xFFFF, 0xFFFF, 0xFFFF, 0xFFFF, 0xFFFF, 0xFFFF, 0xFFFF, 0xFFFF, 0xFFFF, 0xFFFF,
  0xFFFF, 0xFFFF, 0xFFFF, 0xFFFF, 0xFFFF, 0xFFFF, 0xFFFF, 0xFFFF, 0xFFFF, 0xFFFF, 0xFFFF, 0xFFFF,
  0xFFFF, 0xFFFF, 0xFFFF, 0xFFFF, 0xFFFF, 0xFFFF, 0xFFFF, 0xFFFF, 0xFFFF, 0xFFFF, 0xFFFF, 0xFFFF,
  0xFFFF, 0xFFFF, 0xFFFF, 0xFFFF, 0xFFFF, 0xFFFF, 0xFFFF, 0xFFFF, 0xFFFF, 0xFFFF, 0xFFFF, 0xFFFF,
  0xFDED, 0xFCA0, 0xFDC1, 0xFE40, 0xFE80, 0xFF74, 0xFFFF, 0xFFFF, 0xFFFF, 0xFFFF, 0xFFFF, 0xFFFF,
  0xFFFF, 0xFFFF, 0xFFDD, 0xFF50, 0xFEA2, 0xFE40, 0xFE01, 0xFD61, 0xFCA0, 0xFCC1, 0xFE92, 0xFFFF,
  0xFFFF, 0xFFFF, 0xFFFF, 0xFFFF, 0xFFFF, 0xFFFF, 0xFFFF, 0xFFFF, 0xFFFF, 0xFFFF, 0xFFFF, 0xFFFF,
  0xFFFF, 0xFFFF, 0xFFFF, 0xFFFF, 0xFFFF, 0xFFFF, 0xFFFF, 0xFFFF, 0xFFFF, 0xFFFF, 0xFFFF, 0xFFFF,
  0xFFFF, 0xFFFF, 0xFFFF, 0xFFFF, 0xFFFF, 0xFFFF, 0xFFFF, 0xFFFF, 0xFFFF, 0xFFFF, 0xFFFF, 0xFFFF,
  0xFFFF, 0xFFFF, 0xFFFF, 0xFFFF, 0xFFFF, 0xFFFF, 0xFFFF, 0xFFFF, 0xFFFF, 0xFFFF, 0xFFFF, 0xFFFF,
  0xFFFF, 0xFFFF, 0xFFFF, 0xFFFF, 0xFFFF, 0xFFFF, 0xFFFF, 0xFFFF, 0xFFFF, 0xFFFF, 0xFFFF, 0xFFFF,
  0xFFFF, 0xFFFF, 0xFFFF, 0xFFFF, 0xFFFF, 0xFFFF, 0xFFFF, 0xFFFF, 0xFFFF, 0xFFFF, 0xFFFF, 0xFFFF,
  0xFFFF, 0xFFFF, 0xFFFF, 0xFFFF, 0xFFFF, 0xFFFF, 0xFFFF, 0xFF74, 0xFEA2, 0xFE40, 0xFE00, 0xFD81,
  0xFCE0, 0xFCC1, 0xFE50, 0xFFDE, 0xFFFF, 0xFFFF, 0xFFFF, 0xFFFF, 0xFFFF, 0xFFFF, 0xFFFF, 0xFFFF,
  0xFFFF, 0xFD8A, 0xFCA0, 0xFDA1, 0xFE40, 0xFEA2, 0xFFDC, 0xFFFF, 0xFFFF, 0xFFFF, 0xFFFF, 0xFFFF,
  0xFFFF, 0xFFFF, 0xFFFF, 0xFFFF, 0xFFFF, 0xFFFF, 0xFFFF, 0xFFFF, 0xFFFF, 0xFFFF, 0xFFFF, 0xFFFF,
  0xFFFF, 0xFFFF, 0xFFFF, 0xFFFF, 0xFFFF, 0xFFFF, 0xFFFF, 0xFFFF, 0xFFFF, 0xFFFF, 0xFFFF, 0xFFFF,
  0xFFFF, 0xFFFF, 0xFFFF, 0xFFFF, 0xFFFF, 0xFFFF, 0xFFFF, 0xFFFF, 0xFFFF, 0xFFFF, 0xFFFF, 0xFFFF,
  0xFFFF, 0xFFFF, 0xFFFF, 0xFFFF, 0xFFFF, 0xFFFF, 0xFFFF, 0xFFFF, 0xFFFF, 0xFFFF, 0xFFFF, 0xFFFF,
  0xFFFF, 0xFFFF, 0xFFFF, 0xFFFF, 0xFFFF, 0xFFFF, 0xFFFF, 0xFFFF, 0xFFFF, 0xFFFF, 0xFFFF, 0xFFFF,
  0xFFFF, 0xFFFF, 0xFFFF, 0xFFFF, 0xFFFF, 0xFFFF, 0xFFFF, 0xFFFF, 0xFFFF, 0xFFFF, 0xFFFF, 0xFFFF,
  0xFFFF, 0xFFFF, 0xFFFF, 0xFFFF, 0xFFFF, 0xFFFF, 0xFFFF, 0xFFFF, 0xFFFF, 0xFFFF, 0xFFFF, 0xFFFF,
  0xFFFF, 0xFFFF, 0xFFFF, 0xFFFF, 0xFFFF, 0xFFFF, 0xFFFF, 0xFFFF, 0xFFFF, 0xFFFF, 0xFFFF, 0xFFFF,
  0xFFFF, 0xFFFF, 0xFFFF, 0xFFFF, 0xFFFF, 0xFFFF, 0xFFFF, 0xFFFF, 0xFFFF, 0xFFFF, 0xFFFF, 0xFFFF,
  0xFFFF, 0xFFFF, 0xFFFF, 0xFFFF, 0xFFFF, 0xFFFF, 0xFFFF, 0xFFFF, 0xFFFF, 0xFFFF, 0xFFFF, 0xFFFF,
  0xFFFF, 0xFFFF, 0xFFFF, 0xFFFF, 0xFFFF, 0xFFFF, 0xFFFF, 0xFFFF, 0xFE94, 0xFC80, 0xFD80, 0xFE00,
  0xFE80, 0xFEE6, 0xFFFF, 0xFFFF, 0xFFFF, 0xFFFF, 0xFFFF, 0xFFFF, 0xFFDC, 0xFF51, 0xFEA4, 0xFE40,
  0xFE00, 0xFDA1, 0xFD00, 0xFC80, 0xFD8A, 0xFF7B, 0xFFFF, 0xFFFF, 0xFFFF, 0xFFFF, 0xFFFF, 0xFFFF,
  0xFFFF, 0xFFFF, 0xFFFF, 0xFFFF, 0xFFFF, 0xFFFF, 0xFFFF, 0xFFFF, 0xFFFF, 0xFFFF, 0xFFFF, 0xFFFF,
  0xFFFF, 0xFFFF, 0xFFFF, 0xFFFF, 0xFFFF, 0xFFFF, 0xFFFF, 0xFFFF, 0xFFFF, 0xFFFF, 0xFFFF, 0xFFFF,
  0xFFFF, 0xFFFF, 0xFFFF, 0xFFFF, 0xFFFF, 0xFFFF, 0xFFFF, 0xFFFF, 0xFFFF, 0xFFFF, 0xFFFF, 0xFFFF,
  0xFFFF, 0xFFFF, 0xFFFF, 0xFFFF, 0xFFFF, 0xFFFF, 0xFFFF, 0xFFFF, 0xFFFF, 0xFFFF, 0xFFFF, 0xFFFF,
  0xFFFF, 0xFFFF, 0xFFFF, 0xFFFF, 0xFFFF, 0xFFFF, 0xFFFF, 0xFFFF, 0xFFFF, 0xFFFF, 0xFFFF, 0xFFFF,
  0xFFFF, 0xFFFF, 0xFFFF, 0xFFFF, 0xFFFF, 0xFFFF, 0xFFFF, 0xFFFF, 0xFFFF, 0xFFFF, 0xFFFF, 0xFFFF,
  0xFFFF, 0xFFFF, 0xFFFF, 0xFFFF, 0xFFDC, 0xFEEB, 0xFE60, 0xFE20, 0xFDE1, 0xFD40, 0xFCA0, 0xFD04,
  0xFE51, 0xFFBD, 0xFFFF, 0xFFFF, 0xFFFF, 0xFFFF, 0xFFFF, 0xFFFF, 0xFFBC, 0xFCA2, 0xFD00, 0xFDC0,
  0xFE40, 0xFEC5, 0xFFFF, 0xFFFF, 0xFFFF, 0xFFFF, 0xFFFF, 0xFFFF, 0xFFFF, 0xFFFF, 0xFFFF, 0xFFFF,
  0xFFFF, 0xFFFF, 0xFFFF, 0xFFFF, 0xFFFF, 0xFFFF, 0xFFFF, 0xFFFF, 0xFFFF, 0xFFFF, 0xFFFF, 0xFFFF,
  0xFFFF, 0xFFFF, 0xFFFF, 0xFFFF, 0xFFFF, 0xFFFF, 0xFFFF, 0xFFFF, 0xFFFF, 0xFFFF, 0xFFFF, 0xFFFF,
  0xFFFF, 0xFFFF, 0xFFFF, 0xFFFF, 0xFFFF, 0xFFFF, 0xFFFF, 0xFFFF, 0xFFFF, 0xFFFF, 0xFFFF, 0xFFFF,
  0xFFFF, 0xFFFF, 0xFFFF, 0xFFFF, 0xFFFF, 0xFFFF, 0xFFFF, 0xFFFF, 0xFFFF, 0xFFFF, 0xFFFF, 0xFFFF,
  0xFFFF, 0xFFFF, 0xFFFF, 0xFFFF, 0xFFFF, 0xFFFF, 0xFFFF, 0xFFFF, 0xFFFF, 0xFFFF, 0xFFFF, 0xFFFF,
  0xFFFF, 0xFFFF, 0xFFFF, 0xFFFF, 0xFFFF, 0xFFFF, 0xFFFF, 0xFFFF, 0xFFFF, 0xFFFF, 0xFFFF, 0xFFFF,
  0xFFFF, 0xFFFF, 0xFFFF, 0xFFFF, 0xFFFF, 0xFFFF, 0xFFFF, 0xFFFF, 0xFFFF, 0xFFFF, 0xFFFF, 0xFFFF,
  0xFFFF, 0xFFFF, 0xFFFF, 0xFFFF, 0xFFFF, 0xFFFF, 0xFFFF, 0xFFFF, 0xFFFF, 0xFFFF, 0xFFFF, 0xFFFF,
  0xFFFF, 0xFFFF, 0xFFFF, 0xFFFF, 0xFFFF, 0xFFFF, 0xFFFF, 0xFFFF, 0xFFFF, 0xFFFF, 0xFFFF, 0xFFFF,
  0xFFFF, 0xFFFF, 0xFFFF, 0xFFFF, 0xFFFF, 0xFFFF, 0xFFFF, 0xFFFF, 0xFFFF, 0xFFFF, 0xFFFF, 0xFFFF,
  0xFFFF, 0xFFFF, 0xFFFF, 0xFFFF, 0xFF9C, 0xFC81, 0xFD00, 0xFDA0, 0xFE40, 0xFE80, 0xFF09, 0xFF97,
  0xFFDB, 0xFFBA, 0xFF53, 0xFEEA, 0xFEA2, 0xFE40, 0xFE20, 0xFDC1, 0xFD20, 0xFC80, 0xFCE4, 0xFEB4,
  0xFFFF, 0xFFFF, 0xFFFF, 0xFFFF, 0xFFFF, 0xFFFF, 0xFFFF, 0xFFFF, 0xFFFF, 0xFFFF, 0xFFFF, 0xFFFF,
  0xFFFF, 0xFFFF, 0xFFFF, 0xFFFF, 0xFFFF, 0xFFFF, 0xFFFF, 0xFFFF, 0xFFFF, 0xFFFF, 0xFFFF, 0xFFFF,
  0xFFFF, 0xFFFF, 0xFFFF, 0xFFFF, 0xFFFF, 0xFFFF, 0xFFFF, 0xFFFF, 0xFFFF, 0xFFFF, 0xFFFF, 0xFFFF,
  0xFFFF, 0xFFFF, 0xFFFF, 0xFFFF, 0xFFFF, 0xFFFF, 0xFFFF, 0xFFFF, 0xFFFF, 0xFFFF, 0xFFFF, 0xFFFF,
  0xFFFF, 0xFFFF, 0xFFFF, 0xFFFF, 0xFFFF, 0xFFFF, 0xFFFF, 0xFFFF, 0xFFFF, 0xFFFF, 0xFFFF, 0xFFFF,
  0xFFFF, 0xFFFF, 0xFFFF, 0xFFFF, 0xFFFF, 0xFFFF, 0xFFFF, 0xFFFF, 0xFFFF, 0xFFFF, 0xFFFF, 0xFFFF,
  0xFFFF, 0xFFFF, 0xFFFF, 0xFFFF, 0xFFFF, 0xFFFF, 0xFFFF, 0xFFFF, 0xFFFF, 0xFFFF, 0xFFFF, 0xFFFF,
  0xFFFF, 0xFFFF, 0xFF75, 0xFEA4, 0xFE40, 0xFE00, 0xFDA1, 0xFD20, 0xFC80, 0xFCC3, 0xFE0E, 0xFF59,
  0xFFFF, 0xFFFF, 0xFFFF, 0xFF9C, 0xFD68, 0xFCA0, 0xFD80, 0xFE00, 0xFE60, 0xFEEA, 0xFFFF, 0xFFFF,
  0xFFFF, 0xFFFF, 0xFFFF, 0xFFFF, 0xFFFF, 0xFFFF, 0xFFFF, 0xFFFF, 0xFFFF, 0xFFFF, 0xFFFF, 0xFFFF,
  0xFFFF, 0xFFFF, 0xFFFF, 0xFFFF, 0xFFFF, 0xFFFF, 0xFFFF, 0xFFFF, 0xFFFF, 0xFFFF, 0xFFFF, 0xFFFF,
  0xFFFF, 0xFFFF, 0xFFFF, 0xFFFF, 0xFFFF, 0xFFFF, 0xFFFF, 0xFFFF, 0xFFFF, 0xFFFF, 0xFFFF, 0xFFFF,
  0xFFFF, 0xFFFF, 0xFFFF, 0xFFFF, 0xFFFF, 0xFFFF, 0xFFFF, 0xFFFF, 0xFFFF, 0xFFFF, 0xFFFF, 0xFFFF,
  0xFFFF, 0xFFFF, 0xFFFF, 0xFFFF, 0xFFFF, 0xFFFF, 0xFFFF, 0xFFFF, 0xFFFF, 0xFFFF, 0xFFFF, 0xFFFF,
  0xFFFF, 0xFFFF, 0xFFFF, 0xFFFF, 0xFFFF, 0xFFFF, 0xFFFF, 0xFFFF, 0xFFFF, 0xFFFF, 0xFFFF, 0xFFFF,
  0xFFFF, 0xFFFF, 0xFFFF, 0xFFFF, 0xFFFF, 0xFFFF, 0xFFFF, 0xFFFF, 0xFFFF, 0xFFFF, 0xFFFF, 0xFFFF,
  0xFFFF, 0xFFFF, 0xFFFF, 0xFFFF, 0xFFFF, 0xFFFF, 0xFFFF, 0xFFFF, 0xFFFF, 0xFFFF, 0xFFFF, 0xFFFF,
  0xFFFF, 0xFFFF, 0xFFFF, 0xFFFF, 0xFFFF, 0xFFFF, 0xFFFF, 0xFFFF, 0xFFFF, 0xFFFF, 0xFFFF, 0xFFFF,
  0xFFFF, 0xFFFF, 0xFFFF, 0xFFFF, 0xFFFF, 0xFFFF, 0xFFFF, 0xFFFF, 0xFFFF, 0xFFFF, 0xFFFF, 0xFFFF,
  0xFFFF, 0xFFFF, 0xFFFF, 0xFFFF, 0xFFFF, 0xFFFF, 0xFFFF, 0xFFFF, 0xFFFF, 0xFFFF, 0xFFFF, 0xFFFF,
  0xFFFF, 0xFD8B, 0xFC40, 0xFD40, 0xFDC0, 0xFE40, 0xFE60, 0xFE80, 0xFEA1, 0xFE80, 0xFE40, 0xFE20,
  0xFE00, 0xFDC1, 0xFD40, 0xFCA0, 0xFCA1, 0xFE0E, 0xFFBD, 0xFFFF, 0xFFFF, 0xFFFF, 0xFFFF, 0xFFFF,
  0xFFFF, 0xFFFF, 0xFFFF, 0xFFFF, 0xFFFF, 0xFFFF, 0xFFFF, 0xFFFF, 0xFFFF, 0xFFFF, 0xFFFF, 0xFFFF,
  0xFFFF, 0xFFFF, 0xFFFF, 0xFFFF, 0xFFFF, 0xFFFF, 0xFFFF, 0xFFFF, 0xFFFF, 0xFFFF, 0xFFFF, 0xFFFF,
  0xFFFF, 0xFFFF, 0xFFFF, 0xFFFF, 0xFFFF, 0xFFFF, 0xFFFF, 0xFFFF, 0xFFFF, 0xFFFF, 0xFFFF, 0xFFFF,
  0xFFFF, 0xFFFF, 0xFFFF, 0xFFFF, 0xFFFF, 0xFFFF, 0xFFFF, 0xFFFF, 0xFFFF, 0xFFFF, 0xFFFF, 0xFFFF,
  0xFFFF, 0xFFFF, 0xFFFF, 0xFFFF, 0xFFFF, 0xFFFF, 0xFFFF, 0xFFFF, 0xFFFF, 0xFFFF, 0xFFFF, 0xFFFF,
  0xFFFF, 0xFFFF, 0xFFFF, 0xFFFF, 0xFFFF, 0xFFFF, 0xFFFF, 0xFFFF, 0xFFFF, 0xFFFF, 0xFFFF, 0xFFFF,
  0xFFFF, 0xFFFF, 0xFFFF, 0xFFFF, 0xFFFF, 0xFFFF, 0xFFFF, 0xFFFF, 0xFFFF, 0xFFFF, 0xFFFF, 0xFFDD,
  0xFF0D, 0xFE60, 0xFE40, 0xFE00, 0xFDC1, 0xFD20, 0xFCA0, 0xFCC0, 0xFD25, 0xFD68, 0xFD47, 0xFCC2,
  0xFCA0, 0xFD60, 0xFDE0, 0xFE61, 0xFE80, 0xFF53, 0xFFFF, 0xFFFF, 0xFFFF, 0xFFFF, 0xFFFF, 0xFFFF,
  0xFFFF, 0xFFFF, 0xFFFF, 0xFFFF, 0xFFFF, 0xFFFF, 0xFFFF, 0xFFFF, 0xFFFF, 0xFFFF, 0xFFFF, 0xFFFF,
  0xFFFF, 0xFFFF, 0xFFFF, 0xFFFF, 0xFFFF, 0xFFFF, 0xFFFF, 0xFFFF, 0xFFFF, 0xFFFF, 0xFFFF, 0xFFFF,
  0xFFFF, 0xFFFF, 0xFFFF, 0xFFFF, 0xFFFF, 0xFFFF, 0xFFFF, 0xFFFF, 0xFFFF, 0xFFFF, 0xFFFF, 0xFFFF,
  0xFFFF, 0xFFFF, 0xFFFF, 0xFFFF, 0xFFFF, 0xFFFF, 0xFFFF, 0xFFFF, 0xFFFF, 0xFFFF, 0xFFFF, 0xFFFF,
  0xFFFF, 0xFFFF, 0xFFFF, 0xFFFF, 0xFFFF, 0xFFFF, 0xFFFF, 0xFFFF, 0xFFFF, 0xFFFF, 0xFFFF, 0xFFFF,
  0xFFFF, 0xFFFF, 0xFFFF, 0xFFFF, 0xFFFF, 0xFFFF, 0xFFFF, 0xFFFF, 0xFFFF, 0xFFFF, 0xFFFF, 0xFFFF,
  0xFFFF, 0xFFFF, 0xFFFF, 0xFFFF, 0xFFFF, 0xFFFF, 0xFFFF, 0xFFFF, 0xFFFF, 0xFFFF, 0xFFFF, 0xFFFF,
  0xFFFF, 0xFFFF, 0xFFFF, 0xFFFF, 0xFFFF, 0xFFFF, 0xFFFF, 0xFFFF, 0xFFFF, 0xFFFF, 0xFFFF, 0xFFFF,
  0xFFFF, 0xFFFF, 0xFFFF, 0xFFFF, 0xFFFF, 0xFFFF, 0xFFFF, 0xFFFF, 0xFFFF, 0xFFFF, 0xFFFF, 0xFFFF,
  0xFFFF, 0xFFFF, 0xFFFF, 0xFFFF, 0xFFFF, 0xFFFF, 0xFFFF, 0xFFFF, 0xFFFF, 0xFFFF, 0xFFFF, 0xFFFF,
  0xFFFF, 0xFFFF, 0xFFFF, 0xFFFF, 0xFFFF, 0xFFFF, 0xFFFF, 0xFFFF, 0xFFFF, 0xFF7B, 0xFC62, 0xFC60,
  0xFD21, 0xFD80, 0xFDC0, 0xFE00, 0xFDE0, 0xFDE0, 0xFDC1, 0xFD61, 0xFD00, 0xFCA0, 0xFCC2, 0xFDCC,
  0xFF7A, 0xFFFF, 0xFFFF, 0xFFFF, 0xFFFF, 0xFFFF, 0xFFFF, 0xFFFF, 0xFFFF, 0xFFFF, 0xFFFF, 0xFFFF,
  0xFFFF, 0xFFFF, 0xFFFF, 0xFFFF, 0xFFFF, 0xFFFF, 0xFFFF, 0xFFFF, 0xFFFF, 0xFFFF, 0xFFFF, 0xFFFF,
  0xFFFF, 0xFFFF, 0xFFFF, 0xFFFF, 0xFFFF, 0xFFFF, 0xFFFF, 0xFFFF, 0xFFFF, 0xFFFF, 0xFFFF, 0xFFFF,
  0xFFFF, 0xFFFF, 0xFFFF, 0xFFFF, 0xFFFF, 0xFFFF, 0xFFFF, 0xFFFF, 0xFFFF, 0xFFFF, 0xFFFF, 0xFFFF,
  0xFFFF, 0xFFFF, 0xFFFF, 0xFFFF, 0xFFFF, 0xFFFF, 0xFFFF, 0xFFFF, 0xFFFF, 0xFFFF, 0xFFFF, 0xFFFF,
  0xFFFF, 0xFFFF, 0xFFFF, 0xFFFF, 0xFFFF, 0xFFFF, 0xFFFF, 0xFFFF, 0xFFFF, 0xFFFF, 0xFFFF, 0xFFFF,
  0xFFFF, 0xFFFF, 0xFFFF, 0xFFFF, 0xFFFF, 0xFFFF, 0xFFFF, 0xFFFF, 0xFFFF, 0xFFFF, 0xFFFF, 0xFFFF,
  0xFFFF, 0xFFFF, 0xFFFF, 0xFFFF, 0xFFFF, 0xFFFF, 0xFFFF, 0xFFFF, 0xFFFF, 0xFF98, 0xFEE9, 0xFE80,
  0xFE40, 0xFE20, 0xFDE1, 0xFD81, 0xFD40, 0xFD00, 0xFD00, 0xFD40, 0xFDA0, 0xFE00, 0xFE61, 0xFE80,
  0xFEC3, 0xFFDD, 0xFFFF, 0xFFFF, 0xFFFF, 0xFFFF, 0xFFFF, 0xFFFF, 0xFFFF, 0xFFFF, 0xFFFF, 0xFFFF,
  0xFFFF, 0xFFFF, 0xFFFF, 0xFFFF, 0xFFFF, 0xFFFF, 0xFFFF, 0xFFFF, 0xFFFF, 0xFFFF, 0xFFFF, 0xFFFF,
  0xFFFF, 0xFFFF, 0xFFFF, 0xFFFF, 0xFFFF, 0xFFFF, 0xFFFF, 0xFFFF, 0xFFFF, 0xFFFF, 0xFFFF, 0xFFFF,
  0xFFFF, 0xFFFF, 0xFFFF, 0xFFFF, 0xFFFF, 0xFFFF, 0xFFFF, 0xFFFF, 0xFFFF, 0xFFFF, 0xFFFF, 0xFFFF,
  0xFFFF, 0xFFFF, 0xFFFF, 0xFFFF, 0xFFFF, 0xFFFF, 0xFFFF, 0xFFFF, 0xFFFF, 0xFFFF, 0xFFFF, 0xFFFF,
  0xFFFF, 0xFFFF, 0xFFFF, 0xFFFF, 0xFFFF, 0xFFFF, 0xFFFF, 0xFFFF, 0xFFFF, 0xFFFF, 0xFFFF, 0xFFFF,
  0xFFFF, 0xFFFF, 0xFFFF, 0xFFFF, 0xFFFF, 0xFFFF, 0xFFFF, 0xFFFF, 0xFFFF, 0xFFFF, 0xFFFF, 0xFFFF,
  0xFFFF, 0xFFFF, 0xFFFF, 0xFFFF, 0xFFFF, 0xFFFF, 0xFFFF, 0xFFFF, 0xFFFF, 0xFFFF, 0xFFFF, 0xFFFF,
  0xFFFF, 0xFFFF, 0xFFFF, 0xFFFF, 0xFFFF, 0xFFFF, 0xFFFF, 0xFFFF, 0xFFFF, 0xFFFF, 0xFFFF, 0xFFFF,
  0xFFFF, 0xFFFF, 0xFFFF, 0xFFFF, 0xFFFF, 0xFFFF, 0xFFFF, 0xFFFF, 0xFFFF, 0xFFFF, 0xFFFF, 0xFFFF,
  0xFFFF, 0xFFFF, 0xFFFF, 0xFFFF, 0xFFFF, 0xFFFF, 0xFFFF, 0xFFFF, 0xFFFF, 0xFFFF, 0xFFFF, 0xFFFF,
  0xFFFF, 0xFFFF, 0xFFFF, 0xFFFF, 0xFFFF, 0xFFFF, 0xFF17, 0xFC62, 0xFC20, 0xFCA0, 0xFCE0, 0xFD00,
  0xFD00, 0xFCC0, 0xFC80, 0xFC80, 0xFD05, 0xFE50, 0xFF9B, 0xFFFF, 0xFFFF, 0xFFFF, 0xFFFF, 0xFFFF,
  0xFFFF, 0xFFFF, 0xFFFF, 0xFFFF, 0xFFFF, 0xFFFF, 0xFFFF, 0xFFFF, 0xFFFF, 0xFFFF, 0xFFFF, 0xFFFF,
  0xFFFF, 0xFFFF, 0xFFFF, 0xFFFF, 0xFFFF, 0xFFFF, 0xFFFF, 0xFFFF, 0xFFFF, 0xFFFF, 0xFFFF, 0xFFFF,
  0xFFFF, 0xFFFF, 0xFFFF, 0xFFFF, 0xFFFF, 0xFFFF, 0xFFFF, 0xFFFF, 0xFFFF, 0xFFFF, 0xFFFF, 0xFFFF,
  0xFFFF, 0xFFFF, 0xFFFF, 0xFFFF, 0xFFFF, 0xFFFF, 0xFFFF, 0xFFFF, 0xFFFF, 0xFFFF, 0xFFFF, 0xFFFF,
  0xFFFF, 0xFFFF, 0xFFFF, 0xFFFF, 0xFFFF, 0xFFFF, 0xFFFF, 0xFFFF, 0xFFFF, 0xFFFF, 0xFFFF, 0xFFFF,
  0xFFFF, 0xFFFF, 0xFFFF, 0xFFFF, 0xFFFF, 0xFFFF, 0xFFFF, 0xFFFF, 0xFFFF, 0xFFFF, 0xFFFF, 0xFFFF,
  0xFFFF, 0xFFFF, 0xFFFF, 0xFFFF, 0xFFFF, 0xFFFF, 0xFFFF, 0xFFFF, 0xFFFF, 0xFFFF, 0xFFFF, 0xFFFF,
  0xFFFF, 0xFFFF, 0xFFFF, 0xFFFF, 0xFFFF, 0xFFFF, 0xFFFF, 0xFFB8, 0xFF0A, 0xFE81, 0xFE40, 0xFE40,
  0xFE40, 0xFE21, 0xFE21, 0xFE21, 0xFE61, 0xFE80, 0xFEA0, 0xFE80, 0xFF97, 0xFFFF, 0xFFFF, 0xFFFF,
  0xFFFF, 0xFFFF, 0xFFFF, 0xFFFF, 0xFFFF, 0xFFFF, 0xFFFF, 0xFFFF, 0xFFFF, 0xFFFF, 0xFFFF, 0xFFFF,
  0xFFFF, 0xFFFF, 0xFFFF, 0xFFFF, 0xFFFF, 0xFFFF, 0xFFFF, 0xFFFF, 0xFFFF, 0xFFFF, 0xFFFF, 0xFFFF,
  0xFFFF, 0xFFFF, 0xFFFF, 0xFFFF, 0xFFFF, 0xFFFF, 0xFFFF, 0xFFFF, 0xFFFF, 0xFFFF, 0xFFFF, 0xFFFF,
  0xFFFF, 0xFFFF, 0xFFFF, 0xFFFF, 0xFFFF, 0xFFFF, 0xFFFF, 0xFFFF, 0xFFFF, 0xFFFF, 0xFFFF, 0xFFFF,
  0xFFFF, 0xFFFF, 0xFFFF, 0xFFFF, 0xFFFF, 0xFFFF, 0xFFFF, 0xFFFF, 0xFFFF, 0xFFFF, 0xFFFF, 0xFFFF,
  0xFFFF, 0xFFFF, 0xFFFF, 0xFFFF, 0xFFFF, 0xFFFF, 0xFFFF, 0xFFFF, 0xFFFF, 0xFFFF, 0xFFFF, 0xFFFF,
  0xFFFF, 0xFFFF, 0xFFFF, 0xFFFF, 0xFFFF, 0xFFFF, 0xFFFF, 0xFFFF, 0xFFFF, 0xFFFF, 0xFFFF, 0xFFFF,
  0xFFFF, 0xFFFF, 0xFFFF, 0xFFFF, 0xFFFF, 0xFFFF, 0xFFFF, 0xFFFF, 0xFFFF, 0xFFFF, 0xFFFF, 0xFFFF,
  0xFFFF, 0xFFFF, 0xFFFF, 0xFFFF, 0xFFFF, 0xFFFF, 0xFFFF, 0xFFFF, 0xFFFF, 0xFFFF, 0xFFFF, 0xFFFF,
  0xFFFF, 0xFFFF, 0xFFFF, 0xFFFF, 0xFFFF, 0xFFFF, 0xFFFF, 0xFFFF, 0xFFFF, 0xFFFF, 0xFFFF, 0xFFFF,
  0xFFFF, 0xFFFF, 0xFFFF, 0xFFFF, 0xFFFF, 0xFFFF, 0xFFFF, 0xFFFF, 0xFFFF, 0xFFFF, 0xFFFF, 0xFFFF,
  0xFFFF, 0xFFFF, 0xFFFF, 0xFF7A, 0xFDAC, 0xFCC5, 0xFCA2, 0xFCA2, 0xFCE4, 0xFD48, 0xFE0F, 0xFF17,
  0xFFFF, 0xFFFF, 0xFFFF, 0xFFFF, 0xFFFF, 0xFFFF, 0xFFFF, 0xFFFF, 0xFFFF, 0xFFFF, 0xFFFF, 0xFFFF,
  0xFFFF, 0xFFFF, 0xFFFF, 0xFFFF, 0xFFFF, 0xFFFF, 0xFFFF, 0xFFFF, 0xFFFF, 0xFFFF, 0xFFFF, 0xFFFF,
  0xFFFF, 0xFFFF, 0xFFFF, 0xFFFF, 0xFFFF, 0xFFFF, 0xFFFF, 0xFFFF, 0xFFFF, 0xFFFF, 0xFFFF, 0xFFFF,
  0xFFFF, 0xFFFF, 0xFFFF, 0xFFFF, 0xFFFF, 0xFFFF, 0xFFFF, 0xFFFF, 0xFFFF, 0xFFFF, 0xFFFF, 0xFFFF,
  0xFFFF, 0xFFFF, 0xFFFF, 0xFFFF, 0xFFFF, 0xFFFF, 0xFFFF, 0xFFFF, 0xFFFF, 0xFFFF, 0xFFFF, 0xFFFF,
  0xFFFF, 0xFFFF, 0xFFFF, 0xFFFF, 0xFFFF, 0xFFFF, 0xFFFF, 0xFFFF, 0xFFFF, 0xFFFF, 0xFFFF, 0xFFFF,
  0xFFFF, 0xFFFF, 0xFFFF, 0xFFFF, 0xFFFF, 0xFFFF, 0xFFFF, 0xFFFF, 0xFFFF, 0xFFFF, 0xFFFF, 0xFFFF,
  0xFFFF, 0xFFFF, 0xFFFF, 0xFFFF, 0xFFFF, 0xFFFF, 0xFFFF, 0xFFFF, 0xFFFF, 0xFFFF, 0xFFFF, 0xFFFF,
  0xFFFF, 0xFFFF, 0xFFFF, 0xFFFF, 0xFFFF, 0xFFBB, 0xFF30, 0xFEC6, 0xFEA1, 0xFE80, 0xFE80, 0xFE80,
  0xFE80, 0xFEA0, 0xFEC4, 0xFF95, 0xFFFF, 0xFFFF, 0xFFFF, 0xFFFF, 0xFFFF, 0xFFFF, 0xFFFF, 0xFFFF,
  0xFFFF, 0xFFFF, 0xFFFF, 0xFFFF, 0xFFFF, 0xFFFF, 0xFFFF, 0xFFFF, 0xFFFF, 0xFFFF, 0xFFFF, 0xFFFF,
  0xFFFF, 0xFFFF, 0xFFFF, 0xFFFF, 0xFFFF, 0xFFFF, 0xFFFF, 0xFFFF, 0xFFFF, 0xFFFF, 0xFFFF, 0xFFFF,
  0xFFFF, 0xFFFF, 0xFFFF, 0xFFFF, 0xFFFF, 0xFFFF, 0xFFFF, 0xFFFF, 0xFFFF, 0xFFFF, 0xFFFF, 0xFFFF,
  0xFFFF, 0xFFFF, 0xFFFF, 0xFFFF, 0xFFFF, 0xFFFF, 0xFFFF, 0xFFFF, 0xFFFF, 0xFFFF, 0xFFFF, 0xFFFF,
  0xFFFF, 0xFFFF, 0xFFFF, 0xFFFF, 0xFFFF, 0xFFFF, 0xFFFF, 0xFFFF, 0xFFFF, 0xFFFF, 0xFFFF, 0xFFFF,
  0xFFFF, 0xFFFF, 0xFFFF, 0xFFFF, 0xFFFF, 0xFFFF, 0xFFFF, 0xFFFF, 0xFFFF, 0xFFFF, 0xFFFF, 0xFFFF,
  0xFFFF, 0xFFFF, 0xFFFF, 0xFFFF, 0xFFFF, 0xFFFF, 0xFFFF, 0xFFFF, 0xFFFF, 0xFFFF, 0xFFFF, 0xFFFF,
  0xFFFF, 0xFFFF, 0xFFFF, 0xFFFF, 0xFFFF, 0xFFFF, 0xFFFF, 0xFFFF, 0xFFFF, 0xFFFF, 0xFFFF, 0xFFFF,
  0xFFFF, 0xFFFF, 0xFFFF, 0xFFFF, 0xFFFF, 0xFFFF, 0xFFFF, 0xFFFF, 0xFFFF, 0xFFFF, 0xFFFF, 0xFFFF,
  0xFFFF, 0xFFFF, 0xFFFF, 0xFFFF, 0xFFFF, 0xFFFF, 0xFFFF, 0xFFFF, 0xFFFF, 0xFFFF, 0xFFFF, 0xFFFF,
  0xFFFF, 0xFFFF, 0xFFFF, 0xFFFF, 0xFFFF, 0xFFFF, 0xFFFF, 0xFFFF, 0xFFFF, 0xFFFF, 0xFFFF, 0xFFFF,
  0xFFFF, 0xFFFF, 0xFFBC, 0xFF9C, 0xFFDE, 0xFFFF, 0xFFFF, 0xFFFF, 0xFFFF, 0xFFFF, 0xFFFF, 0xFFFF,
  0xFFFF, 0xFFFF, 0xFFFF, 0xFFFF, 0xFFFF, 0xFFFF, 0xFFFF, 0xFFFF, 0xFFFF, 0xFFFF, 0xFFFF, 0xFFFF,
  0xFFFF, 0xFFFF, 0xFFFF, 0xFFFF, 0xFFFF, 0xFFFF, 0xFFFF, 0xFFFF, 0xFFFF, 0xFFFF, 0xFFFF, 0xFFFF,
  0xFFFF, 0xFFFF, 0xFFFF, 0xFFFF, 0xFFFF, 0xFFFF, 0xFFFF, 0xFFFF, 0xFFFF, 0xFFFF, 0xFFFF, 0xFFFF,
  0xFFFF, 0xFFFF, 0xFFFF, 0xFFFF, 0xFFFF, 0xFFFF, 0xFFFF, 0xFFFF, 0xFFFF, 0xFFFF, 0xFFFF, 0xFFFF,
  0xFFFF, 0xFFFF, 0xFFFF, 0xFFFF, 0xFFFF, 0xFFFF, 0xFFFF, 0xFFFF, 0xFFFF, 0xFFFF, 0xFFFF, 0xFFFF,
  0xFFFF, 0xFFFF, 0xFFFF, 0xFFFF, 0xFFFF, 0xFFFF, 0xFFFF, 0xFFFF, 0xFFFF, 0xFFFF, 0xFFFF, 0xFFFF,
  0xFFFF, 0xFFFF, 0xFFFF, 0xFFFF, 0xFFFF, 0xFFFF, 0xFFFF, 0xFFFF, 0xFFFF, 0xFFFF, 0xFFFF, 0xFFFF,
  0xFFFF, 0xFFFF, 0xFFFF, 0xFFFF, 0xFFFF, 0xFFFF, 0xFFFF, 0xFFFF, 0xFFFF, 0xFFFF, 0xFFFF, 0xFFFF,
  0xFFFF, 0xFFFF, 0xFFFF, 0xFFFF, 0xFFBB, 0xFF75, 0xFF50, 0xFF4F, 0xFF51, 0xFF97, 0xFFFE, 0xFFFF,
  0xFFFF, 0xFFFF, 0xFFFF, 0xFFFF, 0xFFFF, 0xFFFF, 0xFFFF, 0xFFFF, 0xFFFF, 0xFFFF, 0xFFFF, 0xFFFF,
  0xFFFF, 0xFFFF, 0xFFFF, 0xFFFF, 0xFFFF, 0xFFFF, 0xFFFF, 0xFFFF, 0xFFFF, 0xFFFF, 0xFFFF, 0xFFFF,
  0xFFFF, 0xFFFF, 0xFFFF, 0xFFFF, 0xFFFF, 0xFFFF, 0xFFFF, 0xFFFF, 0xFFFF, 0xFFFF, 0xFFFF, 0xFFFF,
  0xFFFF, 0xFFFF, 0xFFFF, 0xFFFF, 0xFFFF, 0xFFFF, 0xFFFF, 0xFFFF, 0xFFFF, 0xFFFF, 0xFFFF, 0xFFFF,
  0xFFFF, 0xFFFF, 0xFFFF, 0xFFFF, 0xFFFF, 0xFFFF, 0xFFFF, 0xFFFF, 0xFFFF, 0xFFFF, 0xFFFF, 0xFFFF,
  0xFFFF, 0xFFFF, 0xFFFF, 0xFFFF, 0xFFFF, 0xFFFF, 0xFFFF, 0xFFFF, 0xFFFF, 0xFFFF, 0xFFFF, 0xFFFF,
  0xFFFF, 0xFFFF, 0xFFFF, 0xFFFF, 0xFFFF, 0xFFFF, 0xFFFF, 0xFFFF, 0xFFFF, 0xFFFF, 0xFFFF, 0xFFFF,
  0xFFFF, 0xFFFF, 0xFFFF, 0xFFFF, 0xFFFF, 0xFFFF, 0xFFFF, 0xFFFF, 0xFFFF, 0xFFFF, 0xFFFF, 0xFFFF,
  0xFFFF, 0xFFFF, 0xFFFF, 0xFFFF, 0xFFFF, 0xFFFF, 0xFFFF, 0xFFFF, 0xFFFF, 0xFFFF, 0xFFFF, 0xFFFF,
  0xFFFF, 0xFFFF, 0xFFFF, 0xFFFF, 0xFFFF, 0xFFFF, 0xFFFF, 0xFFFF, 0xFFFF, 0xFFFF, 0xFFFF, 0xFFFF,
  0xFFFF, 0xFFFF, 0xFFFF, 0xFFFF, 0xFFFF, 0xFFFF, 0xFFFF, 0xFFFF, 0xFFFF, 0xFFFF, 0xFFFF, 0xFFFF,
  0xFFFF, 0xFFFF, 0xFFFF, 0xFFFF, 0xFFFF, 0xFFFF, 0xFFFF, 0xFFFF, 0xFFFF, 0xFFFF, 0xFFFF, 0xFFFF,
  0xFFFF, 0xFFFF, 0xFFFF, 0xFFFF, 0xFFFF, 0xFFFF, 0xFFFF, 0xFFFF, 0xFFFF, 0xFFFF, 0xFFFF, 0xFFFF,
  0xFFFF, 0xFFFF, 0xFFFF, 0xFFFF, 0xFFFF, 0xFFFF, 0xFFFF, 0xFFFF, 0xFFFF, 0xFFFF, 0xFFFF, 0xFFFF,
  0xFFFF, 0xFFFF, 0xFFFF, 0xFFFF, 0xFFFF, 0xFFFF, 0xFFFF, 0xFFFF, 0xFFFF, 0xFFFF, 0xFFFF, 0xFFFF,
  0xFFFF, 0xFFFF, 0xFFFF, 0xFFFF, 0xFFFF, 0xFFFF, 0xFFFF, 0xFFFF, 0xFFFF, 0xFFFF, 0xFFFF, 0xFFFF,
  0xFFFF, 0xFFFF, 0xFFFF, 0xFFFF, 0xFFFF, 0xFFFF, 0xFFFF, 0xFFFF, 0xFFFF, 0xFFFF, 0xFFFF, 0xFFFF,
  0xFFFF, 0xFFFF, 0xFFFF, 0xFFFF, 0xFFFF, 0xFFFF, 0xFFFF, 0xFFFF, 0xFFFF, 0xFFFF, 0xFFFF, 0xFFFF,
  0xFFFF, 0xFFFF, 0xFFFF, 0xFFFF, 0xFFFF, 0xFFFF, 0xFFFF, 0xFFFF, 0xFFFF, 0xFFFF, 0xFFFF, 0xFFFF,
  0xFFFF, 0xFFFF, 0xFFFF, 0xFFFF, 0xFFFF, 0xFFFF, 0xFFFF, 0xFFFF, 0xFFFF, 0xFFFF, 0xFFFF, 0xFFFF,
  0xFFFF, 0xFFFF, 0xFFFF, 0xFFFF, 0xFFFF, 0xFFFF, 0xFFFF, 0xFFFF, 0xFFFF, 0xFFFF, 0xFFFF, 0xFFFF,
  0xFFFF, 0xFFFF, 0xFFFF, 0xFFFF, 0xFFFF, 0xFFFF, 0xFFFF, 0xFFFF, 0xFFFF, 0xFFFF, 0xFFFF, 0xFFFF,
  0xFFFF, 0xFFFF, 0xFFFF, 0xFFFF, 0xFFFF, 0xFFFF, 0xFFFF, 0xFFFF, 0xFFFF, 0xFFFF, 0xFFFF, 0xFFFF,
  0xFFFF, 0xFFFF, 0xFFFF, 0xFFFF, 0xFFFF, 0xFFFF, 0xFFFF, 0xFFFF, 0xFFFF, 0xFFFF, 0xFFFF, 0xFFFF,
  0xFFFF, 0xFFFF, 0xFFFF, 0xFFFF, 0xFFFF, 0xFFFF, 0xFFFF, 0xFFFF, 0xFFFF, 0xFFFF, 0xFFFF, 0xFFFF,
  0xFFFF, 0xFFFF, 0xFFFF, 0xFFFF, 0xFFFF, 0xFFFF, 0xFFFF, 0xFFFF, 0xFFFF, 0xFFFF, 0xFFFF, 0xFFFF,
  0xFFFF, 0xFFFF, 0xFFFF, 0xFFFF, 0xFFFF, 0xFFFF, 0xFFFF, 0xFFFF, 0xFFFF, 0xFFFF, 0xFFFF, 0xFFFF,
  0xFFFF, 0xFFFF, 0xFFFF, 0xFFFF, 0xFFFF, 0xFFFF, 0xFFFF, 0xFFFF, 0xFFFF, 0xFFFF, 0xFFFF, 0xFFFF,
  0xFFFF, 0xFFFF, 0xFFFF, 0xFFFF, 0xFFFF, 0xFFFF, 0xFFFF, 0xFFFF, 0xFFFF, 0xFFFF, 0xFFFF, 0xFFFF,
  0xFFFF, 0xFFFF, 0xFFFF, 0xFFFF, 0xFFFF, 0xFFFF, 0xFFFF, 0xFFFF, 0xFFFF, 0xFFFF, 0xFFFF, 0xFFFF,
  0xFFFF, 0xFFFF, 0xFFFF, 0xFFFF, 0xFFFF, 0xFFFF, 0xFFFF, 0xFFFF, 0xFFFF, 0xFFFF, 0xFFFF, 0xFFFF,
  0xFFFF, 0xFFFF, 0xFFFF, 0xFFFF, 0xFFFF, 0xFFFF, 0xFFFF, 0xFFFF, 0xFFFF, 0xFFFF, 0xFFFF, 0xFFFF,
  0xFFFF, 0xFFFF, 0xFFFF, 0xFFFF, 0xFFFF, 0xFFFF, 0xFFFF, 0xFFFF, 0xFFFF, 0xFFFF, 0xFFFF, 0xFFFF,
  0xFFFF, 0xFFFF, 0xFFFF, 0xFFFF, 0xFFFF, 0xFFFF, 0xFFFF, 0xFFFF, 0xFFFF, 0xFFFF, 0xFFFF, 0xFFFF,
  0xFFFF, 0xFFFF, 0xFFFF, 0xFFFF, 0xFFFF, 0xFFFF, 0xFFFF, 0xFFFF, 0xFFFF, 0xFFFF, 0xFFFF, 0xFFFF,
  0xFFFF, 0xFFFF, 0xFFFF, 0xFFFF, 0xFFFF, 0xFFFF, 0xFFFF, 0xFFFF, 0xFFFF, 0xFFFF, 0xFFFF, 0xFFFF,
  0xFFFF, 0xFFFF, 0xFFFF, 0xFFFF, 0xFFFF, 0xFFFF, 0xFFFF, 0xFFFF, 0xFFFF, 0xFFFF, 0xFFFF, 0xFFFF,
  0xFFFF, 0xFFFF, 0xFFFF, 0xFFFF, 0xFFFF, 0xFFFF, 0xFFFF, 0xFFFF, 0xFFFF, 0xFFFF, 0xFFFF, 0xFFFF,
  0xFFFF, 0xFFFF, 0xFFFF, 0xFFFF, 0xFFFF, 0xFFFF, 0xFFFF, 0xFFFF, 0xFFFF, 0xFFFF, 0xFFFF, 0xFFFF,
  0xFFFF, 0xFFFF, 0xFFFF, 0xFFFF, 0xFFFF, 0xFFFF, 0xFFFF, 0xFFFF, 0xFFFF, 0xFFFF, 0xFFFF, 0xFFFF,
  0xFFFF, 0xFFFF, 0xFFFF, 0xFFFF, 0xFFFF, 0xFFFF, 0xFFFF, 0xFFFF, 0xFFFF, 0xFFFF, 0xFFFF, 0xFFFF,
  0xFFFF, 0xFFFF, 0xFFFF, 0xFFFF, 0xFFFF, 0xFFFF, 0xFFFF, 0xFFFF, 0xFFFF, 0xFFFF, 0xFFFF, 0xFFFF,
  0xFFFF, 0xFFFF, 0xFFFF, 0xFFFF, 0xFFFF, 0xFFFF, 0xFFFF, 0xFFFF, 0xFFFF, 0xFFFF, 0xFFFF, 0xFFFF,
  0xFFFF, 0xFFFF, 0xFFFF, 0xFFFF, 0xFFFF, 0xFFFF, 0xFFFF, 0xFFFF, 0xFFFF, 0xFFFF, 0xFFFF, 0xFFFF,
  0xFFFF, 0xFFFF, 0xFFFF, 0xFFFF, 0xFFFF, 0xFFFF, 0xFFFF, 0xFFFF, 0xFFFF, 0xFFFF, 0xFFFF, 0xFFFF,
  0xFFFF, 0xFFFF, 0xFFFF, 0xFFFF, 0xFFFF, 0xFFFF, 0xFFFF, 0xFFFF, 0xFFFF, 0xFFFF, 0xFFFF, 0xFFFF,
  0xFFFF, 0xFFFF, 0xFFFF, 0xFFFF, 0xFFFF, 0xFFFF, 0xFFFF, 0xFFFF, 0xFFFF, 0xFFFF, 0xFFFF, 0xFFFF,
  0xFFFF, 0xFFFF, 0xFFFF, 0xFFFF, 0xFFFF, 0xFFFF, 0xFFFF, 0xFFFF, 0xFFFF, 0xFFFF, 0xFFFF, 0xFFFF,
  0xFFFF, 0xFFFF, 0xFFFF, 0xFFFF, 0xFFFF, 0xFFFF, 0xFFFF, 0xFFFF, 0xFFFF, 0xFFFF, 0xFFFF, 0xFFFF,
  0xFFFF, 0xFFFF, 0xFFFF, 0xFFFF, 0xFFFF, 0xFFFF, 0xFFFF, 0xFFFF, 0xFFFF, 0xFFFF, 0xFFFF, 0xFFFF,
  0xFFFF, 0xFFFF, 0xFFFF, 0xFFFF, 0xFFFF, 0xFFFF, 0xFFFF, 0xFFFF, 0xFFFF, 0xFFFF, 0xFFFF, 0xFFFF,
  0xFFFF, 0xFFFF, 0xFFFF, 0xFFFF, 0xFFFF, 0xFFFF, 0xFFFF, 0xFFFF, 0xFFFF, 0xFFFF, 0xFFFF, 0xFFFF,
  0xFFFF, 0xFFFF, 0xFFFF, 0xFFFF, 0xFFFF, 0xFFFF, 0xFFFF, 0xFFFF, 0xFFFF, 0xFFFF, 0xFFFF, 0xFFFF,
  0xFFFF, 0xFFFF, 0xFFFF, 0xFFFF, 0xFFFF, 0xFFFF, 0xFFFF, 0xFFFF, 0xFFFF, 0xFFFF, 0xFFFF, 0xFFFF,
  0xFFFF, 0xFFFF, 0xFFFF, 0xFFFF, 0xFFFF, 0xFFFF, 0xFFFF, 0xFFFF, 0xFFFF, 0xFFFF, 0xFFFF, 0xFFFF,
  0xFFFF, 0xFFFF, 0xFFFF, 0xFFFF, 0xFFFF, 0xFFFF, 0xFFFF, 0xFFFF, 0xFFFF, 0xFFFF, 0xFFFF, 0xFFFF,
  0xFFFF, 0xFFFF, 0xFFFF, 0xFFFF, 0xFFFF, 0xFFFF, 0xFFFF, 0xFFFF, 0xFFFF, 0xFFFF, 0xFFFF, 0xFFFF,
  0xFFFF, 0xFFFF, 0xFFFF, 0xFFFF, 0xFFFF, 0xFFFF, 0xFFFF, 0xFFFF, 0xFFFF, 0xFFFF, 0xFFFF, 0xFFFF,
  0xFFFF, 0xFFFF, 0xFFFF, 0xFFFF, 0xFFFF, 0xFFFF, 0xFFFF, 0xFFFF, 0xFFFF, 0xFFFF, 0xFFFF, 0xFFFF,
  0xFFFF, 0xFFFF, 0xFFFF, 0xFFFF, 0xFFFF, 0xFFFF, 0xFFFF, 0xFFFF, 0xFFFF, 0xFFFF, 0xFFFF, 0xFFFF,
  0xFFFF, 0xFFFF, 0xFFFF, 0xFFFF, 0xFFFF, 0xFFFF, 0xFFFF, 0xFFFF, 0xFFFF, 0xFFFF, 0xFFFF, 0xFFFF,
  0xFFFF, 0xFFFF, 0xFFFF, 0xFFFF, 0xFFFF, 0xFFFF, 0xFFFF, 0xFFFF, 0xFFFF, 0xFFFF, 0xFFFF, 0xFFFF,
  0xFFFF, 0xFFFF, 0xFFFF, 0xFFFF, 0xFFFF, 0xFFFF, 0xFFFF, 0xFFFF, 0xFFFF, 0xFFFF, 0xFFFF, 0xFFFF,
  0xFFFF, 0xFFFF, 0xFFFF, 0xFFFF, 0xFFFF, 0xFFFF, 0xFFFF, 0xFFFF, 0xFFFF, 0xFFFF, 0xFFFF, 0xFFFF,
  0xFFFF, 0xFFFF, 0xFFFF, 0xFFFF, 0xFFFF, 0xFFFF, 0xFFFF, 0xFFFF, 0xFFFF, 0xFFFF, 0xFFFF, 0xFFFF,
  0xFFFF, 0xFFFF, 0xFFFF, 0xFFFF, 0xFFFF, 0xFFFF, 0xFFFF, 0xFFFF, 0xFFFF, 0xFFFF, 0xFFFF, 0xFFFF,
  0xFFFF, 0xFFFF, 0xFFFF, 0xFFFF, 0xFFFF, 0xFFFF, 0xFFFF, 0xFFFF, 0xFFFF, 0xFFFF, 0xFFFF, 0xFFFF,
  0xFFFF, 0xFFFF, 0xFFFF, 0xFFFF, 0xFFFF, 0xFFFF, 0xFFFF, 0xFFFF, 0xFFFF, 0xFFFF, 0xFFFF, 0xFFFF,
  0xFFFF, 0xFFFF, 0xFFFF, 0xFFFF, 0xFFFF, 0xFFFF, 0xFFFF, 0xFFFF, 0xFFFF, 0xFFFF, 0xFFFF, 0xFFFF,
  0xFFFF, 0xFFFF, 0xFFFF, 0xFFFF, 0xFFFF, 0xFFFF, 0xFFFF, 0xFFFF, 0xFFFF, 0xFFFF, 0xFFFF, 0xFFFF,
  0xFFFF, 0xFFFF, 0xFFFF, 0xFFFF, 0xFFFF, 0xFFFF, 0xFFFF, 0xFFFF, 0xFFFF, 0xFFFF, 0xFFFF, 0xFFFF,
  0xFFFF, 0xFFFF, 0xFFFF, 0xFFFF, 0xFFFF, 0xFFFF, 0xFFFF, 0xFFFF, 0xFFFF, 0xFFFF, 0xFFFF, 0xFFFF,
  0xFFFF, 0xFFFF, 0xFFFF, 0xFFFF, 0xFFFF, 0xFFFF, 0xFFFF, 0xFFFF, 0xFFFF, 0xFFFF, 0xFFFF, 0xFFFF,
  0xFFFF, 0xFFFF, 0xFFFF, 0xFFFF, 0xFFFF, 0xFFFF, 0xFFFF, 0xFFFF, 0xFFFF, 0xFFFF, 0xFFFF, 0xFFFF,
  0xFFFF, 0xFFFF, 0xFFFF, 0xFFFF, 0xFFFF, 0xFFFF, 0xFFFF, 0xFFFF, 0xFFFF, 0xFFFF, 0xFFFF, 0xFFFF,
  0xFFFF, 0xFFFF, 0xFFFF, 0xFFFF, 0xFFFF, 0xFFFF, 0xFFFF, 0xFFFF, 0xFFFF, 0xFFFF, 0xFFFF, 0xFFFF,
  0xFFFF, 0xFFFF, 0xFFFF, 0xFFFF, 0xFFFF, 0xFFFF, 0xFFFF, 0xFFFF, 0xFFFF, 0xFFFF, 0xFFFF, 0xFFFF,
  0xFFFF, 0xFFFF, 0xFFFF, 0xFFFF, 0xFFFF, 0xFFFF, 0xFFFF, 0xFFFF, 0xFFFF, 0xFFFF, 0xFFFF, 0xFFFF,
  0xFFFF, 0xFFFF, 0xFFFF, 0xFFFF, 0xFFFF, 0xFFFF, 0xFFFF, 0xFFFF, 0xFFFF, 0xFFFF, 0xFFFF, 0xFFFF,
  0xFFFF, 0xFFFF, 0xFFFF, 0xFFFF, 0xFFFF, 0xFFFF, 0xFFFF, 0xFFFF, 0xFFFF, 0xFFFF, 0xFFFF, 0xFFFF,
  0xFFFF, 0xFFFF, 0xFFFF, 0xFFFF, 0xFFFF, 0xFFFF, 0xFFFF, 0xFFFF, 0xFFFF, 0xFFFF, 0xFFFF, 0xFFFF,
  0xFFFF, 0xFFFF, 0xFFFF, 0xFFFF, 0xFFFF, 0xFFFF, 0xFFFF, 0xFFFF, 0xFFFF, 0xFFFF, 0xFFFF, 0xFFFF,
  0xFFFF, 0xFFFF, 0xFFFF, 0xFFFF, 0xFFFF, 0xFFFF, 0xFFFF, 0xFFFF, 0xFFFF, 0xFFFF, 0xFFFF, 0xFFFF,
  0xFFFF, 0xFFFF, 0xFFFF, 0xFFFF, 0xFFFF, 0xFFFF, 0xFFFF, 0xFFFF, 0xFFFF, 0xFFFF, 0xFFFF, 0xFFFF,
  0xFFFF, 0xFFFF, 0xFFFF, 0xFFFF, 0xFFFF, 0xFFFF, 0xFFFF, 0xFFFF, 0xFFFF, 0xFFFF, 0xFFFF, 0xFFFF,
  0xFFFF, 0xFFFF, 0xFFFF, 0xFFFF, 0xFFFF, 0xFFFF, 0xFFFF, 0xFFFF, 0xFFFF, 0xFFFF, 0xFFFF, 0xFFFF,
  0xFFFF, 0xFFFF, 0xFFFF, 0xFFFF, 0xFFFF, 0xFFFF, 0xFFFF, 0xFFFF, 0xFFFF, 0xFFFF, 0xFFFF, 0xFFFF,
  0xFFFF, 0xFFFF, 0xFFFF, 0xFFFF, 0xFFFF, 0xFFFF, 0xFFFF, 0xFFFF, 0xFFFF, 0xFFFF, 0xFFFF, 0xFFFF,
  0xFFFF, 0xFFFF, 0xFFFF, 0xFFFF, 0xFFFF, 0xFFFF, 0xFFFF, 0xFFFF, 0xFFFF, 0xFFFF, 0xFFFF, 0xFFFF,
  0xFFFF, 0xFFFF, 0xFFFF, 0xFFFF, 0xFFFF, 0xFFFF, 0xFFFF, 0xFFFF, 0xFFFF, 0xFFFF, 0xFFFF, 0xFFFF,
  0xFFFF, 0xFFFF, 0xFFFF, 0xFFFF, 0xFFFF, 0xFFFF, 0xFFFF, 0xFFFF, 0xFFFF, 0xFFFF, 0xFFFF, 0xFFFF,
  0xFFFF, 0xFFFF, 0xFFFF, 0xFFFF, 0xFFFF, 0xFFFF, 0xFFFF, 0xFFFF, 0xFFFF, 0xFFFF, 0xFFFF, 0xFFFF,
  0xFFFF, 0xFFFF, 0xFFFF, 0xFFFF, 0xFFFF, 0xFFFF, 0xFFFF, 0xFFFF, 0xFFFF, 0xFFFF, 0xFFFF, 0xFFFF,
  0xFFFF, 0xFFFF, 0xFFFF, 0xFFFF, 0xFFFF, 0xFFFF, 0xFFFF, 0xFFFF, 0xFFFF, 0xFFFF, 0xFFFF, 0xFFFF,
  0xFFFF, 0xFFFF, 0xFFFF, 0xFFFF, 0xFFFF, 0xFFFF, 0xFFFF, 0xFFFF, 0xFFFF, 0xFFFF, 0xFFFF, 0xFFFF,
  0xFFFF, 0xFFFF, 0xFFFF, 0xFFFF, 0xFFFF, 0xFFFF, 0xFFFF, 0xFFFF, 0xFFFF, 0xFFFF, 0xFFFF, 0xFFFF,
  0xFFFF, 0xFFFF, 0xFFFF, 0xFFFF, 0xFFFF, 0xFFFF, 0xFFFF, 0xFFFF, 0xFFFF, 0xFFFF, 0xFFFF, 0xFFFF,
  0xFFFF, 0xFFFF, 0xFFFF, 0xFFFF, 0xFFFF, 0xFFFF, 0xFFFF, 0xFFFF, 0xFFFF, 0xFFFF, 0xFFFF, 0xFFFF,
  0xFFFF, 0xFFFF, 0xFFFF, 0xFFFF, 0xFFFF, 0xFFFF, 0xFFFF, 0xFFFF, 0xFFFF, 0xFFFF, 0xFFFF, 0xFFFF,
  0xFFFF, 0xFFFF, 0xFFFF, 0xFFFF, 0xFFFF, 0xFFFF, 0xFFFF, 0xFFFF, 0xFFFF, 0xFFFF, 0xFFFF, 0xFFFF,
  0xFFFF, 0xFFFF, 0xFFFF, 0xFFFF, 0xFFFF, 0xFFFF, 0xFFFF, 0xFFFF, 0xFFFF, 0xFFFF, 0xFFFF, 0xFFFF,
  0xFFFF, 0xFFFF, 0xFFFF, 0xFFFF, 0xFFFF, 0xFFFF, 0xFFFF, 0xFFFF, 0xFFFF, 0xFFFF, 0xFFFF, 0xFFFF,
  0xFFFF, 0xFFFF, 0xFFFF, 0xFFFF, 0xFFFF, 0xFFFF, 0xFFFF, 0xFFFF, 0xFFFF, 0xFFFF, 0xFFFF, 0xFFFF,
  0xFFFF, 0xFFFF, 0xFFFF, 0xFFFF, 0xFFFF, 0xFFFF, 0xFFFF, 0xFFFF, 0xFFFF, 0xFFFF, 0xFFFF, 0xFFFF,
  0xFFFF, 0xFFFF, 0xFFFF, 0xFFFF, 0xFFFF, 0xFFFF, 0xFFFF, 0xFFFF, 0xFFFF, 0xFFFF, 0xFFFF, 0xFFFF,
  0xFFFF, 0xFFFF, 0xFFFF, 0xFFFF, 0xFFFF, 0xFFFF, 0xFFFF, 0xFFFF, 0xFFFF, 0xFFFF, 0xFFFF, 0xFFFF,
  0xFFFF, 0xFFFF, 0xFFFF, 0xFFFF, 0xFFFF, 0xFFFF, 0xFFFF, 0xFFFF, 0xFFFF, 0xFFFF, 0xFFFF, 0xFFFF,
  0xFFFF, 0xFFFF, 0xFFFF, 0xFFFF, 0xFFFF, 0xFFFF, 0xFFFF, 0xFFFF, 0xFFFF, 0xFFFF, 0xFFFF, 0xFFFF,
  0xFFFF, 0xFFFF, 0xFFFF, 0xFFFF, 0xFFFF, 0xFFFF, 0xFFFF, 0xFFFF, 0xFFFF, 0xFFFF, 0xFFFF, 0xFFFF,
  0xFFFF, 0xFFFF, 0xFFFF, 0xFFFF, 0xFFFF, 0xFFFF, 0xFFFF, 0xFFFF, 0xFFFF, 0xFFFF, 0xFFFF, 0xFFFF,
  0xFFFF, 0xFFFF, 0xFFFF, 0xFFFF, 0xFFFF, 0xFFFF, 0xFFFF, 0xFFFF, 0xFFFF, 0xFFFF, 0xFFFF, 0xFFFF,
  0xFFFF, 0xFFFF, 0xFFFF, 0xFFFF, 0xFFFF, 0xFFFF, 0xFFFF, 0xFFFF, 0xFFFF, 0xFFFF, 0xFFFF, 0xFFFF,
  0xFFFF, 0xFFFF, 0xFFFF, 0xFFFF, 0xFFFF, 0xFFFF, 0xFFFF, 0xFFFF, 0xFFFF, 0xFFFF, 0xFFFF, 0xFFFF,
  0xFFFF, 0xFFFF, 0xFFFF, 0xFFFF, 0xFFFF, 0xFFFF, 0xFFFF, 0xFFFF, 0xFFFF, 0xFFFF, 0xFFFF, 0xFFFF,
  0xFFFF, 0xFFFF, 0xFFFF, 0xFFFF, 0xFFFF, 0xFFFF, 0xFFFF, 0xFFFF, 0xFFFF, 0xFFFF, 0xFFFF, 0xFFFF,
  0xFFFF, 0xFFFF, 0xFFFF, 0xFFFF, 0xFFFF, 0xFFFF, 0xFFFF, 0xFFFF, 0xFFFF, 0xFFFF, 0xFFFF, 0xFFFF,
  0xFFFF, 0xFFFF, 0xFFFF, 0xFFFF, 0xFFFF, 0xFFFF, 0xFFFF, 0xFFFF, 0xFFFF, 0xFFFF, 0xFFFF, 0xFFFF,
  0xFFFF, 0xFFFF, 0xFFFF, 0xFFFF, 0xFFFF, 0xFFFF, 0xFFFF, 0xFFFF, 0xFFFF, 0xFFFF, 0xFFFF, 0xFFFF,
  0xFFFF, 0xFFFF, 0xFFFF, 0xFFFF, 0xFFFF, 0xFFFF, 0xFFFF, 0xFFFF, 0xFFFF, 0xFFFF, 0xFFFF, 0xFFFF,
  0xFFFF, 0xFFFF, 0xFFFF, 0xFFFF, 0xFFFF, 0xFFFF, 0xFFFF, 0xFFFF, 0xFFFF, 0xFFFF, 0xFFFF, 0xFFFF,
  0xFFFF, 0xFFFF, 0xFFFF, 0xFFFF, 0xFFFF, 0xFFFF, 0xFFFF, 0xFFFF, 0xFFFF, 0xFFFF, 0xFFFF, 0xFFFF,
  0xFFFF, 0xFFFF, 0xFFFF, 0xFFFF, 0xFFFF, 0xFFFF, 0xFFFF, 0xFFFF, 0xFFFF, 0xFFFF, 0xFFFF, 0xFFFF,
  0xFFFF, 0xFFFF, 0xFFFF, 0xFFFF, 0xFFFF, 0xFFFF, 0xFFFF, 0xFFFF, 0xFFFF, 0xFFFF, 0xFFFF, 0xFFFF,
  0xFFFF, 0xFFFF, 0xFFFF, 0xFFFF, 0xFFFF, 0xFFFF, 0xFFFF, 0xFFFF, 0xFFFF, 0xFFFF, 0xFFFF, 0xFFFF,
  0xFFFF, 0xFFFF, 0xFFFF, 0xFFFF, 0xFFFF, 0xFFFF, 0xFFFF, 0xFFFF, 0xFFFF, 0xFFFF, 0xFFFF, 0xFFFF,
  0xFFFF, 0xFFFF, 0xFFFF, 0xFFFF, 0xFFFF, 0xFFFF, 0xFFFF, 0xFFFF, 0xFFFF, 0xFFFF, 0xFFFF, 0xFFFF,
  0xFFFF, 0xFFFF, 0xFFFF, 0xFFFF, 0xFFFF, 0xFFFF, 0xFFFF, 0xFFFF, 0xFFFF, 0xFFFF, 0xFFFF, 0xFFFF,
  0xFFFF, 0xFFFF, 0xFFFF, 0xFFFF, 0xFFFF, 0xFFFF, 0xFFFF, 0xFFFF, 0xFFFF, 0xFFFF, 0xFFFF, 0xFFFF,
  0xFFFF, 0xFFFF, 0xFFFF, 0xFFFF, 0xFFFF, 0xFFFF, 0xFFFF, 0xFFFF, 0xFFFF, 0xFFFF, 0xFFFF, 0xFFFF,
  0xFFFF, 0xFFFF, 0xFFFF, 0xFFFF, 0xFFFF, 0xFFFF, 0xFFFF, 0xFFFF, 0xFFFF, 0xFFFF, 0xFFFF, 0xFFFF,
  0xFFFF, 0xFFFF, 0xFFFF, 0xFFFF, 0xFFFF, 0xFFFF, 0xFFFF, 0xFFFF, 0xFFFF, 0xFFFF, 0xFFFF, 0xFFFF,
  0xFFFF, 0xFFFF, 0xFFFF, 0xFFFF, 0xFFFF, 0xFFFF, 0xFFFF, 0xFFFF, 0xFFFF, 0xFFFF, 0xFFFF, 0xFFFF,
  0xFFFF, 0xFFFF, 0xFFFF, 0xFFFF, 0xFFFF, 0xFFFF, 0xFFFF, 0xFFFF, 0xFFFF, 0xFFFF, 0xFFFF, 0xFFFF,
  0xFFFF, 0xFFFF, 0xFFFF, 0xFFFF, 0xFFFF, 0xFFFF, 0xFFFF, 0xFFFF, 0xFFFF, 0xFFFF, 0xFFFF, 0xFFFF,
  0xFFFF, 0xFFFF, 0xFFFF, 0xFFFF, 0xFFFF, 0xFFFF, 0xFFFF, 0xFFFF, 0xFFFF, 0xFFFF, 0xFFFF, 0xFFFF,
  0xFFFF, 0xFFFF, 0xFFFF, 0xFFFF, 0xFFFF, 0xFFFF, 0xFFFF, 0xFFFF, 0xFFFF, 0xFFFF, 0xFFFF, 0xFFFF,
  0xFFFF, 0xFFFF, 0xFFFF, 0xFFFF, 0xFFFF, 0xFFFF, 0xFFFF, 0xFFFF, 0xFFFF, 0xFFFF, 0xFFFF, 0xFFFF,
  0xFFFF, 0xFFFF, 0xFFFF, 0xFFFF, 0xFFFF, 0xFFFF, 0xFFFF, 0xFFFF, 0xFFFF, 0xFFFF, 0xFFFF, 0xFFFF,
  0xFFFF, 0xFFFF, 0xFFFF, 0xFFFF, 0xFFFF, 0xFFFF, 0xFFFF, 0xFFFF, 0xFFFF, 0xFFFF, 0xFFFF, 0xFFFF,
  0xFFFF, 0xFFFF, 0xFFFF, 0xFFFF, 0xFFFF, 0xFFFF, 0xFFFF, 0xFFFF, 0xFFFF, 0xFFFF, 0xFFFF, 0xFFFF,
  0xFFFF, 0xFFFF, 0xFFFF, 0xFFFF, 0xFFFF, 0xFFFF, 0xFFFF, 0xFFFF, 0xFFFF, 0xFFFF, 0xFFFF, 0xFFFF,
  0xFFFF, 0xFFFF, 0xFFFF, 0xFFFF, 0xFFFF, 0xFFFF, 0xFFFF, 0xFFFF, 0xFFFF, 0xFFFF, 0xFFFF, 0xFFFF,
  0xFFFF, 0xFFFF, 0xFFFF, 0xFFFF, 0xFFFF, 0xFFFF, 0xFFFF, 0xFFFF, 0xFFFF, 0xFFFF, 0xFFFF, 0xFFFF,
  0xFFFF, 0xFFFF, 0xFFFF, 0xFFFF, 0xFFFF, 0xFFFF, 0xFFFF, 0xFFFF, 0xFFFF, 0xFFFF, 0xFFFF, 0xFFFF,
  0xFFFF, 0xFFFF, 0xFFFF, 0xFFFF, 0xFFFF, 0xFFFF, 0xFFFF, 0xFFFF, 0xFFFF, 0xFFFF, 0xFFFF, 0xFFFF,
  0xFFFF, 0xFFFF, 0xFFFF, 0xFFFF, 0xFFFF, 0xFFFF, 0xFFFF, 0xFFFF, 0xFFFF, 0xFFFF, 0xFFFF, 0xFFFF,
  0xFFFF, 0xFFFF, 0xFFFF, 0xFFFF, 0xFFFF, 0xFFFF, 0xFFFF, 0xFFFF, 0xFFFF, 0xFFFF, 0xFFFF, 0xFFFF,
  0xFFFF, 0xFFFF, 0xFFFF, 0xFFFF, 0xFFFF, 0xFFFF, 0xFFFF, 0xFFFF, 0xFFFF, 0xFFFF, 0xFFFF, 0xFFFF,
  0xFFFF, 0xFFFF, 0xFFFF, 0xFFFF, 0xFFFF, 0xFFFF, 0xFFFF, 0xFFFF, 0xFFFF, 0xFFFF, 0xFFFF, 0xFFFF,
  0xFFFF, 0xFFFF, 0xFFFF, 0xFFFF, 0xFFFF, 0xFFFF, 0xFFFF, 0xFFFF, 0xFFFF, 0xFFFF, 0xFFFF, 0xFFFF,
  0xFFFF, 0xFFFF, 0xFFFF, 0xFFFF, 0xFFFF, 0xFFFF, 0xFFFF, 0xFFFF, 0xFFFF, 0xFFFF, 0xFFFF, 0xFFFF,
  0xFFFF, 0xFFFF, 0xFFFF, 0xFFFF, 0xFFFF, 0xFFFF, 0xFFFF, 0xFFFF, 0xFFFF, 0xFFFF, 0xFFFF, 0xFFFF,
  0xFFFF, 0xFFFF, 0xFFFF, 0xFFFF, 0xFFFF, 0xFFFF, 0xFFFF, 0xFFFF, 0xFFFF, 0xFFFF, 0xFFFF, 0xFFFF,
  0xFFFF, 0xFFFF, 0xFFFF, 0xFFFF, 0xFFFF, 0xFFFF, 0xFFFF, 0xFFFF, 0xFFFF, 0xFFFF, 0xFFFF, 0xFFFF,
  0xFFFF, 0xFFFF, 0xFFFF, 0xFFFF, 0xFFFF, 0xFFFF, 0xFFFF, 0xFFFF, 0xFFFF, 0xFFFF, 0xFFFF, 0xFFFF,
  0xFFFF, 0xFFFF, 0xFFFF, 0xFFFF, 0xFFFF, 0xFFFF, 0xFFFF, 0xFFFF, 0xFFFF, 0xFFFF, 0xFFFF, 0xFFFF,
  0xFFFF, 0xFFFF, 0xFFFF, 0xFFFF, 0xFFFF, 0xFFFF, 0xFFFF, 0xFFFF, 0xFFFF, 0xFFFF, 0xFFFF, 0xFFFF,
  0xFFFF, 0xFFFF, 0xFFFF, 0xFFFF, 0xFFFF, 0xFFFF, 0xFFFF, 0xFFFF, 0xFFFF, 0xFFFF, 0xFFFF, 0xFFFF,
  0xFFFF, 0xFFFF, 0xFFFF, 0xFFFF, 0xFFFF, 0xFFFF, 0xFFFF, 0xFFFF, 0xFFFF, 0xFFFF, 0xFFFF, 0xFFFF,
  0xFFFF, 0xFFFF, 0xFFFF, 0xFFFF, 0xFFFF, 0xFFFF, 0xFFFF, 0xFFFF, 0xFFFF, 0xFFFF, 0xFFFF, 0xFFFF,
  0xFFFF, 0xFFFF, 0xFFFF, 0xFFFF, 0xFFFF, 0xFFFF, 0xFFFF, 0xFFFF, 0xFFFF, 0xFFFF, 0xFFFF, 0xFFFF,
  0xFFFF, 0xFFFF, 0xFFFF, 0xFFFF, 0xFFFF, 0xFFFF, 0xFFFF, 0xFFFF, 0xFFFF, 0xFFFF, 0xFFFF, 0xFFFF,
  0xFFFF, 0xFFFF, 0xFFFF, 0xFFFF, 0xFFFF, 0xFFFF, 0xFFFF, 0xFFFF, 0xFFFF, 0xFFFF, 0xFFFF, 0xFFFF,
  0xFFFF, 0xFFFF, 0xFFFF, 0xFFFF, 0xFFFF, 0xFFFF, 0xFFFF, 0xFFFF, 0xFFFF, 0xFFFF, 0xFFFF, 0xFFFF,
  0xFFFF, 0xFFFF, 0xFFFF, 0xFFFF, 0xFFFF, 0xFFFF, 0xFFFF, 0xFFFF, 0xFFFF, 0xFFFF, 0xFFFF, 0xFFFF,
  0xFFFF, 0xFFFF, 0xFFFF, 0xFFFF, 0xFFFF, 0xFFFF, 0xFFFF, 0xFFFF, 0xFFFF, 0xFFFF, 0xFFFF, 0xFFFF,
  0xFFFF, 0xFFFF, 0xFFFF, 0xFFFF, 0xFFFF, 0xFFFF, 0xFFFF, 0xFFFF, 0xFFFF, 0xFFFF, 0xFFFF, 0xFFFF,
  0xFFFF, 0xFFFF, 0xFFFF, 0xFFFF, 0xFFFF, 0xFFFF, 0xFFFF, 0xFFFF, 0xFFFF, 0xFFFF, 0xFFFF, 0xFFFF,
  0xFFFF, 0xFFFF, 0xFFFF, 0xFFFF, 0xFFFF, 0xFFFF, 0xFFFF, 0xFFFF, 0xFFFF, 0xFFFF, 0xFFFF, 0xFFFF,
  0xFFFF, 0xFFFF, 0xFFFF, 0xFFFF, 0xFFFF, 0xFFFF, 0xFFFF, 0xFFFF, 0xFFFF, 0xFFFF, 0xFFFF, 0xFFFF,
  0xFFFF, 0xFFFF, 0xFFFF, 0xFFFF, 0xFFFF, 0xFFFF, 0xFFFF, 0xFFFF, 0xFFFF, 0xFFFF, 0xFFFF, 0xFFFF,
  0xFFFF, 0xFFFF, 0xFFFF, 0xFFFF, 0xFFFF, 0xFFFF, 0xFFFF, 0xFFFF, 0xFFFF, 0xFFFF, 0xFFFF, 0xFFFF,
  0xFFFF, 0xFFFF, 0xFFFF, 0xFFFF, 0xFFFF, 0xFFFF, 0xFFFF, 0xFFFF, 0xFFFF, 0xFFFF, 0xFFFF, 0xFFFF,
  0xFFFF, 0xFFFF, 0xFFFF, 0xFFFF, 0xFFFF, 0xFFFF, 0xFFFF, 0xFFFF, 0xFFFF, 0xFFFF, 0xFFFF, 0xFFFF,
  0xFFFF, 0xFFFF, 0xFFFF, 0xFFFF, 0xFFFF, 0xFFFF, 0xFFFF, 0xFFFF, 0xFFFF, 0xFFFF, 0xFFFF, 0xFFFF,
  0xFFFF, 0xFFFF, 0xFFFF, 0xFFFF, 0xFFFF, 0xFFFF, 0xFFFF, 0xFFFF, 0xFFFF, 0xFFFF, 0xFFFF, 0xFFFF,
  0xFFFF, 0xFFFF, 0xFFFF, 0xFFFF, 0xFFFF, 0xFFFF, 0xFFFF, 0xFFFF, 0xFFFF, 0xFFFF, 0xFFFF, 0xFFFF,
  0xFFFF, 0xFFFF, 0xFFFF, 0xFFFF, 0xFFFF, 0xFFFF, 0xFFFF, 0xFFFF, 0xFFFF, 0xFFFF, 0xFFFF, 0xFFFF,
  0xFFFF, 0xFFFF, 0xFFFF, 0xFFFF, 0xFFFF, 0xFFFF, 0xFFFF, 0xFFFF, 0xFFFF, 0xFFFF, 0xFFFF, 0xFFFF,
  0xFFFF, 0xFFFF, 0xFFFF, 0xFFFF, 0xFFFF, 0xFFFF, 0xFFFF, 0xFFFF, 0xFFFF, 0xFFFF, 0xFFFF, 0xFFFF,
  0xFFFF, 0xFFFF, 0xFFFF, 0xFFFF, 0xFFFF, 0xFFFF, 0xFFFF, 0xFFFF, 0xFFFF, 0xFFFF, 0xFFFF, 0xFFFF,
  0xFFFF, 0xFFFF, 0xFFFF, 0xFFFF, 0xFFFF, 0xFFFF, 0xFFFF, 0xFFFF, 0xFFFF, 0xFFFF, 0xFFFF, 0xFFFF,
  0xFFFF, 0xFFFF, 0xFFFF, 0xFFFF, 0xFFFF, 0xFFFF, 0xFFFF, 0xFFFF, 0xFFFF, 0xFFFF, 0xFFFF, 0xFFFF,
  0xFFFF, 0xFFFF, 0xFFFF, 0xFFFF, 0xFFFF, 0xFFFF, 0xFFFF, 0xFFFF, 0xFFFF, 0xFFFF, 0xFFFF, 0xFFFF,
  0xFFFF, 0xFFFF, 0xFFFF, 0xFFFF, 0xFFFF, 0xFFFF, 0xFFFF, 0xFFFF, 0xFFFF, 0xFFFF, 0xFFFF, 0xFFFF,
  0xFFFF, 0xFFFF, 0xFFFF, 0xFFFF, 0xFFFF, 0xFFFF, 0xFFFF, 0xFFFF, 0xFFFF, 0xFFFF, 0xFFFF, 0xFFFF,
  0xFFFF, 0xFFFF, 0xFFFF, 0xFFFF, 0xFFFF, 0xFFFF, 0xFFFF, 0xFFFF, 0xFFFF, 0xFFFF, 0xFFFF, 0xFFFF,
  0xFFFF, 0xFFFF, 0xFFFF, 0xFFFF, 0xFFFF, 0xFFFF, 0xFFFF, 0xFFFF, 0xFFFF, 0xFFFF, 0xFFFF, 0xFFFF,
  0xFFFF, 0xFFFF, 0xFFFF, 0xFFFF, 0xFFFF, 0xFFFF, 0xFFFF, 0xFFFF, 0xFFFF, 0xFFFF, 0xFFFF, 0xFFFF,
  0xFFFF, 0xFFFF, 0xFFFF, 0xFFFF, 0xFFFF, 0xFFFF, 0xFFFF, 0xFFFF, 0xFFFF, 0xFFFF, 0xFFFF, 0xFFFF,
  0xFFFF, 0xFFFF, 0xFFFF, 0xFFFF, 0xFFFF, 0xFFFF, 0xFFFF, 0xFFFF, 0xFFFF, 0xFFFF, 0xFFFF, 0xFFFF,
  0xFFFF, 0xFFFF, 0xFFFF, 0xFFFF, 0xFFFF, 0xFFFF, 0xFFFF, 0xFFFF, 0xFFFF, 0xFFFF, 0xFFFF, 0xFFFF,
  0xFFFF, 0xFFFF, 0xFFFF, 0xFFFF, 0xFFFF, 0xFFFF, 0xFFFF, 0xFFFF, 0xFFFF, 0xFFFF, 0xFFFF, 0xFFFF,
  0xFFFF, 0xFFFF, 0xFFFF, 0xFFFF, 0xFFFF, 0xFFFF, 0xFFFF, 0xFFFF, 0xFFFF, 0xFFFF, 0xFFFF, 0xFFFF,
  0xFFFF, 0xFFFF, 0xFFFF, 0xFFFF, 0xFFFF, 0xFFFF, 0xFFFF, 0xFFFF, 0xFFFF, 0xFFFF, 0xFFFF, 0xFFFF,
  0xFFFF, 0xFFFF, 0xFFFF, 0xFFFF, 0xFFFF, 0xFFFF, 0xFFFF, 0xFFFF, 0xFFFF, 0xFFFF, 0xFFFF, 0xFFFF,
  0xFFFF, 0xFFFF, 0xFFFF, 0xFFFF, 0xFFFF, 0xFFFF, 0xFFFF, 0xFFFF, 0xFFFF, 0xFFFF, 0xFFFF, 0xFFFF,
  0xFFFF, 0xFFFF, 0xFFFF, 0xFFFF, 0xFFFF, 0xFFFF, 0xFFFF, 0xFFFF, 0xFFFF, 0xFFFF, 0xFFFF, 0xFFFF,
  0xFFFF, 0xFFFF, 0xFFFF, 0xFFFF, 0xFFFF, 0xFFFF, 0xFFFF, 0xFFFF, 0xFFFF, 0xFFFF, 0xFFFF, 0xFFFF,
  0xFFFF, 0xFFFF, 0xFFFF, 0xFFFF, 0xFFFF, 0xFFFF, 0xFFFF, 0xFFFF, 0xFFFF, 0xFFFF, 0xFFFF, 0xFFFF,
  0xFFFF, 0xFFFF, 0xFFFF, 0xFFFF, 0xFFFF, 0xFFFF, 0xFFFF, 0xFFFF, 0xFFFF, 0xFFFF, 0xFFFF, 0xFFFF,
  0xFFFF, 0xFFFF, 0xFFFF, 0xFFFF, 0xFFFF, 0xFFFF, 0xFFFF, 0xFFFF, 0xFFFF, 0xFFFF, 0xFFFF, 0xFFFF,
  0xFFFF, 0xFFFF, 0xFFFF, 0xFFFF, 0xFFFF, 0xFFFF, 0xFFFF, 0xFFFF, 0xFFFF, 0xFFFF, 0xFFFF, 0xFFFF,
  0xFFFF, 0xFFFF, 0xFFFF, 0xFFFF, 0xFFFF, 0xFFFF, 0xFFFF, 0xFFFF, 0xFFFF, 0xFFFF, 0xFFFF, 0xFFFF,
  0xFFFF, 0xFFFF, 0xFFFF, 0xFFFF, 0xFFFF, 0xFFFF, 0xFFFF, 0xFFFF, 0xFFFF, 0xFFFF, 0xFFFF, 0xFFFF,
  0xFFFF, 0xFFFF, 0xFFFF, 0xFFFF, 0xFFFF, 0xFFFF, 0xFFFF, 0xFFFF, 0xFFFF, 0xFFFF, 0xFFFF, 0xFFFF,
  0xFFFF, 0xFFFF, 0xFFFF, 0xFFFF, 0xFFFF, 0xFFFF, 0xFFFF, 0xFFFF, 0xFFFF, 0xFFFF, 0xFFFF, 0xFFFF,
  0xFFFF, 0xFFFF, 0xFFFF, 0xFFFF, 0xFFFF, 0xFFFF, 0xFFFF, 0xFFFF, 0xFFFF, 0xFFFF, 0xFFFF, 0xFFFF,
  0xFFFF, 0xFFFF, 0xFFFF, 0xFFFF, 0xFFFF, 0xFFFF, 0xFFFF, 0xFFFF, 0xFFFF, 0xFFFF, 0xFFFF, 0xFFFF,
  0xFFFF, 0xFFFF, 0xFFFF, 0xFFFF, 0xFFFF, 0xFFFF, 0xFFFF, 0xFFFF, 0xFFFF, 0xFFFF, 0xFFFF, 0xFFFF,
  0xFFFF, 0xFFFF, 0xFFFF, 0xFFFF, 0xFFFF, 0xFFFF, 0xFFFF, 0xFFFF, 0xFFFF, 0xFFFF, 0xFFFF, 0xFFFF,
  0xFFFF, 0xFFFF, 0xFFFF, 0xFFFF, 0xFFFF, 0xFFFF, 0xFFFF, 0xFFFF, 0xFFFF, 0xFFFF, 0xFFFF, 0xFFFF,
  0xFFFF, 0xFFFF, 0xFFFF, 0xFFFF, 0xFFFF, 0xFFFF, 0xFFFF, 0xFFFF, 0xFFFF, 0xFFFF, 0xFFFF, 0xFFFF,
  0xFFFF, 0xFFFF, 0xFFFF, 0xFFFF, 0xFFFF, 0xFFFF, 0xFFFF, 0xFFFF, 0xFFFF, 0xFFFF, 0xFFFF, 0xFFFF,
  0xFFFF, 0xFFFF, 0xFFFF, 0xFFFF, 0xFFFF, 0xFFFF, 0xFFFF, 0xFFFF, 0xFFFF, 0xFFFF, 0xFFFF, 0xFFFF,
  0xFFFF, 0xFFFF, 0xFFFF, 0xFFFF, 0xFFFF, 0xFFFF, 0xFFFF, 0xFFFF, 0xFFFF, 0xFFFF, 0xFFFF, 0xFFFF,
  0xFFFF, 0xFFFF, 0xFFFF, 0xFFFF, 0xFFFF, 0xFFFF, 0xFFFF, 0xFFFF, 0xFFFF, 0xFFFF, 0xFFFF, 0xFFFF,
  0xFFFF, 0xFFFF, 0xFFFF, 0xFFFF, 0xFFFF, 0xFFFF, 0xFFFF, 0xFFFF, 0xFFFF, 0xFFFF, 0xFFFF, 0xFFFF,
  0xFFFF, 0xFFFF, 0xFFFF, 0xFFFF, 0xFFFF, 0xFFFF, 0xFFFF, 0xFFFF, 0xFFFF, 0xFFFF, 0xFFFF, 0xFFFF,
  0xFFFF, 0xFFFF, 0xFFFF, 0xFFFF, 0xFFFF, 0xFFFF, 0xFFFF, 0xFFFF, 0xFFFF, 0xFFFF, 0xFFFF, 0xFFFF,
  0xFFFF, 0xFFFF, 0xFFFF, 0xFFFF, 0xFFFF, 0xFFFF, 0xFFFF, 0xFFFF, 0xFFFF, 0xFFFF, 0xFFFF, 0xFFFF,
  0xFFFF, 0xFFFF, 0xFFFF, 0xFFFF, 0xFFFF, 0xFFFF, 0xFFFF, 0xFFFF, 0xFFFF, 0xFFFF, 0xFFFF, 0xFFFF,
  0xFFFF, 0xFFFF, 0xFFFF, 0xFFFF, 0xFFFF, 0xFFFF, 0xFFFF, 0xFFFF, 0xFFFF, 0xFFFF, 0xFFFF, 0xFFFF,
  0xFFFF, 0xFFFF, 0xFFFF, 0xFFFF, 0xFFFF, 0xFFFF, 0xFFFF, 0xFFFF, 0xFFFF, 0xFFFF, 0xFFFF, 0xFFFF,
  0xFFFF, 0xFFFF, 0xFFFF, 0xFFFF, 0xFFFF, 0xFFFF, 0xFFFF, 0xFFFF, 0xFFFF, 0xFFFF, 0xFFFF, 0xFFFF,
  0xFFFF, 0xFFFF, 0xFFFF, 0xFFFF, 0xFFFF, 0xFFFF, 0xFFFF, 0xFFFF, 0xFFFF, 0xFFFF, 0xFFFF, 0xFFFF,
  0xFFFF, 0xFFFF, 0xFFFF, 0xFFFF, 0xFFFF, 0xFFFF, 0xFFFF, 0xFFFF, 0xFFFF, 0xFFFF, 0xFFFF, 0xFFFF,
  0xFFFF, 0xFFFF, 0xFFFF, 0xFFFF, 0xFFFF, 0xFFFF, 0xFFFF, 0xFFFF, 0xFFFF, 0xFFFF, 0xFFFF, 0xFFFF,
  0xFFFF, 0xFFFF, 0xFFFF, 0xFFFF, 0xFFFF, 0xFFFF, 0xFFFF, 0xFFFF, 0xFFFF, 0xFFFF, 0xFFFF, 0xFFFF,
  0xFFFF, 0xFFFF, 0xFFFF, 0xFFFF, 0xFFFF, 0xFFFF, 0xFFFF, 0xFFFF, 0xFFFF, 0xFFFF, 0xFFFF, 0xFFFF,
  0xFFFF, 0xFFFF, 0xFFFF, 0xFFFF, 0xFFFF, 0xFFFF, 0xFFFF, 0xFFFF, 0xFFFF, 0xFFFF, 0xFFFF, 0xFFFF,
  0xFFFF, 0xFFFF, 0xFFFF, 0xFFFF, 0xFFFF, 0xFFFF, 0xFFFF, 0xFFFF, 0xFFFF, 0xFFFF, 0xFFFF, 0xFFFF,
  0xFFFF, 0xFFFF, 0xFFFF, 0xFFFF, 0xFFFF, 0xFFFF, 0xFFFF, 0xFFFF, 0xFFFF, 0xFFFF, 0xFFFF, 0xFFFF,
  0xFFFF, 0xFFFF, 0xFFFF, 0xFFFF, 0xFFFF, 0xFFFF, 0xFFFF, 0xFFFF, 0xFFFF, 0xFFFF, 0xFFFF, 0xFFFF,
  0xFFFF, 0xFFFF, 0xFFFF, 0xFFFF, 0xFFFF, 0xFFFF, 0xFFFF, 0xFFFF, 0xFFFF, 0xFFFF, 0xFFFF, 0xFFFF,
  0xFFFF, 0xFFFF, 0xFFFF, 0xFFFF, 0xFFFF, 0xFFFF, 0xFFFF, 0xFFFF, 0xFFFF, 0xFFFF, 0xFFFF, 0xFFFF,
  0xFFFF, 0xFFFF, 0xFFFF, 0xFFFF, 0xFFFF, 0xFFFF, 0xFFFF, 0xFFFF, 0xFFFF, 0xFFFF, 0xFFFF, 0xFFFF,
  0xFFFF, 0xFFFF, 0xFFFF, 0xFFFF, 0xFFFF, 0xFFFF, 0xFFFF, 0xFFFF, 0xFFFF, 0xFFFF, 0xFFFF, 0xFFFF,
  0xFFFF, 0xFFFF, 0xFFFF, 0xFFFF, 0xFFFF, 0xFFFF, 0xFFFF, 0xFFFF, 0xFFFF, 0xFFFF, 0xFFFF, 0xFFFF,
  0xFFFF, 0xFFFF, 0xFFFF, 0xFFFF, 0xFFFF, 0xFFFF, 0xFFFF, 0xFFFF, 0xFFFF, 0xFFFF, 0xFFFF, 0xFFFF,
  0xFFFF, 0xFFFF, 0xFFFF, 0xFFFF, 0xFFFF, 0xFFFF, 0xFFFF, 0xFFFF, 0xFFFF, 0xFFFF, 0xFFFF, 0xFFFF,
  0xFFFF, 0xFFFF, 0xFFFF, 0xFFFF, 0xFFFF, 0xFFFF, 0xFFFF, 0xFFFF, 0xFFFF, 0xFFFF, 0xFFFF, 0xFFFF,
  0xFFFF, 0xFFFF, 0xFFFF, 0xFFFF, 0xFFFF, 0xFFFF, 0xFFFF, 0xFFFF, 0xFFFF, 0xFFFF, 0xFFFF, 0xFFFF,
  0xFFFF, 0xFFFF, 0xFFFF, 0xFFFF, 0xFFFF, 0xFFFF, 0xFFFF, 0xFFFF, 0xFFFF, 0xFFFF, 0xFFFF, 0xFFFF,
  0xFFFF, 0xFFFF, 0xFFFF, 0xFFFF, 0xFFFF, 0xFFFF, 0xFFFF, 0xFFFF, 0xFFFF, 0xFFFF, 0xFFFF, 0xFFFF,
  0xFFFF, 0xFFFF, 0xFFFF, 0xFFFF, 0xFFFF, 0xFFFF, 0xFFFF, 0xFFFF, 0xFFFF, 0xFFFF, 0xFFFF, 0xFFFF,
  0xFFFF, 0xFFFF, 0xFFFF, 0xFFFF, 0xFFFF, 0xFFFF, 0xFFFF, 0xFFFF, 0xFFFF, 0xFFFF, 0xFFFF, 0xFFFF,
  0xFFFF, 0xFFFF, 0xFFFF, 0xFFFF, 0xFFFF, 0xFFFF, 0xFFFF, 0xFFFF, 0xFFFF, 0xFFFF, 0xFFFF, 0xFFFF,
  0xFFFF, 0xFFFF, 0xFFFF, 0xFFFF, 0xFFFF, 0xFFFF, 0xFFFF, 0xFFFF, 0xFFFF, 0xFFFF, 0xFFFF, 0xFFFF,
  0xFFFF, 0xFFFF, 0xFFFF, 0xFFFF, 0xFFFF, 0xFFFF, 0xFFFF, 0xFFFF, 0xFFFF, 0xFFFF, 0xFFFF, 0xFFFF,
  0xFFFF, 0xFFFF, 0xFFFF, 0xFFFF, 0xFFFF, 0xFFFF, 0xFFFF, 0xFFFF, 0xFFFF, 0xFFFF, 0xFFFF, 0xFFFF,
  0xFFFF, 0xFFFF, 0xFFFF, 0xFFFF, 0xFFFF, 0xFFFF, 0xFFFF, 0xFFFF, 0xFFFF, 0xFFFF, 0xFFFF, 0xFFFF,
  0xFFFF, 0xFFFF, 0xFFFF, 0xFFFF, 0xFFFF, 0xFFFF, 0xFFFF, 0xFFFF, 0xFFFF, 0xFFFF, 0xFFFF, 0xFFFF,
  0xFFFF, 0xFFFF, 0xFFFF, 0xFFFF, 0xFFFF, 0xFFFF, 0xFFFF, 0xFFFF, 0xFFFF, 0xFFFF, 0xFFFF, 0xFFFF,
  0xFFFF, 0xFFFF, 0xFFFF, 0xFFFF, 0xFFFF, 0xFFFF, 0xFFFF, 0xFFFF, 0xFFFF, 0xFFFF, 0xFFFF, 0xFFFF,
  0xFFFF, 0xFFFF, 0xFFFF, 0xFFFF, 0xFFFF, 0xFFFF, 0xFFFF, 0xFFFF, 0xFFFF, 0xFFFF, 0xFFFF, 0xFFFF,
  0xFFDF, 0xFFFF, 0xFFFF, 0xFFFF, 0xFFFF, 0xFFFF, 0xFFFF, 0xFFFF, 0xFFFF, 0xFFFF, 0xFFFF, 0xFFFF,
  0xFFFF, 0xFFFF, 0xFFFF, 0xFFFF, 0xFFFF, 0xFFFF, 0xFFFF, 0xFFFF, 0xFFFF, 0xFFFF, 0xFFFF, 0xFFFF,
  0xFFFF, 0xFFFF, 0xFFFF, 0xFFFF, 0xFFFF, 0xFFFF, 0xFFFF, 0xFFFF, 0xFFFF, 0xFFFF, 0xFFFF, 0xFFFF,
  0xFFFF, 0xFFFF, 0xFFFF, 0xFFFF, 0xFFFF, 0xFFFF, 0xFFFF, 0xFFFF, 0xFFFF, 0xFFFF, 0xFFFF, 0xFFFF,
  0xFFFF, 0xFFFF, 0xFFFF, 0xFFFF, 0xFFFF, 0xFFFF, 0xFFFF, 0xFFFF, 0xFFFF, 0xFFFF, 0xFFFF, 0xFFFF,
  0xFFFF, 0xFFFF, 0xFFFF, 0xFFFF, 0xFFFF, 0xFFFF, 0xFFFF, 0xFFFF, 0xFFFF, 0xFFFF, 0xFFFF, 0xFFFF,
  0xFFFF, 0xFFFF, 0xFFFF, 0xFFFF, 0xFFFF, 0xFFFF, 0xFFFF, 0xFFFF, 0xFFFF, 0xFFFF, 0xFFFF, 0xFFFF,
  0xFFFF, 0xFFFF, 0xFFFF, 0xFFFF, 0xFFFF, 0xFFFF, 0xFFFF, 0xFFFF, 0xFFFF, 0xFFFF, 0xFFFF, 0xFFFF,
  0xFFFF, 0xFFFF, 0xFFFF, 0xFFFF, 0xFFFF, 0xFFFF, 0xFFFF, 0xFFFF, 0xFFFF, 0xFFFF, 0xFFFF, 0xFFFF,
  0xFFFF, 0xFFFF, 0xFFFF, 0xFFFF, 0xFFFF, 0xFFFF, 0xFFFF, 0xFFFF, 0xFFFF, 0xFFFF, 0xFFFF, 0xFFFF,
  0xFFFF, 0xFFFF, 0xFFFF, 0xFFFF, 0xFFFF, 0xFFFF, 0xFFFF, 0xFFFF, 0xFFFF, 0xFFFF, 0xFFFF, 0xFFFF,
  0xFFFF, 0xFFFF, 0xFFFF, 0xFFFF, 0xFFFF, 0xFFFF, 0xFFFF, 0xFFFF, 0xFFFF, 0xFFFF, 0xFFFF, 0xFFFF,
  0xFFFF, 0xFFFF, 0xFFFF, 0xFFFF, 0xFFFF, 0xFFFF, 0xFFFF, 0xFFFF, 0xFFFF, 0xFFFF, 0xFFFF, 0xFFFF,
  0xFFFF, 0xFFFF, 0xFFFF, 0xFFFF, 0xFFFF, 0xFFDF, 0xFFFF, 0xFFFF, 0xFFFF, 0xFFFF, 0xFFFF, 0xFFFF,
  0xFFFF, 0xFFFF, 0xFFFF, 0xFFFF, 0xFFFF, 0xFFFF, 0xFFFF, 0xFFFF, 0xFFFF, 0xFFFF, 0xFFFF, 0xFFFF,
  0xFFFF, 0xFFFF, 0xFFFF, 0xFFFF, 0xFFFF, 0xFFFF, 0xFFFF, 0xFFFF, 0xFFFF, 0xFFFF, 0xFFFF, 0xFFFF,
  0xFFFF, 0xFFFF, 0xFFFF, 0xFFFF, 0xFFFF, 0xFFFF, 0xFFFF, 0xFFFF, 0xFFFF, 0xFFFF, 0xFFFF, 0xFFFF,
  0xFFFF, 0xFFFF, 0xFFFF, 0xFFFF, 0xFFFF, 0xFFFF, 0xFFFF, 0xFFFF, 0xFFFF, 0xFFFF, 0xFFFF, 0xFFFF,
  0xFFFF, 0xFFFF, 0xFFFF, 0xFFFF, 0xFFFF, 0xFFFF, 0xFFFF, 0xFFFF, 0xFFFF, 0xFFFF, 0xFFFF, 0xFFFF,
  0xFFFF, 0xFFFF, 0xFFFF, 0xFFFF, 0xFFFF, 0xFFFF, 0xFFFF, 0xFFFF, 0xFFFF, 0xFFFF, 0xFFFF, 0xFFFF,
  0xFFFF, 0xFFFF, 0xFFFF, 0xFFFF, 0xFFFF, 0xFFFF, 0xFFFF, 0xFFFF, 0xFFFF, 0xFFFF, 0xFFFF, 0xFFFF,
  0xFFFF, 0xFFFF, 0xFFFF, 0xFFFF, 0xFFFF, 0xFFFF, 0xFFFF, 0xFFFF, 0xFFFF, 0xFFFF, 0xFFFF, 0xFFFF,
  0xFFFF, 0xFFFF, 0xFFFF, 0xFFFF, 0xFFFF, 0xFFFF, 0xFFFF, 0xFFFF, 0xFFFF, 0xFFFF, 0xFFFF, 0xFFFF,
  0xFFFF, 0xFFFF, 0xFFFF, 0xFFFF, 0xFFFF, 0xFFFF, 0xFFFF, 0xFFFF, 0xFFFF, 0xFFFF, 0xFFFF, 0xFFFF,
  0xFFFF, 0xFFFF, 0xFFFF, 0xFFFF, 0xFFFF, 0xFFFF, 0xFFFF, 0xFFFF, 0xFFFF, 0xFFFF, 0xFFFF, 0xFFFF,
  0xFFFF, 0xFFFF, 0xFFFF, 0xFFFF, 0xFFFF, 0xFFFF, 0xFFFF, 0xFFFF, 0xFFFF, 0xFFFF, 0xFFFF, 0xFFFF,
  0xFFFF, 0xFFFF, 0xFFFF, 0xFFFF, 0xFFFF, 0xFFFF, 0xFFFF, 0xFFFF, 0xFFFF, 0xFFFF, 0xFFFF, 0xFFFF,
  0xFFFF, 0xFFFF, 0xFFFF, 0xFFFF, 0xFFFF, 0xFFFF, 0xFFFF, 0xFFFF, 0xFFFF, 0xFFFF, 0xFFFF, 0xFFFF,
  0xFFFF, 0xFFFF, 0xFFFF, 0xFFFF, 0xFFFF, 0xFFFF, 0xFFFF, 0xFFFF, 0xFFFF, 0xFFFF, 0xFFFF, 0xFFFF,
  0xFFFF, 0xFFFF, 0xFFFF, 0xFFFF, 0xFFFF, 0xFFFF, 0xFFFF, 0xFFFF, 0xFFFF, 0xFFFF, 0xFFFF, 0xFFFF,
  0xFFFF, 0xFFFF, 0xFFFF, 0xFFFF, 0xFFFF, 0xFFFF, 0xFFFF, 0xFFFF, 0xFFFF, 0xFFFF, 0xFFFF, 0xFFFF,
  0xFFFF, 0xFFFF, 0xFFFF, 0xFFFF, 0xFFFF, 0xFFFF, 0xFFFF, 0xFFFF, 0xFFFF, 0xFFFF, 0xFFFF, 0xFFFF,
  0xFFFF, 0xFFFF, 0xFFFF, 0xFFFF, 0xFFFF, 0xFFFF, 0xFFFF, 0xFFFF, 0xFFFF, 0xFFFF, 0xFFFF, 0xFFFF,
  0xFFFF, 0xFFFF, 0xFFFF, 0xFFFF, 0xFFFF, 0xFFFF, 0xFFFF, 0xFFFF, 0xFFFF, 0xFFFF, 0xFFFF, 0xBDD7,
  0x4228, 0x4A69, 0x4A69, 0x4A49, 0x4228, 0x4208, 0x4208, 0x4208, 0x39E7, 0x39C7, 0x39E7, 0x39E7,
  0x2124, 0x73AE, 0xFFFF, 0xFFFF, 0xFFFF, 0xFFFF, 0xFFFF, 0xFFFF, 0xFFFF, 0xFFFF, 0xFFFF, 0xFFFF,
  0xFFFF, 0xFFFF, 0xFFFF, 0xFFFF, 0xFFFF, 0xFFFF, 0xFFFF, 0xFFFF, 0xFFFF, 0xFFFF, 0xFFFF, 0xFFFF,
  0xFFFF, 0xFFFF, 0xFFFF, 0xFFFF, 0xFFFF, 0xFFFF, 0xFFFF, 0xFFFF, 0xFFFF, 0xFFFF, 0xFFFF, 0xFFFF,
  0xFFFF, 0xFFFF, 0xFFFF, 0xFFFF, 0xFFFF, 0xFFFF, 0xFFFF, 0xFFFF, 0xFFFF, 0xFFFF, 0xFFFF, 0xFFFF,
  0xFFFF, 0xFFFF, 0xFFFF, 0xFFFF, 0xFFFF, 0xFFFF, 0xFFFF, 0xFFFF, 0xFFFF, 0xFFFF, 0xFFFF, 0xFFFF,
  0xFFFF, 0xFFFF, 0xFFFF, 0xFFFF, 0xFFFF, 0xFFFF, 0xFFFF, 0xFFFF, 0xFFFF, 0xDEBA, 0x39C7, 0x2945,
  0x3186, 0x3165, 0x3165, 0x3186, 0x3186, 0x3186, 0x31A6, 0x31A6, 0x31A6, 0x31A6, 0x31A6, 0x31A6,
  0x31A6, 0x31A6, 0x31A6, 0x31A6, 0x39C7, 0x31A6, 0x31A6, 0x31A6, 0x31A6, 0x31A6, 0x31A6, 0x31A6,
  0x39C7, 0x4A49, 0x52AA, 0x6B4D, 0x8430, 0xAD55, 0xD69A, 0xFFDF, 0xFFFF, 0xFFFF, 0xFFFF, 0xFFFF,
  0xFFFF, 0xFFFF, 0xFFFF, 0xFFFF, 0xFFFF, 0xFFFF, 0xFFFF, 0xFFFF, 0xFFFF, 0xFFFF, 0xFFFF, 0xFFFF,
  0xFFFF, 0xFFFF, 0xFFFF, 0xFFFF, 0xFFFF, 0xFFFF, 0xFFFF, 0xFFFF, 0xFFFF, 0xFFFF, 0xFFFF, 0xFFFF,
  0xFFFF, 0xFFFF, 0xFFFF, 0xFFFF, 0xFFFF, 0xFFFF, 0xFFFF, 0xFFFF, 0xFFFF, 0xFFFF, 0xFFFF, 0xFFFF,
  0xFFFF, 0xFFFF, 0xFFFF, 0xFFFF, 0xFFFF, 0xFFFF, 0xFFFF, 0xFFFF, 0xFFFF, 0xFFFF, 0xFFFF, 0xFFFF,
  0xFFFF, 0xFFFF, 0xFFFF, 0xFFFF, 0x8C51, 0x39C7, 0x39E7, 0x39E7, 0x39E7, 0x39E7, 0x39E7, 0x39E7,
  0x39E7, 0x41E7, 0x39C7, 0x39C7, 0xCE79, 0xFFFF, 0xFFFF, 0xFFFF, 0xFFFF, 0xFFFF, 0xFFFF, 0xFFFF,
  0xFFFF, 0xFFFF, 0xFFFF, 0xFFFF, 0xFFFF, 0xFFFF, 0xFFFF, 0xFFFF, 0xFFFF, 0xBDD7, 0x4228, 0x4228,
  0x4228, 0x4208, 0x4228, 0x4228, 0x4228, 0x4A28, 0x4A49, 0x39C7, 0x738E, 0xFFFF, 0xFFFF, 0xFFFF,
  0xFFFF, 0xFFFF, 0xFFFF, 0xFFFF, 0xFFFF, 0xFFFF, 0xFFFF, 0xFFFF, 0xFFFF, 0xFFFF, 0xFFFF, 0xFFFF,
  0xFFFF, 0xFFFF, 0xFFFF, 0xFFFF, 0xFFFF, 0xFFFF, 0xFFFF, 0xFFFF, 0xFFFF, 0xFFFF, 0xFFFF, 0xFFFF,
  0xFFFF, 0xFFFF, 0xFFFF, 0xFFFF, 0xFFFF, 0xFFFF, 0xFFFF, 0xFFFF, 0xFFFF, 0xFFFF, 0xFFFF, 0xFFFF,
  0xFFFF, 0xFFFF, 0xFFFF, 0xFFFF, 0xFFFF, 0xFFFF, 0xFFFF, 0xF79E, 0xC618, 0x1082, 0x0000, 0x0000,
  0x0000, 0x0000, 0x0000, 0x0000, 0x0000, 0x0000, 0x0000, 0x0000, 0x8C51, 0xE73C, 0xFFFF, 0xFFFF,
  0xFFFF, 0xFFFF, 0xFFFF, 0xFFFF, 0xFFFF, 0xFFFF, 0xFFFF, 0xFFFF, 0xFFFF, 0xFFFF, 0xFFFF, 0xFFFF,
  0xFFFF, 0xFFFF, 0xFFFF, 0xFFFF, 0xFFFF, 0xFFFF, 0xFFFF, 0xFFFF, 0xFFFF, 0xFFFF, 0xFFFF, 0xFFFF,
  0xFFFF, 0xFFFF, 0xFFFF, 0xFFFF, 0xFFFF, 0xFFFF, 0xFFFF, 0xFFFF, 0xFFFF, 0xFFFF, 0xFFFF, 0xFFFF,
  0xFFFF, 0xFFFF, 0xFFFF, 0xFFFF, 0xFFFF, 0xFFFF, 0xFFFF, 0xFFFF, 0xFFFF, 0xFFFF, 0xFFFF, 0xFFFF,
  0xFFFF, 0xFFFF, 0xFFFF, 0xFFFF, 0xFFFF, 0xFFFF, 0xFFFF, 0xFFFF, 0xFFFF, 0xFFFF, 0xFFFF, 0xFFFF,
  0xFFFF, 0xFFFF, 0xFFFF, 0xFFFF, 0xFFFF, 0xF7BE, 0xD69A, 0x6B4D, 0x0000, 0x0000, 0x0000, 0x0000,
  0x0000, 0x0000, 0x0000, 0x0000, 0x0000, 0x0000, 0x0000, 0x0000, 0x0000, 0x0000, 0x0000, 0x0000,
  0x0000, 0x0000, 0x0000, 0x0000, 0x0000, 0x0000, 0x0000, 0x0000, 0x0000, 0x0000, 0x0000, 0x0000,
  0x0000, 0x0000, 0x0020, 0x2945, 0x738E, 0xCE59, 0xFFFF, 0xFFFF, 0xFFFF, 0xFFFF, 0xFFFF, 0xFFFF,
  0xFFFF, 0xFFFF, 0xFFFF, 0xFFFF, 0xFFFF, 0xFFFF, 0xFFFF, 0xFFFF, 0xFFFF, 0xFFFF, 0xFFFF, 0xFFFF,
  0xFFFF, 0xFFFF, 0xFFFF, 0xFFFF, 0xFFFF, 0xFFFF, 0xFFFF, 0xFFFF, 0xFFFF, 0xFFFF, 0xFFFF, 0xFFFF,
  0xFFFF, 0xFFFF, 0xFFFF, 0xFFFF, 0xFFFF, 0xFFFF, 0xFFFF, 0xFFFF, 0xFFFF, 0xFFFF, 0xFFFF, 0xFFFF,
  0xFFFF, 0xFFFF, 0xFFFF, 0xFFFF, 0xFFFF, 0xFFFF, 0xFFFF, 0xFFFF, 0xFFFF, 0xFFFF, 0xFFFF, 0xFFFF,
  0xE71C, 0x9CB2, 0x0000, 0x0000, 0x0000, 0x0000, 0x0000, 0x0000, 0x0000, 0x0000, 0x2945, 0xBDD7,
  0xF7BE, 0xFFFF, 0xFFFF, 0xFFFF, 0xFFFF, 0xFFFF, 0xFFFF, 0xFFFF, 0xFFFF, 0xFFFF, 0xFFFF, 0xFFFF,
  0xFFFF, 0xFFFF, 0xFFFF, 0xFFFF, 0xFFFF, 0xEF7D, 0xBDD7, 0x18E3, 0x0000, 0x0000, 0x0000, 0x0000,
  0x0000, 0x0000, 0x0000, 0x5AEB, 0xDEDB, 0xFFFF, 0xFFFF, 0xFFFF, 0xFFFF, 0xFFFF, 0xFFFF, 0xFFFF,
  0xFFFF, 0xFFFF, 0xFFFF, 0xFFFF, 0xFFFF, 0xFFFF, 0xFFFF, 0xFFFF, 0xFFFF, 0xFFFF, 0xFFFF, 0xFFFF,
  0xFFFF, 0xFFFF, 0xFFFF, 0xFFFF, 0xFFFF, 0xFFFF, 0xFFFF, 0xFFFF, 0xFFFF, 0xFFFF, 0xFFFF, 0xFFFF,
  0xFFFF, 0xFFFF, 0xFFFF, 0xFFFF, 0xFFFF, 0xFFFF, 0xFFFF, 0xFFFF, 0xFFFF, 0xFFFF, 0xFFFF, 0xFFFF,
  0xFFFF, 0xFFFF, 0xFFFF, 0xFFFF, 0xF7BE, 0x18E3, 0x0020, 0x0020, 0x0020, 0x0020, 0x0020, 0x0020,
  0x0020, 0x0020, 0x0020, 0x0000, 0xC618, 0xFFFF, 0xFFDF, 0xFFFF, 0xFFFF, 0xFFFF, 0xFFFF, 0xFFFF,
  0xFFFF, 0xFFFF, 0xFFFF, 0xFFFF, 0xFFFF, 0xFFFF, 0xFFFF, 0xFFFF, 0xFFFF, 0xFFFF, 0xFFFF, 0xFFFF,
  0xFFFF, 0xFFFF, 0xFFFF, 0xFFFF, 0xFFFF, 0xFFFF, 0xFFFF, 0xFFFF, 0xFFFF, 0xFFFF, 0xFFFF, 0xFFFF,
  0xFFFF, 0xFFFF, 0xFFFF, 0xFFFF, 0xFFFF, 0xFFFF, 0xFFFF, 0xFFFF, 0xFFFF, 0xFFFF, 0xFFFF, 0xFFFF,
  0xFFFF, 0xFFFF, 0xFFFF, 0xFFFF, 0xFFFF, 0xFFFF, 0xFFFF, 0xFFFF, 0xFFFF, 0xFFFF, 0xFFFF, 0xFFFF,
  0xFFFF, 0xFFFF, 0xFFFF, 0xFFFF, 0xFFFF, 0xFFFF, 0xFFFF, 0xFFFF, 0xFFFF, 0xFFFF, 0xFFFF, 0xFFFF,
  0xFFFF, 0xFFFF, 0xFFFF, 0xDEDB, 0x0020, 0x0020, 0x0020, 0x0020, 0x0020, 0x0020, 0x0020, 0x0020,
  0x0020, 0x0040, 0x0021, 0x0021, 0x0021, 0x0021, 0x0021, 0x0021, 0x0841, 0x0841, 0x0841, 0x0841,
  0x0841, 0x0841, 0x0841, 0x0841, 0x0841, 0x0841, 0x0841, 0x0020, 0x0020, 0x0020, 0x0000, 0x0000,
  0x0000, 0x0000, 0x6B4D, 0xF7BE, 0xFFFF, 0xFFFF, 0xFFFF, 0xFFFF, 0xFFFF, 0xFFFF, 0xFFFF, 0xFFFF,
  0xFFFF, 0xFFFF, 0xFFFF, 0xFFFF, 0xFFFF, 0xFFFF, 0xFFFF, 0xFFFF, 0xFFFF, 0xFFFF, 0xFFFF, 0xFFFF,
  0xFFFF, 0xFFFF, 0xFFFF, 0xFFFF, 0xFFFF, 0xFFFF, 0xFFFF, 0xFFFF, 0xFFFF, 0xFFFF, 0xFFFF, 0xFFFF,
  0xFFFF, 0xFFFF, 0xFFFF, 0xFFFF, 0xFFFF, 0xFFFF, 0xFFFF, 0xFFFF, 0xFFFF, 0xFFFF, 0xFFFF, 0xFFFF,
  0xFFFF, 0xFFFF, 0xFFFF, 0xFFFF, 0xFFFF, 0xFFFF, 0xFFFF, 0xFFFF, 0xFFFF, 0xFFFF, 0x39C7, 0x0000,
  0x0820, 0x0020, 0x0020, 0x0020, 0x0841, 0x0000, 0x8C50, 0xFFFF, 0xFFFF, 0xFFFF, 0xFFFF, 0xFFFF,
  0xFFFF, 0xFFFF, 0xFFFF, 0xFFFF, 0xFFFF, 0xFFFF, 0xFFFF, 0xFFFF, 0xFFFF, 0xFFFF, 0xFFFF, 0xFFFF,
  0xFFFF, 0xFFFF, 0xFFFF, 0x738E, 0x0000, 0x0841, 0x0020, 0x0020, 0x0020, 0x0820, 0x0020, 0xDEDB,
  0xFFFF, 0xFFFF, 0xFFFF, 0xFFFF, 0xFFFF, 0xFFFF, 0xFFFF, 0xFFFF, 0xFFFF, 0xFFFF, 0xFFFF, 0xFFFF,
  0xFFFF, 0xFFFF, 0xFFFF, 0xFFFF, 0xFFFF, 0xFFFF, 0xFFFF, 0xFFFF, 0xFFFF, 0xFFFF, 0xFFFF, 0xFFFF,
  0xFFFF, 0xFFFF, 0xFFFF, 0xFFFF, 0xFFFF, 0xFFFF, 0xFFFF, 0xFFFF, 0xFFFF, 0xFFFF, 0xFFFF, 0xFFFF,
  0xFFFF, 0xFFFF, 0xFFFF, 0xFFFF, 0xFFFF, 0xFFFF, 0xFFFF, 0xFFFF, 0xFFFF, 0xFFFF, 0xFFFF, 0xFFFF,
  0x528A, 0x0000, 0x0020, 0x0000, 0x0000, 0x0000, 0x0000, 0x0000, 0x0000, 0x0000, 0x0020, 0x0000,
  0x2104, 0xE73C, 0xFFFF, 0xFFFF, 0xFFFF, 0xFFFF, 0xFFFF, 0xFFFF, 0xFFFF, 0xFFFF, 0xFFFF, 0xFFFF,
  0xFFFF, 0xFFFF, 0xFFFF, 0xFFFF, 0xFFFF, 0xFFFF, 0xFFFF, 0xFFFF, 0xFFFF, 0xFFFF, 0xFFFF, 0xFFFF,
  0xFFFF, 0xFFFF, 0xFFFF, 0xFFFF, 0xFFFF, 0xFFFF, 0xFFFF, 0xFFFF, 0xFFFF, 0xFFFF, 0xFFFF, 0xFFFF,
  0xFFFF, 0xFFFF, 0xFFFF, 0xFFFF, 0xFFFF, 0xFFFF, 0xFFFF, 0xFFFF, 0xFFFF, 0xFFFF, 0xFFFF, 0xFFFF,
  0xFFFF, 0xFFFF, 0xFFFF, 0xFFFF, 0xFFFF, 0xFFFF, 0xFFFF, 0xFFFF, 0xFFFF, 0xFFFF, 0xFFFF, 0xFFFF,
  0xFFFF, 0xFFFF, 0xFFFF, 0xFFFF, 0xFFFF, 0xFFFF, 0xFFFF, 0xFFFF, 0xFFFF, 0xFFFF, 0xFFFF, 0xCE59,
  0x0000, 0x0000, 0x0000, 0x0000, 0x0000, 0x0000, 0x0000, 0x0000, 0x0000, 0x0000, 0x0000, 0x0000,
  0x0000, 0x0000, 0x0000, 0x0000, 0x0000, 0x0000, 0x0000, 0x0000, 0x0000, 0x0000, 0x0000, 0x0000,
  0x0000, 0x0000, 0x0000, 0x0020, 0x0020, 0x0000, 0x0000, 0x0020, 0x0020, 0x0020, 0x0000, 0x4208,
  0xF79E, 0xFFFF, 0xFFFF, 0xFFFF, 0xFFFF, 0xFFFF, 0xFFFF, 0xFFFF, 0xFFFF, 0xFFFF, 0xFFFF, 0xFFFF,
  0xFFFF, 0xFFFF, 0xFFFF, 0xFFFF, 0xFFFF, 0xFFFF, 0xFFFF, 0xFFFF, 0xFFFF, 0xFFFF, 0xFFFF, 0xFFFF,
  0xFFFF, 0xFFFF, 0xFFFF, 0xFFFF, 0xFFFF, 0xFFFF, 0xFFFF, 0xFFFF, 0xFFFF, 0xFFFF, 0xFFFF, 0xFFFF,
  0xFFFF, 0xFFFF, 0xFFFF, 0xFFFF, 0xFFFF, 0xFFFF, 0xFFFF, 0xFFFF, 0xFFFF, 0xFFFF, 0xFFFF, 0xFFFF,
  0xFFFF, 0xFFFF, 0xFFFF, 0xFFFF, 0xFFFF, 0xFFFF, 0x39C7, 0x0000, 0x0020, 0x0000, 0x0000, 0x0000,
  0x0820, 0x0000, 0x8430, 0xFFFF, 0xFFDF, 0xFFFF, 0xFFFF, 0xFFFF, 0xFFFF, 0xFFFF, 0xFFFF, 0xFFFF,
  0xFFFF, 0xFFFF, 0xFFFF, 0xFFFF, 0xFFFF, 0xFFFF, 0xFFFF, 0xFFFF, 0xFFFF, 0xFFDF, 0xFFFF, 0x6B6D,
  0x0000, 0x0020, 0x0020, 0x0020, 0x0020, 0x0020, 0x0000, 0xCE79, 0xFFFF, 0xFFFF, 0xFFFF, 0xFFFF,
  0xFFFF, 0xFFFF, 0xFFFF, 0xFFFF, 0xFFFF, 0xFFFF, 0xFFFF, 0xFFFF, 0xFFFF, 0xFFFF, 0xFFFF, 0xFFFF,
  0xFFFF, 0xFFFF, 0xFFFF, 0xFFFF, 0xFFFF, 0xFFFF, 0xFFFF, 0xFFFF, 0xFFFF, 0xFFFF, 0xFFFF, 0xFFFF,
  0xFFFF, 0xFFFF, 0xFFFF, 0xFFFF, 0xFFFF, 0xFFFF, 0xFFFF, 0xFFFF, 0xFFFF, 0xFFFF, 0xFFFF, 0xFFFF,
  0xFFFF, 0xFFFF, 0xFFFF, 0xFFFF, 0xFFFF, 0xFFDF, 0xFFFF, 0x8410, 0x0000, 0x0020, 0x0000, 0x0000,
  0x0000, 0x0020, 0x0020, 0x0000, 0x0000, 0x0000, 0x0000, 0x0020, 0x0000, 0x39C7, 0xF79E, 0xFFFF,
  0xFFFF, 0xFFFF, 0xFFFF, 0xFFFF, 0xFFFF, 0xFFFF, 0xFFFF, 0xFFFF, 0xFFFF, 0xFFFF, 0xFFFF, 0xFFFF,
  0xFFFF, 0xFFFF, 0xFFFF, 0xFFFF, 0xFFFF, 0xFFFF, 0xFFFF, 0xFFFF, 0xFFFF, 0xFFFF, 0xFFFF, 0xFFFF,
  0xFFFF, 0xFFFF, 0xFFFF, 0xFFFF, 0xFFFF, 0xFFFF, 0xFFFF, 0xFFFF, 0xFFFF, 0xFFFF, 0xFFFF, 0xFFFF,
  0xFFFF, 0xFFFF, 0xFFFF, 0xFFFF, 0xFFFF, 0xFFFF, 0xFFFF, 0xFFFF, 0xFFFF, 0xFFFF, 0xFFFF, 0xFFFF,
  0xFFFF, 0xFFFF, 0xFFFF, 0xFFFF, 0xFFFF, 0xFFFF, 0xFFFF, 0xFFFF, 0xFFFF, 0xFFFF, 0xFFFF, 0xFFFF,
  0xFFFF, 0xFFFF, 0xFFFF, 0xFFFF, 0xFFFF, 0xFFFF, 0xFFFF, 0xCE79, 0x0000, 0x0000, 0x0000, 0x0000,
  0x0000, 0x0000, 0x0020, 0x0000, 0x630C, 0xBDD7, 0xB5B6, 0xBDD7, 0xB5B6, 0xB5B6, 0xB5B6, 0xB5B6,
  0xB5B6, 0xB5B6, 0xB5B6, 0xBDD7, 0xBDD7, 0xBDD7, 0xBDD7, 0xB596, 0x9CF3, 0x7BEF, 0x39E7, 0x0000,
  0x0000, 0x0020, 0x0000, 0x0000, 0x0000, 0x0000, 0x0841, 0x0000, 0x6B2C, 0xFFFF, 0xFFFF, 0xFFFF,
  0xFFFF, 0xFFFF, 0xFFFF, 0xFFFF, 0xFFFF, 0xFFFF, 0xFFFF, 0xFFFF, 0xFFFF, 0xFFFF, 0xFFFF, 0xFFFF,
  0xFFFF, 0xFFFF, 0xFFFF, 0xFFFF, 0xFFFF, 0xFFFF, 0xFFFF, 0xFFFF, 0xFFFF, 0xFFFF, 0xFFFF, 0xFFFF,
  0xFFFF, 0xFFFF, 0xFFFF, 0xFFFF, 0xFFFF, 0xFFFF, 0xFFFF, 0xFFFF, 0xFFFF, 0xFFFF, 0xFFFF, 0xFFFF,
  0xFFFF, 0xFFFF, 0xFFFF, 0xFFFF, 0xFFFF, 0xFFFF, 0xFFFF, 0xFFFF, 0xFFFF, 0xFFFF, 0xFFFF, 0xFFFF,
  0xFFFF, 0xFFFF, 0x39C7, 0x0000, 0x0020, 0x0000, 0x0000, 0x0000, 0x0020, 0x0000, 0x8430, 0xFFFF,
  0xFFDF, 0xFFFF, 0xFFFF, 0xFFFF, 0xFFFF, 0xFFFF, 0xFFFF, 0xFFFF, 0xFFFF, 0xFFFF, 0xFFFF, 0xFFFF,
  0xFFFF, 0xFFFF, 0xFFFF, 0xFFFF, 0xFFFF, 0xFFFF, 0xFFFF, 0x6B6D, 0x0000, 0x0020, 0x0000, 0x0000,
  0x0020, 0x0020, 0x0000, 0xCE79, 0xFFFF, 0xFFFF, 0xFFFF, 0xFFFF, 0xFFFF, 0xFFFF, 0xFFFF, 0xFFFF,
  0xFFFF, 0xFFFF, 0xFFFF, 0xFFFF, 0xFFFF, 0xFFFF, 0xFFFF, 0xFFFF, 0xFFFF, 0xFFFF, 0xFFFF, 0xFFFF,
  0xFFFF, 0xFFFF, 0xFFFF, 0xFFFF, 0xFFFF, 0xFFFF, 0xFFFF, 0xFFFF, 0xFFFF, 0xFFFF, 0xFFFF, 0xFFFF,
  0xFFFF, 0xFFFF, 0xFFFF, 0xFFFF, 0xFFFF, 0xFFFF, 0xFFFF, 0xFFFF, 0xFFFF, 0xFFFF, 0xFFFF, 0xFFFF,
  0xFFDF, 0xFFFF, 0xA514, 0x0000, 0x0020, 0x0020, 0x0000, 0x0000, 0x0000, 0x0000, 0x0000, 0x0020,
  0x0000, 0x0000, 0x0000, 0x0000, 0x0020, 0x0000, 0x52AA, 0xFFFF, 0xFFDF, 0xFFFF, 0xFFFF, 0xFFFF,
  0xFFFF, 0xFFFF, 0xFFFF, 0xFFFF, 0xFFFF, 0xFFFF, 0xFFFF, 0xFFFF, 0xFFFF, 0xFFFF, 0xFFFF, 0xFFFF,
  0xFFFF, 0xFFFF, 0xFFFF, 0xFFFF, 0xFFFF, 0xFFFF, 0xFFFF, 0xFFFF, 0xFFFF, 0xFFFF, 0xFFFF, 0xFFFF,
  0xFFFF, 0xFFFF, 0xFFFF, 0xFFFF, 0xFFFF, 0xFFFF, 0xFFFF, 0xFFFF, 0xFFFF, 0xFFFF, 0xFFFF, 0xFFFF,
  0xFFFF, 0xFFFF, 0xFFFF, 0xFFFF, 0xFFFF, 0xFFFF, 0xFFFF, 0xFFFF, 0xFFFF, 0xFFFF, 0xFFFF, 0xFFFF,
  0xFFFF, 0xFFFF, 0xFFFF, 0xFFFF, 0xFFFF, 0xFFFF, 0xFFFF, 0xFFFF, 0xFFFF, 0xFFFF, 0xFFFF, 0xFFFF,
  0xFFFF, 0xFFFF, 0xFFFF, 0xD69A, 0x0000, 0x0000, 0x0000, 0x0000, 0x0000, 0x0000, 0x0020, 0x0000,
  0x9492, 0xFFFF, 0xFFFF, 0xFFFF, 0xFFFF, 0xFFFF, 0xFFFF, 0xFFFF, 0xFFFF, 0xFFFF, 0xFFFF, 0xFFFF,
  0xFFFF, 0xFFFF, 0xFFFF, 0xFFFF, 0xFFFF, 0xFFFF, 0xFFFF, 0xB5B6, 0x1082, 0x0000, 0x0000, 0x0000,
  0x0000, 0x0000, 0x0000, 0x0020, 0x0820, 0xDEDB, 0xFFFF, 0xFFFF, 0xFFFF, 0xFFFF, 0xFFFF, 0xFFFF,
  0xFFFF, 0xFFFF, 0xFFFF, 0xFFFF, 0xFFFF, 0xFFFF, 0xFFFF, 0xFFFF, 0xFFFF, 0xFFFF, 0xFFFF, 0xFFFF,
  0xFFFF, 0xFFFF, 0xFFFF, 0xFFFF, 0xFFFF, 0xFFFF, 0xFFFF, 0xFFFF, 0xFFFF, 0xFFFF, 0xFFFF, 0xFFFF,
  0xFFFF, 0xFFFF, 0xFFFF, 0xFFFF, 0xFFFF, 0xFFFF, 0xFFFF, 0xFFFF, 0xFFFF, 0xFFFF, 0xFFFF, 0xFFFF,
  0xFFFF, 0xFFFF, 0xFFFF, 0xFFFF, 0xFFFF, 0xFFFF, 0xFFFF, 0xFFFF, 0xFFFF, 0xFFFF, 0x39C7, 0x0000,
  0x0020, 0x0000, 0x0000, 0x0000, 0x0020, 0x0000, 0x8410, 0xFFFF, 0xFFDF, 0xFFFF, 0xFFFF, 0xFFFF,
  0xFFFF, 0xFFFF, 0xFFFF, 0xFFFF, 0xFFFF, 0xFFFF, 0xFFFF, 0xFFFF, 0xFFFF, 0xFFFF, 0xFFFF, 0xFFFF,
  0xFFFF, 0xFFFF, 0xFFFF, 0x6B6D, 0x0000, 0x0020, 0x0000, 0x0000, 0x0000, 0x0020, 0x0000, 0xD69A,
  0xFFFF, 0xFFFF, 0xFFFF, 0xFFFF, 0xFFFF, 0xFFFF, 0xFFFF, 0xFFFF, 0xFFFF, 0xFFFF, 0xFFFF, 0xFFFF,
  0xFFFF, 0xFFFF, 0xFFFF, 0xFFFF, 0xFFFF, 0xFFFF, 0xFFFF, 0xFFFF, 0xFFFF, 0xFFFF, 0xFFFF, 0xFFFF,
  0xFFFF, 0xFFFF, 0xFFFF, 0xFFFF, 0xFFFF, 0xFFFF, 0xFFFF, 0xFFFF, 0xFFFF, 0xFFFF, 0xFFFF, 0xFFFF,
  0xFFFF, 0xFFFF, 0xFFFF, 0xFFFF, 0xFFFF, 0xFFFF, 0xFFFF, 0xFFFF, 0xFFFF, 0xDEBB, 0x0861, 0x0020,
  0x0020, 0x0000, 0x0000, 0x0020, 0x0000, 0x2945, 0x4208, 0x0000, 0x0020, 0x0000, 0x0000, 0x0000,
  0x0000, 0x0020, 0x0000, 0x9471, 0xFFFF, 0xFFDF, 0xFFFF, 0xFFFF, 0xFFFF, 0xFFFF, 0xFFFF, 0xFFFF,
  0xFFFF, 0xFFFF, 0xFFFF, 0xFFFF, 0xFFFF, 0xFFFF, 0xFFFF, 0xFFFF, 0xFFFF, 0xFFFF, 0xFFFF, 0xFFFF,
  0xFFFF, 0xFFFF, 0xFFFF, 0xFFFF, 0xFFFF, 0xFFFF, 0xFFFF, 0xFFFF, 0xFFFF, 0xFFFF, 0xFFFF, 0xFFFF,
  0xFFFF, 0xFFFF, 0xFFFF, 0xFFFF, 0xFFFF, 0xFFFF, 0xFFFF, 0xFFFF, 0xFFFF, 0xFFFF, 0xFFFF, 0xFFFF,
  0xFFFF, 0xFFFF, 0xFFFF, 0xFFFF, 0xFFFF, 0xFFFF, 0xFFFF, 0xFFFF, 0xFFFF, 0xFFFF, 0xFFFF, 0xFFFF,
  0xFFFF, 0xFFFF, 0xFFFF, 0xFFFF, 0xFFFF, 0xFFFF, 0xFFFF, 0xFFFF, 0xFFFF, 0xFFFF, 0xFFFF, 0xD69A,
  0x0020, 0x0000, 0x0000, 0x0000, 0x0000, 0x0000, 0x0020, 0x0000, 0x8C51, 0xFFFF, 0xFFDF, 0xFFFF,
  0xFFFF, 0xFFFF, 0xFFFF, 0xFFFF, 0xFFFF, 0xFFDF, 0xFFDF, 0xFFFF, 0xFFFF, 0xFFDF, 0xFFDF, 0xFFDF,
  0xFFDF, 0xFFDF, 0xFFDF, 0xFFFF, 0x8410, 0x0000, 0x0020, 0x0000, 0x0000, 0x0000, 0x0000, 0x0020,
  0x0000, 0xA514, 0xFFFF, 0xFFDF, 0xFFFF, 0xFFFF, 0xFFFF, 0xFFFF, 0xFFFF, 0xFFFF, 0xFFFF, 0xFFFF,
  0xFFFF, 0xFFFF, 0xFFFF, 0xFFFF, 0xFFFF, 0xFFFF, 0xFFFF, 0xFFFF, 0xFFFF, 0xFFFF, 0xFFFF, 0xFFFF,
  0xFFFF, 0xFFFF, 0xFFFF, 0xFFFF, 0xFFFF, 0xFFFF, 0xFFFF, 0xFFFF, 0xFFFF, 0xFFFF, 0xFFFF, 0xFFFF,
  0xFFFF, 0xFFFF, 0xFFFF, 0xFFFF, 0xFFFF, 0xFFFF, 0xFFFF, 0xFFFF, 0xFFFF, 0xFFFF, 0xFFFF, 0xFFFF,
  0xFFFF, 0xFFFF, 0xFFFF, 0xFFFF, 0xFFFF, 0xFFFF, 0x39C7, 0x0000, 0x0020, 0x0000, 0x0000, 0x0000,
  0x0020, 0x0000, 0x7BEF, 0xFFFF, 0xFFDF, 0xFFFF, 0xFFFF, 0xFFFF, 0xFFFF, 0xFFFF, 0xFFFF, 0xFFFF,
  0xFFFF, 0xFFFF, 0xFFFF, 0xFFFF, 0xFFFF, 0xFFFF, 0xFFFF, 0xFFFF, 0xFFFF, 0xFFFF, 0xFFFF, 0x6B6D,
  0x0000, 0x0020, 0x0000, 0x0000, 0x0020, 0x0020, 0x0000, 0xD69A, 0xFFFF, 0xFFFF, 0xFFFF, 0xFFFF,
  0xFFFF, 0xFFFF, 0xFFFF, 0xFFFF, 0xFFFF, 0xFFFF, 0xFFFF, 0xFFFF, 0xFFFF, 0xFFFF, 0xFFFF, 0xFFFF,
  0xFFFF, 0xFFFF, 0xFFFF, 0xFFFF, 0xFFFF, 0xFFFF, 0xFFFF, 0xFFFF, 0xFFFF, 0xFFFF, 0xFFFF, 0xFFFF,
  0xFFFF, 0xFFFF, 0xFFFF, 0xFFFF, 0xFFFF, 0xFFFF, 0xFFFF, 0xFFFF, 0xFFFF, 0xFFFF, 0xFFFF, 0xFFFF,
  0xFFFF, 0xFFFF, 0xFFFF, 0xFFFF, 0xFFDF, 0x4228, 0x0000, 0x0841, 0x0020, 0x0000, 0x0020, 0x0020,
  0x0861, 0xD6BA, 0xF79E, 0x2124, 0x0000, 0x0020, 0x0000, 0x0000, 0x0000, 0x0020, 0x0020, 0x0020,
  0xBDD7, 0xFFFF, 0xFFFF, 0xFFFF, 0xFFFF, 0xFFFF, 0xFFFF, 0xFFFF, 0xFFFF, 0xFFFF, 0xFFFF, 0xFFFF,
  0xFFFF, 0xFFFF, 0xFFFF, 0xFFFF, 0xFFFF, 0xFFFF, 0xFFFF, 0xFFFF, 0xFFFF, 0xFFFF, 0xFFFF, 0xFFFF,
  0xFFFF, 0xFFFF, 0xFFFF, 0xFFFF, 0xFFFF, 0xFFFF, 0xFFFF, 0xFFFF, 0xFFFF, 0xFFFF, 0xFFFF, 0xFFFF,
  0xFFFF, 0xFFFF, 0xFFFF, 0xFFDF, 0xFFDF, 0xFFDF, 0xFFFF, 0xFFFF, 0xFFFF, 0xFFFF, 0xFFFF, 0xFFFF,
  0xFFFF, 0xFFFF, 0xFFFF, 0xFFFF, 0xFFFF, 0xFFFF, 0xFFFF, 0xFFFF, 0xFFFF, 0xFFFF, 0xFFFF, 0xFFFF,
  0xFFFF, 0xFFFF, 0xFFFF, 0xFFFF, 0xFFFF, 0xFFFF, 0xFFFF, 0xD6BA, 0x0020, 0x0000, 0x0000, 0x0000,
  0x0000, 0x0000, 0x0020, 0x0000, 0x8C51, 0xFFFF, 0xFFDF, 0xFFFF, 0xFFFF, 0xFFFF, 0xFFFF, 0xFFFF,
  0xFFFF, 0xFFFF, 0xFFFF, 0xFFFF, 0xFFFF, 0xFFFF, 0xFFFF, 0xFFFF, 0xFFFF, 0xFFFF, 0xF7BE, 0xFFFF,
  0x9CF3, 0x0000, 0x0020, 0x0000, 0x0000, 0x0000, 0x0000, 0x0020, 0x0000, 0x94B2, 0xFFFF, 0xFFDF,
  0xFFFF, 0xFFFF, 0xFFFF, 0xFFFF, 0xFFFF, 0xFFFF, 0xFFFF, 0xFFFF, 0xFFFF, 0xFFFF, 0xFFFF, 0xFFFF,
  0xFFFF, 0xFFFF, 0xFFFF, 0xFFFF, 0xFFFF, 0xFFFF, 0xFFFF, 0xFFFF, 0xFFFF, 0xFFFF, 0xFFFF, 0xFFDF,
  0xFFFF, 0xFFFF, 0xFFFF, 0xFFFF, 0xFFFF, 0xFFFF, 0xFFFF, 0xFFFF, 0xFFFF, 0xFFFF, 0xFFFF, 0xFFFF,
  0xFFFF, 0xFFFF, 0xFFFF, 0xFFFF, 0xFFFF, 0xFFFF, 0xFFFF, 0xFFFF, 0xFFFF, 0xFFFF, 0xFFFF, 0xFFFF,
  0xFFFF, 0xFFFF, 0x39C6, 0x0000, 0x0020, 0x0000, 0x0000, 0x0000, 0x0821, 0x0000, 0x8410, 0xFFFF,
  0xFFDF, 0xFFFF, 0xFFFF, 0xFFFF, 0xFFFF, 0xFFFF, 0xFFFF, 0xFFFF, 0xFFFF, 0xFFFF, 0xFFFF, 0xFFFF,
  0xFFFF, 0xFFFF, 0xFFFF, 0xFFFF, 0xFFFF, 0xFFFF, 0xFFFF, 0x6B6D, 0x0000, 0x0820, 0x0000, 0x0000,
  0x0020, 0x0020, 0x0000, 0xD69A, 0xFFFF, 0xFFFF, 0xFFFF, 0xFFFF, 0xFFFF, 0xFFFF, 0xFFFF, 0xFFFF,
  0xFFFF, 0xFFFF, 0xFFFF, 0xFFFF, 0xFFFF, 0xFFFF, 0xFFFF, 0xFFFF, 0xFFFF, 0xFFFF, 0xFFFF, 0xFFFF,
  0xFFFF, 0xFFFF, 0xFFFF, 0xFFFF, 0xFFFF, 0xFFFF, 0xFFFF, 0xFFFF, 0xFFFF, 0xFFFF, 0xFFFF, 0xFFFF,
  0xFFFF, 0xFFFF, 0xFFFF, 0xFFFF, 0xFFFF, 0xFFFF, 0xFFFF, 0xFFFF, 0xFFFF, 0xFFFF, 0xFFDF, 0xFFFF,
  0x630C, 0x0000, 0x0020, 0x0000, 0x0000, 0x0000, 0x0020, 0x0000, 0x94B2, 0xFFFF, 0xFFFF, 0xCE79,
  0x0841, 0x0020, 0x0020, 0x0000, 0x0000, 0x0000, 0x0020, 0x0000, 0x0861, 0xC638, 0xFFFF, 0xFFFF,
  0xFFFF, 0xFFFF, 0xFFFF, 0xFFFF, 0xFFFF, 0xFFFF, 0xFFFF, 0xFFFF, 0xFFFF, 0xFFFF, 0xFFFF, 0xFFFF,
  0xFFFF, 0xFFFF, 0xFFFF, 0xFFFF, 0xFFFF, 0xFFFF, 0xFFFF, 0xFFFF, 0xFFFF, 0xFFFF, 0xFFFF, 0xFFFF,
  0xFFFF, 0xFFFF, 0xFFFF, 0xFFFF, 0xFFFF, 0xFFFF, 0xFFFF, 0xFF9E, 0xF24A, 0xE947, 0xE967, 0xE947,
  0xE947, 0xE947, 0xE967, 0xE946, 0xFD55, 0xFFFF, 0xFFFF, 0xFFFF, 0xFFFF, 0xFFFF, 0xFFFF, 0xFFFF,
  0xFFFF, 0xFFFF, 0xFFFF, 0xFFFF, 0xFFFF, 0xFFFF, 0xFFFF, 0xFFFF, 0xFFFF, 0xFFFF, 0xFFFF, 0xFFFF,
  0xFFFF, 0xFFFF, 0xFFFF, 0xD69A, 0x0020, 0x0000, 0x0000, 0x0000, 0x0000, 0x0000, 0x0020, 0x0000,
  0x8C51, 0xFFFF, 0xFFDF, 0xFFFF, 0xFFFF, 0xFFFF, 0xFFFF, 0xFFFF, 0xFFFF, 0xFFFF, 0xFFFF, 0xFFFF,
  0xFFFF, 0xFFFF, 0xFFFF, 0xFFFF, 0xFFFF, 0xFFFF, 0xFFFF, 0xFFDF, 0x31A6, 0x0000, 0x0020, 0x0000,
  0x0000, 0x0000, 0x0000, 0x0020, 0x0000, 0xB5B6, 0xFFFF, 0xFFFF, 0xFFFF, 0xFFFF, 0xFFFF, 0xFFFF,
  0xFFFF, 0xFFFF, 0xFFFF, 0xFFFF, 0xFFFF, 0xFFFF, 0xFFFF, 0xFFFF, 0xFFFF, 0xFFFF, 0xFFFF, 0xFFFF,
  0xFFFF, 0xFFFF, 0xFE18, 0xE946, 0xE967, 0xE967, 0xE967, 0xE967, 0xE967, 0xE967, 0xE967, 0xFE9A,
  0xFFFF, 0xFFFF, 0xFFFF, 0xFFFF, 0xFFFF, 0xFFFF, 0xFFFF, 0xFFFF, 0xFFFF, 0xFFFF, 0xFFFF, 0xFFFF,
  0xFFFF, 0xFFFF, 0xFFFF, 0xFFFF, 0xFFFF, 0xFFFF, 0xFFFF, 0xFFFF, 0xFFFF, 0xFFFF, 0x31A6, 0x0000,
  0x0020, 0x0000, 0x0000, 0x0000, 0x0020, 0x0000, 0x8430, 0xFFFF, 0xFFDF, 0xFFFF, 0xFFFF, 0xFFFF,
  0xFFFF, 0xFFFF, 0xFFFF, 0xFFFF, 0xFFFF, 0xFFFF, 0xFFFF, 0xFFFF, 0xFFFF, 0xFFFF, 0xFFFF, 0xFFFF,
  0xFFFF, 0xFFFF, 0xFFFF, 0x6B6D, 0x0000, 0x0020, 0x0000, 0x0000, 0x0020, 0x0000, 0x0000, 0xD679,
  0xFFFF, 0xFFFF, 0xFFFF, 0xFFFF, 0xFFFF, 0xFFFF, 0xFFFF, 0xFFFF, 0xFFFF, 0xFFFF, 0xFFFF, 0xFFFF,
  0xFFFF, 0xFFFF, 0xFFFF, 0xFFFF, 0xFFFF, 0xFFFF, 0xFFFF, 0xFFFF, 0xFFFF, 0xFFFF, 0xFFFF, 0xFFFF,
  0xFFFF, 0xFFFF, 0xFFFF, 0xFFFF, 0xFFFF, 0xFFFF, 0xFFFF, 0xFFFF, 0xFFFF, 0xFFFF, 0xFFFF, 0xFFFF,
  0xFFFF, 0xFFFF, 0xFFFF, 0xFFFF, 0xFFFF, 0xFFDF, 0xFFFF, 0x8430, 0x0000, 0x0841, 0x0000, 0x0000,
  0x0020, 0x0820, 0x0000, 0x5ACB, 0xFFFF, 0xFFDF, 0xFFDF, 0xFFFF, 0x9492, 0x0000, 0x0841, 0x0000,
  0x0000, 0x0000, 0x0000, 0x0020, 0x0000, 0x20E3, 0xEF5D, 0xFFFF, 0xFFFF, 0xFFFF, 0xFFFF, 0xFFFF,
  0xFFFF, 0xFFFF, 0xFFFF, 0xFFFF, 0xFFFF, 0xFFFF, 0xFFFF, 0xFFFF, 0xFFFF, 0xFFFF, 0xFFFF, 0xFFFF,
  0xFFFF, 0xFFFF, 0xFFFF, 0xFFFF, 0xFFFF, 0xFFFF, 0xFFFF, 0xFFFF, 0xFFFF, 0xFFFF, 0xFFFF, 0xFFFF,
  0xFFFF, 0xFFFF, 0xFFFF, 0xFF7D, 0xE864, 0xE801, 0xE802, 0xE001, 0xE001, 0xE801, 0xE802, 0xE800,
  0xF4B3, 0xFFFF, 0xFFDF, 0xFFFF, 0xFFFF, 0xFFFF, 0xFFFF, 0xFFFF, 0xFFFF, 0xFFFF, 0xFFFF, 0xFFFF,
  0xFFFF, 0xFFFF, 0xFFFF, 0xFFFF, 0xFFFF, 0xFFFF, 0xFFFF, 0xFFFF, 0xFFFF, 0xFFFF, 0xFFFF, 0xD69A,
  0x0020, 0x0000, 0x0000, 0x0000, 0x0000, 0x0000, 0x0020, 0x0000, 0x9471, 0xFFFF, 0xFFFF, 0xFFFF,
  0xFFFF, 0xFFFF, 0xFFFF, 0xFFFF, 0xFFFF, 0xFFFF, 0xFFFF, 0xFFFF, 0xFFFF, 0xFFFF, 0xFFFF, 0xFFFF,
  0xFFFF, 0xEF5D, 0xBDD7, 0x4208, 0x0000, 0x0020, 0x0000, 0x0000, 0x0000, 0x0000, 0x0020, 0x0000,
  0x20E4, 0xF79E, 0xFFFF, 0xFFFF, 0xFFFF, 0xFFFF, 0xFFFF, 0xFFFF, 0xFFFF, 0xFFFF, 0xFFFF, 0xFFFF,
  0xFFFF, 0xFFFF, 0xFFFF, 0xFFFF, 0xFFFF, 0xFFFF, 0xFFFF, 0xFFFF, 0xFFFF, 0xFFFF, 0xF576, 0xE000,
  0xE802, 0xE801, 0xE001, 0xE001, 0xE802, 0xE002, 0xE801, 0xFE18, 0xFFFF, 0xFFFF, 0xFFFF, 0xFFFF,
  0xFFFF, 0xFFFF, 0xFFFF, 0xFFFF, 0xFFFF, 0xFFFF, 0xFFFF, 0xFFFF, 0xFFFF, 0xFFFF, 0xFFFF, 0xFFFF,
  0xFFFF, 0xFFFF, 0xFFFF, 0xFFFF, 0xFFFF, 0xFFFF, 0x31A6, 0x0000, 0x0020, 0x0000, 0x0000, 0x0000,
  0x0020, 0x0000, 0x8430, 0xFFFF, 0xFFDF, 0xFFFF, 0xFFFF, 0xFFFF, 0xFFFF, 0xFFFF, 0xFFFF, 0xFFFF,
  0xFFFF, 0xFFFF, 0xFFFF, 0xFFFF, 0xFFFF, 0xFFFF, 0xFFFF, 0xFFFF, 0xFFFF, 0xFFDF, 0xFFFF, 0x6B6D,
  0x0000, 0x0020, 0x0000, 0x0000, 0x0000, 0x0020, 0x0000, 0xD699, 0xFFFF, 0xFFFF, 0xFFFF, 0xFFFF,
  0xFFFF, 0xFFFF, 0xFFFF, 0xFFFF, 0xFFFF, 0xFFFF, 0xFFFF, 0xFFFF, 0xFFFF, 0xFFFF, 0xFFFF, 0xFFFF,
  0xFFFF, 0xFFFF, 0xFFFF, 0xFFFF, 0xFFFF, 0xFFFF, 0xFFFF, 0xFFFF, 0xFFFF, 0xFFFF, 0xFFFF, 0xFFFF,
  0xFFFF, 0xFFFF, 0xFFFF, 0xFFFF, 0xFFFF, 0xFFFF, 0xFFFF, 0xFFFF, 0xFFFF, 0xFFFF, 0xFFFF, 0xFFFF,
  0xFFFF, 0xFFFF, 0xB5B6, 0x0000, 0x0820, 0x0020, 0x0000, 0x0020, 0x0020, 0x0000, 0x3186, 0xF79E,
  0xFFFF, 0xFFFF, 0xFFFF, 0xFFDF, 0xFFFF, 0x5ACB, 0x0000, 0x0020, 0x0000, 0x0000, 0x0000, 0x0000,
  0x0020, 0x0000, 0x52AA, 0xFFFF, 0xFFFF, 0xFFFF, 0xFFFF, 0xFFFF, 0xFFFF, 0xFFFF, 0xFFFF, 0xFFFF,
  0xFFFF, 0xFFFF, 0xFFFF, 0xFFFF, 0xFFFF, 0xFFFF, 0xFFFF, 0xFFFF, 0xFFFF, 0xFFFF, 0xFFFF, 0xFFFF,
  0xFFFF, 0xFFFF, 0xFFFF, 0xFFFF, 0xFFFF, 0xFFFF, 0xFFFF, 0xFFFF, 0xFFFF, 0xFFFF, 0xFFFF, 0xFF7E,
  0xE8E5, 0xE802, 0xE823, 0xE823, 0xE823, 0xE823, 0xE843, 0xE801, 0xF4D4, 0xFFFF, 0xFFDF, 0xFFFF,
  0xFFFF, 0xFFFF, 0xFFFF, 0xFFFF, 0xFFFF, 0xFFFF, 0xFFFF, 0xFFFF, 0xFFFF, 0xFFFF, 0xFFFF, 0xFFFF,
  0xFFFF, 0xFFFF, 0xFFFF, 0xFFFF, 0xFFFF, 0xFFFF, 0xFFFF, 0xD69A, 0x0020, 0x0000, 0x0000, 0x0000,
  0x0000, 0x0000, 0x0000, 0x0000, 0x2945, 0x4A69, 0x528A, 0x52AA, 0x52AA, 0x52AA, 0x528A, 0x528A,
  0x528A, 0x528A, 0x528A, 0x528A, 0x528A, 0x528A, 0x5289, 0x4A49, 0x3186, 0x18C3, 0x0000, 0x0000,
  0x0020, 0x0000, 0x0000, 0x0000, 0x0000, 0x0020, 0x0000, 0x0000, 0xB575, 0xFFFF, 0xFFFF, 0xFFFF,
  0xFFFF, 0xFFFF, 0xFFFF, 0xFFFF, 0xFFFF, 0xFFFF, 0xFFFF, 0xFFFF, 0xFFFF, 0xFFFF, 0xFFFF, 0xFFFF,
  0xFFFF, 0xFFFF, 0xFFFF, 0xFFFF, 0xFFFF, 0xFFFF, 0xFD96, 0xE801, 0xE843, 0xE823, 0xE822, 0xE822,
  0xE022, 0xE022, 0xE802, 0xFE39, 0xFFFF, 0xFFFF, 0xFFFF, 0xFFFF, 0xFFFF, 0xFFFF, 0xFFFF, 0xFFFF,
  0xFFFF, 0xFFFF, 0xFFFF, 0xFFFF, 0xFFFF, 0xFFFF, 0xFFFF, 0xFFFF, 0xFFFF, 0xFFFF, 0xFFFF, 0xFFFF,
  0xFFFF, 0xFFFF, 0x31A6, 0x0000, 0x0020, 0x0000, 0x0000, 0x0000, 0x0020, 0x0000, 0x8430, 0xFFFF,
  0xFFDF, 0xFFFF, 0xFFFF, 0xFFFF, 0xFFFF, 0xFFFF, 0xFFFF, 0xFFFF, 0xFFFF, 0xFFFF, 0xFFFF, 0xFFFF,
  0xFFFF, 0xFFFF, 0xFFFF, 0xFFFF, 0xFFFF, 0xFFDF, 0xFFFF, 0x6B6D, 0x0000, 0x0020, 0x0000, 0x0000,
  0x0000, 0x0000, 0x0000, 0xD699, 0xFFFF, 0xFFFF, 0xFFFF, 0xFFFF, 0xFFFF, 0xFFFF, 0xFFFF, 0xFFFF,
  0xFFFF, 0xFFFF, 0xFFFF, 0xFFFF, 0xFFFF, 0xFFFF, 0xFFFF, 0xFFFF, 0xFFFF, 0xFFFF, 0xFFFF, 0xFFFF,
  0xFFFF, 0xFFFF, 0xFFFF, 0xFFFF, 0xFFFF, 0xFFFF, 0xFFFF, 0xFFFF, 0xFFFF, 0xFFFF, 0xFFFF, 0xFFFF,
  0xFFFF, 0xFFFF, 0xFFFF, 0xFFFF, 0xFFFF, 0xFFFF, 0xFFFF, 0xFFFF, 0xFFFF, 0xE71C, 0x18C3, 0x0000,
  0x0020, 0x0000, 0x0000, 0x0020, 0x0000, 0x10A2, 0xD6BA, 0xFFFF, 0xFFDF, 0xFFFF, 0xFFFF, 0xFFFF,
  0xFFFF, 0xF79E, 0x39A6, 0x0000, 0x0020, 0x0000, 0x0000, 0x0000, 0x0000, 0x0020, 0x0000, 0x7BCF,
  0xFFFF, 0xFFFF, 0xFFFF, 0xFFFF, 0xFFFF, 0xFFFF, 0xFFFF, 0xFFFF, 0xFFFF, 0xFFFF, 0xFFFF, 0xFFFF,
  0xFFFF, 0xFFFF, 0xFFFF, 0xFFFF, 0xFFFF, 0xFFFF, 0xFFFF, 0xFFFF, 0xFFFF, 0xFFFF, 0xFFFF, 0xFFFF,
  0xFFFF, 0xFFFF, 0xFFFF, 0xFFFF, 0xFFFF, 0xFFFF, 0xFFFF, 0xFF7D, 0xE8C5, 0xE002, 0xE822, 0xE802,
  0xE802, 0xE802, 0xE823, 0xE001, 0xF4D4, 0xFFFF, 0xFFDF, 0xFFFF, 0xFFFF, 0xFFFF, 0xFFFF, 0xFFFF,
  0xFFFF, 0xFFFF, 0xFFFF, 0xFFFF, 0xFFFF, 0xFFFF, 0xFFFF, 0xFFFF, 0xFFFF, 0xFFFF, 0xFFFF, 0xFFFF,
  0xFFFF, 0xFFFF, 0xFFFF, 0xD69A, 0x0020, 0x0000, 0x0000, 0x0000, 0x0000, 0x0000, 0x0000, 0x0000,
  0x0000, 0x0000, 0x0000, 0x0000, 0x0000, 0x0000, 0x0000, 0x0000, 0x0000, 0x0000, 0x0000, 0x0000,
  0x0000, 0x0000, 0x0000, 0x0000, 0x0000, 0x0000, 0x0020, 0x0020, 0x0020, 0x0020, 0x0020, 0x0020,
  0x0000, 0x0000, 0x18C3, 0xB575, 0xFFFF, 0xFFFF, 0xFFFF, 0xFFFF, 0xFFFF, 0xFFFF, 0xFFFF, 0xFFFF,
  0xFFFF, 0xFFFF, 0xFFFF, 0xFFFF, 0xFFFF, 0xFFFF, 0xFFFF, 0xFFFF, 0xFFFF, 0xFFFF, 0xFFFF, 0xFFFF,
  0xFFFF, 0xFFFF, 0xF596, 0xE001, 0xE823, 0xE802, 0xE802, 0xE002, 0xE002, 0xE002, 0xE802, 0xFE39,
  0xFFFF, 0xFFFF, 0xFFFF, 0xFFFF, 0xFFFF, 0xFFFF, 0xFFFF, 0xFFFF, 0xFFFF, 0xFFFF, 0xFFFF, 0xFFFF,
  0xFFFF, 0xFFFF, 0xFFFF, 0xFFFF, 0xFFFF, 0xFFFF, 0xFFFF, 0xFFFF, 0xFFFF, 0xFFFF, 0x39C7, 0x0000,
  0x0020, 0x0000, 0x0000, 0x0000, 0x0020, 0x0000, 0x8430, 0xFFFF, 0xFFDF, 0xFFFF, 0xFFFF, 0xFFFF,
  0xFFFF, 0xFFFF, 0xFFFF, 0xFFFF, 0xFFFF, 0xFFFF, 0xFFFF, 0xFFFF, 0xFFFF, 0xFFFF, 0xFFFF, 0xFFFF,
  0xFFFF, 0xFFDF, 0xFFFF, 0x738E, 0x0000, 0x0020, 0x0000, 0x0000, 0x0000, 0x0000, 0x0000, 0xCE79,
  0xFFFF, 0xFFFF, 0xFFFF, 0xFFFF, 0xFFFF, 0xFFFF, 0xFFFF, 0xFFFF, 0xFFFF, 0xFFFF, 0xFFFF, 0xFFFF,
  0xFFFF, 0xFFFF, 0xFFFF, 0xFFFF, 0xFFFF, 0xFFFF, 0xFFFF, 0xFFFF, 0xFFFF, 0xFFFF, 0xFFFF, 0xFFFF,
  0xFFFF, 0xFFFF, 0xFFFF, 0xFFFF, 0xFFFF, 0xFFFF, 0xFFFF, 0xFFFF, 0xFFFF, 0xFFFF, 0xFFFF, 0xFFFF,
  0xFFFF, 0xFFFF, 0xFFFF, 0xFFFF, 0xF7BE, 0x39E7, 0x0000, 0x0020, 0x0000, 0x0000, 0x0000, 0x0020,
  0x0000, 0xAD55, 0xFFFF, 0xFFDF, 0xFFFF, 0xFFFF, 0xFFFF, 0xFFFF, 0xFFDF, 0xFFFF, 0xE71C, 0x18E3,
  0x0000, 0x0020, 0x0000, 0x0000, 0x0000, 0x0000, 0x0020, 0x0000, 0x9471, 0xFFFF, 0xFFFF, 0xFFFF,
  0xFFFF, 0xFFFF, 0xFFFF, 0xFFFF, 0xFFFF, 0xFFFF, 0xFFFF, 0xFFFF, 0xFFFF, 0xFFFF, 0xFFFF, 0xFFFF,
  0xFFFF, 0xFFFF, 0xFFFF, 0xFFFF, 0xFFFF, 0xFFFF, 0xFFFF, 0xFFFF, 0xFFFF, 0xFFFF, 0xFFFF, 0xFFFF,
  0xFFFF, 0xFFFF, 0xFFFF, 0xFF7D, 0xE8C5, 0xE002, 0xE822, 0xE802, 0xE802, 0xE802, 0xE823, 0xE001,
  0xF4F4, 0xFFFF, 0xFFDF, 0xFFFF, 0xFFFF, 0xFFFF, 0xFFFF, 0xFFFF, 0xFFFF, 0xFFFF, 0xFFFF, 0xFFFF,
  0xFFFF, 0xFFFF, 0xFFFF, 0xFFFF, 0xFFFF, 0xFFFF, 0xFFFF, 0xFFFF, 0xFFFF, 0xFFFF, 0xFFFF, 0xD69A,
  0x0020, 0x0000, 0x0000, 0x0000, 0x0000, 0x0000, 0x0000, 0x0000, 0x0020, 0x0841, 0x0841, 0x0841,
  0x0841, 0x0841, 0x0841, 0x0841, 0x0841, 0x0841, 0x0841, 0x0841, 0x0841, 0x0841, 0x0841, 0x0841,
  0x0841, 0x0020, 0x0020, 0x0000, 0x0000, 0x0000, 0x0000, 0x0000, 0x18A2, 0x6B6D, 0xE73C, 0xFFFF,
  0xFFFF, 0xFFFF, 0xFFFF, 0xFFFF, 0xFFFF, 0xFFFF, 0xFFFF, 0xFFFF, 0xFFFF, 0xFFFF, 0xFFFF, 0xFFFF,
  0xFFFF, 0xFFFF, 0xFFFF, 0xFFFF, 0xFFFF, 0xFFFF, 0xFFFF, 0xFFFF, 0xFFFF, 0xFFFF, 0xF596, 0xE001,
  0xE823, 0xE802, 0xE802, 0xE002, 0xE002, 0xE022, 0xE002, 0xFE39, 0xFFFF, 0xFFFF, 0xFFFF, 0xFFFF,
  0xFFFF, 0xFFFF, 0xFFFF, 0xFFFF, 0xFFFF, 0xFFFF, 0xFFFF, 0xFFFF, 0xFFFF, 0xFFFF, 0xFFFF, 0xFFFF,
  0xFFFF, 0xFFFF, 0xFFFF, 0xFFFF, 0xFFFF, 0xFFFF, 0x39C7, 0x0000, 0x0020, 0x0000, 0x0000, 0x0000,
  0x0020, 0x0000, 0x8430, 0xFFFF, 0xFFDF, 0xFFFF, 0xFFFF, 0xFFFF, 0xFFFF, 0xFFFF, 0xFFFF, 0xFFFF,
  0xFFFF, 0xFFFF, 0xFFFF, 0xFFFF, 0xFFFF, 0xFFFF, 0xFFFF, 0xFFFF, 0xFFFF, 0xFFFF, 0xFFFF, 0x7BCF,
  0x0000, 0x0020, 0x0000, 0x0000, 0x0000, 0x0000, 0x0000, 0xD679, 0xFFFF, 0xFFFF, 0xFFFF, 0xFFFF,
  0xFFFF, 0xFFFF, 0xFFFF, 0xFFFF, 0xFFFF, 0xFFFF, 0xFFFF, 0xFFFF, 0xFFFF, 0xFFFF, 0xFFFF, 0xFFFF,
  0xFFFF, 0xFFFF, 0xFFFF, 0xFFFF, 0xFFFF, 0xFFFF, 0xFFFF, 0xFFFF, 0xFFFF, 0xFFFF, 0xFFFF, 0xFFFF,
  0xFFFF, 0xFFFF, 0xFFFF, 0xFFFF, 0xFFFF, 0xFFFF, 0xFFFF, 0xFFFF, 0xFFFF, 0xFFFF, 0xFFDF, 0xFFFF,
  0x630C, 0x0000, 0x0841, 0x0000, 0x0000, 0x0000, 0x0020, 0x0000, 0x632C, 0xFFFF, 0xFFFF, 0xFFFF,
  0xFFFF, 0xFFFF, 0xFFFF, 0xFFFF, 0xFFFF, 0xFFFF, 0xFFFF, 0xB596, 0x0020, 0x0020, 0x0000, 0x0000,
  0x0000, 0x0000, 0x0000, 0x0020, 0x0000, 0xBDF7, 0xFFFF, 0xFFDF, 0xFFFF, 0xFFFF, 0xFFFF, 0xFFFF,
  0xFFFF, 0xFFFF, 0xFFFF, 0xFFFF, 0xFFFF, 0xFFFF, 0xFFFF, 0xFFFF, 0xFFFF, 0xFFFF, 0xFFFF, 0xFFFF,
  0xFFFF, 0xFFFF, 0xFFFF, 0xFFFF, 0xFFFF, 0xFFFF, 0xFFFF, 0xFFFF, 0xFFFF, 0xFFFF, 0xFFFF, 0xFF7D,
  0xE8A5, 0xE002, 0xE822, 0xE802, 0xE802, 0xE802, 0xE823, 0xE801, 0xF4F4, 0xFFFF, 0xFFDF, 0xFFFF,
  0xFFFF, 0xFFFF, 0xFFFF, 0xFFFF, 0xFFFF, 0xFFFF, 0xFFFF, 0xFFFF, 0xFFFF, 0xFFFF, 0xFFFF, 0xFFFF,
  0xFFFF, 0xFFFF, 0xFFFF, 0xFFFF, 0xFFFF, 0xFFFF, 0xFFFF, 0xD69A, 0x0020, 0x0000, 0x0000, 0x0000,
  0x0000, 0x0000, 0x0000, 0x0000, 0x0000, 0x0000, 0x0000, 0x0000, 0x0000, 0x0000, 0x0000, 0x0000,
  0x0000, 0x0000, 0x0000, 0x0000, 0x0000, 0x0000, 0x0000, 0x0000, 0x0000, 0x0000, 0x0000, 0x0841,
  0x18C3, 0x39A6, 0x630C, 0xAD55, 0xEF5D, 0xFFFF, 0xFFFF, 0xFFFF, 0xFFFF, 0xFFFF, 0xFFFF, 0xFFFF,
  0xFFFF, 0xFFFF, 0xFFFF, 0xFFFF, 0xFFFF, 0xFFFF, 0xFFFF, 0xFFFF, 0xFFFF, 0xFFFF, 0xFFFF, 0xFFFF,
  0xFFFF, 0xFFFF, 0xFFFF, 0xFFFF, 0xFFFF, 0xFFFF, 0xF596, 0xE001, 0xE023, 0xE002, 0xE802, 0xE002,
  0xE002, 0xE022, 0xE802, 0xFE39, 0xFFFF, 0xFFFF, 0xFFFF, 0xFFFF, 0xFFFF, 0xFFFF, 0xFFFF, 0xFFFF,
  0xFFFF, 0xFFFF, 0xFFFF, 0xFFFF, 0xFFFF, 0xFFFF, 0xFFFF, 0xFFFF, 0xFFFF, 0xFFFF, 0xFFFF, 0xFFFF,
  0xFFFF, 0xFFFF, 0x39A6, 0x0000, 0x0020, 0x0000, 0x0000, 0x0000, 0x0020, 0x0000, 0x8410, 0xFFFF,
  0xFFDF, 0xFFFF, 0xFFFF, 0xFFFF, 0xFFFF, 0xFFFF, 0xFFFF, 0xFFFF, 0xFFFF, 0xFFFF, 0xFFFF, 0xFFFF,
  0xFFFF, 0xFFFF, 0xFFFF, 0xFFFF, 0xFFFF, 0xFFFF, 0xFFFF, 0x7BEF, 0x0000, 0x0020, 0x0000, 0x0000,
  0x0000, 0x0000, 0x0000, 0xCE79, 0xFFFF, 0xFFFF, 0xFFFF, 0xFFFF, 0xFFFF, 0xFFFF, 0xFFFF, 0xFFFF,
  0xFFFF, 0xFFFF, 0xFFFF, 0xFFFF, 0xFFFF, 0xFFFF, 0xFFFF, 0xFFFF, 0xFFFF, 0xFFFF, 0xFFFF, 0xFFFF,
  0xFFFF, 0xFFFF, 0xFFFF, 0xFFFF, 0xFFFF, 0xFFFF, 0xFFFF, 0xFFFF, 0xFFFF, 0xFFFF, 0xFFFF, 0xFFFF,
  0xFFFF, 0xFFFF, 0xFFFF, 0xFFFF, 0xFFFF, 0xFFDF, 0xFFFF, 0x9492, 0x0000, 0x0020, 0x0000, 0x0000,
  0x0000, 0x0000, 0x0020, 0x0000, 0x2965, 0x39E7, 0x4207, 0x39E7, 0x4208, 0x4208, 0x39E7, 0x39E7,
  0x39E7, 0x39E7, 0x39E7, 0x39C7, 0x0841, 0x0000, 0x0000, 0x0000, 0x0000, 0x0000, 0x0000, 0x0020,
  0x0000, 0x2104, 0xEF5D, 0xFFFF, 0xFFFF, 0xFFFF, 0xFFFF, 0xFFFF, 0xFFFF, 0xFFFF, 0xFFFF, 0xFFFF,
  0xFFFF, 0xFFFF, 0xFFFF, 0xFFFF, 0xFFFF, 0xFFFF, 0xFFFF, 0xFFFF, 0xFFFF, 0xFFFF, 0xFFFF, 0xFFFF,
  0xFFFF, 0xFFFF, 0xFFFF, 0xFFFF, 0xFFFF, 0xFFFF, 0xFFFF, 0xFF5D, 0xE8C5, 0xE802, 0xE823, 0xE823,
  0xE823, 0xE823, 0xE843, 0xE821, 0xF4F4, 0xFFFF, 0xFFDF, 0xFFFF, 0xFFFF, 0xFFFF, 0xFFFF, 0xFFFF,
  0xFFFF, 0xFFFF, 0xFFFF, 0xFFFF, 0xFFFF, 0xFFFF, 0xFFFF, 0xFFFF, 0xFFFF, 0xFFFF, 0xFFFF, 0xFFFF,
  0xFFFF, 0xFFFF, 0xFFFF, 0xD69A, 0x0020, 0x0000, 0x0000, 0x0000, 0x0000, 0x0000, 0x0020, 0x0000,
  0x528A, 0xA534, 0xA514, 0xA534, 0xA534, 0xA534, 0xA514, 0xA514, 0xA514, 0xA534, 0xA514, 0xA514,
  0xA514, 0xA514, 0xA514, 0xAD55, 0xB596, 0xBDD7, 0xCE38, 0xDEDB, 0xEF7D, 0xFFFF, 0xFFFF, 0xFFFF,
  0xFFFF, 0xFFFF, 0xFFFF, 0xFFFF, 0xFFFF, 0xFFFF, 0xFFFF, 0xFFFF, 0xFFFF, 0xFFFF, 0xFFFF, 0xFFFF,
  0xFFFF, 0xFFFF, 0xFFFF, 0xFFFF, 0xFFFF, 0xFFFF, 0xFFFF, 0xFFFF, 0xFFFF, 0xFFFF, 0xFFFF, 0xFFFF,
  0xFFFF, 0xFFFF, 0xF5B7, 0xE021, 0xE043, 0xE023, 0xE023, 0xE022, 0xE823, 0xE843, 0xE823, 0xFE59,
  0xFFFF, 0xFFFF, 0xFFFF, 0xFFFF, 0xFFFF, 0xFFFF, 0xFFFF, 0xFFFF, 0xFFFF, 0xFFFF, 0xFFFF, 0xFFFF,
  0xFFFF, 0xFFFF, 0xFFFF, 0xFFFF, 0xFFFF, 0xFFFF, 0xFFFF, 0xFFFF, 0xFFFF, 0xFFFF, 0x39C7, 0x0000,
  0x0020, 0x0000, 0x0000, 0x0000, 0x0020, 0x0000, 0x7BCF, 0xFFFF, 0xFFDF, 0xFFFF, 0xFFFF, 0xFFFF,
  0xFFFF, 0xFFFF, 0xFFFF, 0xFFFF, 0xFFFF, 0xFFFF, 0xFFFF, 0xFFFF, 0xFFFF, 0xFFFF, 0xFFFF, 0xFFFF,
  0xFFFF, 0xFFFF, 0xFFFF, 0x7BCF, 0x0000, 0x0020, 0x0000, 0x0000, 0x0000, 0x0000, 0x0000, 0xD679,
  0xFFFF, 0xFFFF, 0xFFFF, 0xFFFF, 0xFFFF, 0xFFFF, 0xFFFF, 0xFFFF, 0xFFFF, 0xFFFF, 0xFFFF, 0xFFFF,
  0xFFFF, 0xFFFF, 0xFFFF, 0xFFFF, 0xFFFF, 0xFFFF, 0xFFFF, 0xFFFF, 0xFFFF, 0xFFFF, 0xFFFF, 0xFFFF,
  0xFFFF, 0xFFFF, 0xFFFF, 0xFFFF, 0xFFFF, 0xFFFF, 0xFFFF, 0xFFFF, 0xFFFF, 0xFFFF, 0xFFFF, 0xFFFF,
  0xFFFF, 0xFFFF, 0xC618, 0x0020, 0x0020, 0x0020, 0x0000, 0x0000, 0x0000, 0x0020, 0x0020, 0x0020,
  0x0000, 0x0000, 0x0000, 0x0000, 0x0000, 0x0000, 0x0000, 0x0000, 0x0000, 0x0000, 0x0000, 0x0000,
  0x0020, 0x0020, 0x0020, 0x0000, 0x0000, 0x0000, 0x0000, 0x0000, 0x0020, 0x0000, 0x39C7, 0xF79E,
  0xFFFF, 0xFFFF, 0xFFFF, 0xFFFF, 0xFFFF, 0xFFFF, 0xFFFF, 0xFFFF, 0xFFFF, 0xFFFF, 0xFFFF, 0xFFFF,
  0xFFFF, 0xFFFF, 0xFFFF, 0xFFFF, 0xFFFF, 0xFFFF, 0xFFFF, 0xFFFF, 0xFFFF, 0xFFFF, 0xFFFF, 0xFFFF,
  0xFFFF, 0xFFFF, 0xFFFF, 0xFF3D, 0xE822, 0xE800, 0xE800, 0xE800, 0xE801, 0xE801, 0xE801, 0xE800,
  0xF4B3, 0xFFFF, 0xFFDF, 0xFFFF, 0xFFFF, 0xFFFF, 0xFFFF, 0xFFFF, 0xFFFF, 0xFFFF, 0xFFFF, 0xFFFF,
  0xFFFF, 0xFFFF, 0xFFFF, 0xFFFF, 0xFFFF, 0xFFFF, 0xFFFF, 0xFFFF, 0xFFFF, 0xFFFF, 0xFFFF, 0xD69A,
  0x0020, 0x0000, 0x0000, 0x0000, 0x0000, 0x0000, 0x0020, 0x0000, 0x8C71, 0xFFFF, 0xFFFF, 0xFFFF,
  0xFFFF, 0xFFFF, 0xFFFF, 0xFFFF, 0xFFFF, 0xFFFF, 0xFFFF, 0xFFFF, 0xFFFF, 0xFFFF, 0xFFFF, 0xFFFF,
  0xFFFF, 0xFFFF, 0xFFFF, 0xFFFF, 0xFFFF, 0xFFFF, 0xFFFF, 0xFFFF, 0xFFFF, 0xFFFF, 0xFFFF, 0xFFFF,
  0xFFFF, 0xFFFF, 0xFFFF, 0xFFFF, 0xFFFF, 0xFFFF, 0xFFFF, 0xFFFF, 0xFFFF, 0xFFFF, 0xFFFF, 0xFFFF,
  0xFFFF, 0xFFFF, 0xFFFF, 0xFFFF, 0xFFFF, 0xFFFF, 0xFFFF, 0xFFFF, 0xFFFF, 0xFFFF, 0xFD97, 0xE800,
  0xE801, 0xE800, 0xE800, 0xE800, 0xE800, 0xE001, 0xE801, 0xFE39, 0xFFFF, 0xFFFF, 0xFFFF, 0xFFFF,
  0xFFFF, 0xFFFF, 0xFFFF, 0xFFFF, 0xFFFF, 0xFFFF, 0xFFFF, 0xFFFF, 0xFFFF, 0xFFFF, 0xFFFF, 0xFFFF,
  0xFFFF, 0xFFFF, 0xFFFF, 0xFFFF, 0xFFFF, 0xFFFF, 0x39E7, 0x0000, 0x0020, 0x0000, 0x0000, 0x0000,
  0x0020, 0x0000, 0x632C, 0xFFFF, 0xFFFF, 0xFFFF, 0xFFFF, 0xFFFF, 0xFFFF, 0xFFFF, 0xFFFF, 0xFFFF,
  0xFFFF, 0xFFFF, 0xFFFF, 0xFFFF, 0xFFFF, 0xFFFF, 0xFFFF, 0xFFFF, 0xFFFF, 0xFFFF, 0xFFFF, 0x5AEB,
  0x0000, 0x0020, 0x0000, 0x0000, 0x0000, 0x0000, 0x0020, 0xD6BA, 0xFFFF, 0xFFFF, 0xFFFF, 0xFFFF,
  0xFFFF, 0xFFFF, 0xFFFF, 0xFFFF, 0xFFFF, 0xFFFF, 0xFFFF, 0xFFFF, 0xFFFF, 0xFFFF, 0xFFFF, 0xFFFF,
  0xFFFF, 0xFFFF, 0xFFFF, 0xFFFF, 0xFFFF, 0xFFFF, 0xFFFF, 0xFFFF, 0xFFFF, 0xFFFF, 0xFFFF, 0xFFFF,
  0xFFFF, 0xFFFF, 0xFFFF, 0xFFFF, 0xFFFF, 0xFFFF, 0xFFFF, 0xFFFF, 0xFFFF, 0xEF3C, 0x2104, 0x0000,
  0x0020, 0x0000, 0x0000, 0x0000, 0x0020, 0x0000, 0x0000, 0x0000, 0x0000, 0x0000, 0x0000, 0x0000,
  0x0000, 0x0000, 0x0000, 0x0000, 0x0000, 0x0000, 0x0000, 0x0000, 0x0000, 0x0000, 0x0000, 0x0000,
  0x0000, 0x0000, 0x0000, 0x0000, 0x0000, 0x0020, 0x0000, 0x5AEB, 0xFFFF, 0xFFDF, 0xFFFF, 0xFFFF,
  0xFFFF, 0xFFFF, 0xFFFF, 0xFFFF, 0xFFFF, 0xFFFF, 0xFFFF, 0xFFFF, 0xFFFF, 0xFFFF, 0xFFFF, 0xFFFF,
  0xFFFF, 0xFFFF, 0xFFFF, 0xFFFF, 0xFFFF, 0xFFFF, 0xFFFF, 0xFFFF, 0xFFFF, 0xFFFF, 0xFFFF, 0xFFBE,
  0xF4D4, 0xF4B3, 0xF493, 0xF493, 0xF493, 0xF4B3, 0xF4B3, 0xF492, 0xFEBB, 0xFFFF, 0xFFFF, 0xFFFF,
  0xFFFF, 0xFFFF, 0xFFFF, 0xFFFF, 0xFFFF, 0xFFFF, 0xFFFF, 0xFFFF, 0xFFFF, 0xFFFF, 0xFFFF, 0xFFFF,
  0xFFFF, 0xFFFF, 0xFFFF, 0xFFFF, 0xFFFF, 0xFFFF, 0xFFFF, 0xD69A, 0x0020, 0x0000, 0x0000, 0x0000,
  0x0000, 0x0000, 0x0020, 0x0000, 0x8C50, 0xFFDF, 0xFFDF, 0xFFFF, 0xFFFF, 0xFFFF, 0xFFDF, 0xFFDF,
  0xFFDF, 0xFFDF, 0xFFDF, 0xFFDF, 0xFFDF, 0xFFDF, 0xFFDF, 0xFFFF, 0xFFFF, 0xFFFF, 0xFFFF, 0xFFFF,
  0xFFFF, 0xFFFF, 0xFFFF, 0xFFFF, 0xFFFF, 0xFFFF, 0xFFFF, 0xFFFF, 0xFFFF, 0xFFFF, 0xFFFF, 0xFFFF,
  0xFFFF, 0xFFFF, 0xFFFF, 0xFFFF, 0xFFFF, 0xFFFF, 0xFFFF, 0xFFFF, 0xFFFF, 0xFFFF, 0xFFFF, 0xFFFF,
  0xFFFF, 0xFFFF, 0xFFFF, 0xFFFF, 0xFFFF, 0xFFFF, 0xFF3C, 0xF493, 0xFCB3, 0xF493, 0xF493, 0xF493,
  0xF493, 0xF493, 0xF4B3, 0xFF5D, 0xFFFF, 0xFFFF, 0xFFFF, 0xFFFF, 0xFFFF, 0xFFFF, 0xFFFF, 0xFFFF,
  0xFFFF, 0xFFFF, 0xFFFF, 0xFFFF, 0xFFFF, 0xFFFF, 0xFFFF, 0xFFFF, 0xFFFF, 0xFFFF, 0xFFFF, 0xFFFF,
  0xFFFF, 0xFFFF, 0x52AA, 0x0000, 0x0020, 0x0000, 0x0000, 0x0000, 0x0020, 0x0000, 0x2124, 0xF7BE,
  0xFFFF, 0xFFDF, 0xFFFF, 0xFFFF, 0xFFFF, 0xFFFF, 0xFFFF, 0xFFFF, 0xFFFF, 0xFFFF, 0xFFFF, 0xFFFF,
  0xFFFF, 0xFFFF, 0xFFFF, 0xFFFF, 0xFFDF, 0xFFFF, 0xF79E, 0x2104, 0x0000, 0x0020, 0x0000, 0x0000,
  0x0000, 0x0000, 0x10A2, 0xEF5D, 0xFFFF, 0xFFFF, 0xFFFF, 0xFFFF, 0xFFFF, 0xFFFF, 0xFFFF, 0xFFFF,
  0xFFFF, 0xFFFF, 0xFFFF, 0xFFFF, 0xFFFF, 0xFFFF, 0xFFFF, 0xFFFF, 0xFFFF, 0xFFFF, 0xFFFF, 0xFFFF,
  0xFFFF, 0xFFFF, 0xFFFF, 0xFFFF, 0xFFFF, 0xFFFF, 0xFFFF, 0xFFFF, 0xFFFF, 0xFFFF, 0xFFFF, 0xFFFF,
  0xFFFF, 0xFFFF, 0xFFFF, 0xFFFF, 0xFFFF, 0x4A49, 0x0000, 0x0020, 0x0000, 0x0000, 0x0000, 0x0020,
  0x0000, 0x39C7, 0x5289, 0x4A49, 0x4A49, 0x4A49, 0x4A69, 0x5269, 0x528A, 0x5269, 0x4A69, 0x4A49,
  0x4A49, 0x4A49, 0x4A49, 0x4A69, 0x5269, 0x5269, 0x4228, 0x0000, 0x0000, 0x0000, 0x0000, 0x0000,
  0x0000, 0x0000, 0x0020, 0x0000, 0x8C51, 0xFFFF, 0xFFDF, 0xFFFF, 0xFFFF, 0xFFFF, 0xFFFF, 0xFFFF,
  0xFFFF, 0xFFFF, 0xFFFF, 0xFFFF, 0xFFFF, 0xFFFF, 0xFFFF, 0xFFFF, 0xFFFF, 0xFFFF, 0xFFFF, 0xFFFF,
  0xFFFF, 0xFFFF, 0xFFFF, 0xFFFF, 0xFFFF, 0xFFFF, 0xFFFF, 0xFFFF, 0xFFFF, 0xFFFF, 0xFFFF, 0xFFFF,
  0xFFFF, 0xFFFF, 0xFFFF, 0xFFFF, 0xFFFF, 0xFFFF, 0xFFFF, 0xFFFF, 0xFFFF, 0xFFFF, 0xFFFF, 0xFFFF,
  0xFFFF, 0xFFFF, 0xFFFF, 0xFFFF, 0xFFFF, 0xFFFF, 0xFFFF, 0xFFFF, 0xFFFF, 0xFFFF, 0xFFFF, 0xFFFF,
  0xFFFF, 0xFFFF, 0xFFFF, 0xD69A, 0x0020, 0x0000, 0x0000, 0x0000, 0x0000, 0x0000, 0x0020, 0x0000,
  0x8C71, 0xFFFF, 0xFFDF, 0xFFFF, 0xFFFF, 0xFFFF, 0xFFFF, 0xFFFF, 0xFFFF, 0xFFFF, 0xFFFF, 0xFFFF,
  0xFFFF, 0xFFFF, 0xFFFF, 0xFFFF, 0xFFFF, 0xFFFF, 0xFFFF, 0xFFFF, 0xFFFF, 0xFFFF, 0xFFFF, 0xFFFF,
  0xFFFF, 0xFFFF, 0xFFFF, 0xFFFF, 0xFFFF, 0xFFFF, 0xFFFF, 0xFFFF, 0xFFFF, 0xFFFF, 0xFFFF, 0xFFFF,
  0xFFFF, 0xFFFF, 0xFFFF, 0xFFFF, 0xFFFF, 0xFFFF, 0xFFFF, 0xFFFF, 0xFFFF, 0xFFFF, 0xFFFF, 0xFFFF,
  0xFFFF, 0xFFFF, 0xFFFF, 0xFFFF, 0xFFFF, 0xFFFF, 0xFFFF, 0xFFFF, 0xFFFF, 0xFFFF, 0xFFFF, 0xFFFF,
  0xFFFF, 0xFFFF, 0xFFFF, 0xFFFF, 0xFFFF, 0xFFFF, 0xFFFF, 0xFFFF, 0xFFFF, 0xFFFF, 0xFFFF, 0xFFFF,
  0xFFFF, 0xFFFF, 0xFFFF, 0xFFFF, 0xFFFF, 0xFFFF, 0xFFFF, 0xFFFF, 0xFFDF, 0xFFFF, 0x8410, 0x0000,
  0x0020, 0x0000, 0x0000, 0x0000, 0x0000, 0x0020, 0x0000, 0x6B4D, 0xFFFF, 0xFFFF, 0xFFFF, 0xFFFF,
  0xFFDF, 0xFFDF, 0xFFDF, 0xFFFF, 0xFFDF, 0xFFDF, 0xFFDF, 0xFFDF, 0xFFDF, 0xFFDF, 0xFFFF, 0xFFFF,
  0xFFFF, 0xFFFF, 0x5AEB, 0x0000, 0x0020, 0x0000, 0x0000, 0x0000, 0x0020, 0x0000, 0x4208, 0xFFFF,
  0xFFFF, 0xFFFF, 0xFFFF, 0xFFFF, 0xFFFF, 0xFFFF, 0xFFFF, 0xFFFF, 0xFFFF, 0xFFFF, 0xFFFF, 0xFFFF,
  0xFFFF, 0xFFFF, 0xFFFF, 0xFFFF, 0xFFFF, 0xFFFF, 0xFFFF, 0xFFFF, 0xFFFF, 0xFFFF, 0xFFFF, 0xFFFF,
  0xFFFF, 0xFFFF, 0xFFFF, 0xFFFF, 0xFFFF, 0xFFFF, 0xFFFF, 0xFFFF, 0xFFFF, 0xFFFF, 0xFFDF, 0xFFFF,
  0x738E, 0x0000, 0x0840, 0x0000, 0x0000, 0x0000, 0x0020, 0x0000, 0x39E7, 0xFFDF, 0xFFFF, 0xFFFF,
  0xFFFF, 0xFFFF, 0xFFFF, 0xFFFF, 0xFFFF, 0xFFFF, 0xFFFF, 0xFFFF, 0xFFFF, 0xFFFF, 0xFFFF, 0xFFFF,
  0xFFFF, 0xFFFF, 0xFFFF, 0x7BEF, 0x0000, 0x0020, 0x0000, 0x0000, 0x0000, 0x0000, 0x0000, 0x0020,
  0x0000, 0xBDD7, 0xFFFF, 0xFFFF, 0xFFFF, 0xFFFF, 0xFFFF, 0xFFFF, 0xFFFF, 0xFFFF, 0xFFFF, 0xFFFF,
  0xFFFF, 0xFFFF, 0xFFFF, 0xFFFF, 0xFFFF, 0xFFFF, 0xFFFF, 0xFFFF, 0xFFFF, 0xFFFF, 0xFFFF, 0xFFFF,
  0xFFFF, 0xFFFF, 0xFFFF, 0xFFFF, 0xFFFF, 0xFFDF, 0xFFDF, 0xFFDF, 0xFFDF, 0xFFDF, 0xFFDF, 0xFFDF,
  0xFFFF, 0xFFFF, 0xFFFF, 0xFFFF, 0xFFFF, 0xFFFF, 0xFFFF, 0xFFFF, 0xFFFF, 0xFFFF, 0xFFFF, 0xFFFF,
  0xFFFF, 0xFFFF, 0xFFFF, 0xFFFF, 0xFFFF, 0xFFFF, 0xFFFF, 0xFFFF, 0xFFFF, 0xFFFF, 0xFFFF, 0xD69A,
  0x0020, 0x0000, 0x0000, 0x0000, 0x0000, 0x0000, 0x0020, 0x0000, 0x8C71, 0xFFFF, 0xFFDF, 0xFFFF,
  0xFFFF, 0xFFFF, 0xFFFF, 0xFFFF, 0xFFFF, 0xFFFF, 0xFFFF, 0xFFFF, 0xFFFF, 0xFFFF, 0xFFFF, 0xFFFF,
  0xFFFF, 0xFFFF, 0xFFFF, 0xFFFF, 0xFFFF, 0xFFFF, 0xFFFF, 0xFFFF, 0xFFFF, 0xFFFF, 0xFFFF, 0xFFFF,
  0xFFFF, 0xFFFF, 0xFFFF, 0xFFFF, 0xFFFF, 0xFFFF, 0xFFFF, 0xFFFF, 0xFFFF, 0xFFFF, 0xFFFF, 0xFFFF,
  0xFFFF, 0xFFFF, 0xFFFF, 0xFFFF, 0xFFFF, 0xFFFF, 0xFFFF, 0xFFFF, 0xFFFF, 0xFFFF, 0xFFFF, 0xFFDF,
  0xFFDF, 0xFFDF, 0xFFDF, 0xFFDF, 0xFFDF, 0xFFDF, 0xFFDF, 0xFFFF, 0xFFFF, 0xFFFF, 0xFFFF, 0xFFFF,
  0xFFFF, 0xFFFF, 0xFFFF, 0xFFFF, 0xFFFF, 0xFFFF, 0xFFFF, 0xFFFF, 0xFFFF, 0xFFFF, 0xFFFF, 0xFFFF,
  0xFFFF, 0xFFFF, 0xFFFF, 0xFFFF, 0xFFFF, 0xFFFF, 0xD69A, 0x0020, 0x0020, 0x0020, 0x0000, 0x0000,
  0x0000, 0x0000, 0x0020, 0x0000, 0x528A, 0xBDD7, 0xF79E, 0xFFFF, 0xFFFF, 0xFFFF, 0xFFFF, 0xFFFF,
  0xFFFF, 0xFFFF, 0xFFFF, 0xFFFF, 0xFFFF, 0xFFFF, 0xFFFF, 0xF79E, 0xAD55, 0x39E7, 0x0000, 0x0020,
  0x0000, 0x0000, 0x0000, 0x0000, 0x0020, 0x0000, 0xAD55, 0xFFFF, 0xFFFF, 0xFFFF, 0xFFFF, 0xFFFF,
  0xFFFF, 0xFFFF, 0xFFFF, 0xFFFF, 0xFFFF, 0xFFFF, 0xFFFF, 0xFFFF, 0xFFFF, 0xFFFF, 0xFFFF, 0xFFFF,
  0xFFFF, 0xFFFF, 0xFFFF, 0xFFFF, 0xFFFF, 0xFFFF, 0xFFFF, 0xFFFF, 0xFFFF, 0xFFFF, 0xFFFF, 0xFFFF,
  0xFFFF, 0xFFFF, 0xFFFF, 0xFFFF, 0xFFFF, 0xFFDF, 0xFFFF, 0x9CB2, 0x0000, 0x0020, 0x0000, 0x0000,
  0x0000, 0x0020, 0x0000, 0x18E3, 0xE73C, 0xFFFF, 0xFFDF, 0xFFFF, 0xFFFF, 0xFFFF, 0xFFFF, 0xFFFF,
  0xFFFF, 0xFFFF, 0xFFFF, 0xFFFF, 0xFFFF, 0xFFFF, 0xFFFF, 0xFFFF, 0xFFFF, 0xFFFF, 0xFFFF, 0xFFFF,
  0x5ACB, 0x0000, 0x0020, 0x0000, 0x0000, 0x0000, 0x0000, 0x0020, 0x0000, 0x18C3, 0xE6FB, 0xFFFF,
  0xFFFF, 0xFFFF, 0xFFFF, 0xFFFF, 0xFFFF, 0xFFFF, 0xFFFF, 0xFFFF, 0xFFFF, 0xFFFF, 0xFFFF, 0xFFFF,
  0xFFFF, 0xFFFF, 0xFFFF, 0xFFFF, 0xFFFF, 0xFFFF, 0xFFFF, 0xFFFF, 0xFFFF, 0xFFFF, 0xFFFF, 0xFFFF,
  0xFFFF, 0xFFFF, 0xFFFF, 0xFFFF, 0xFFFF, 0xFFFF, 0xFFFF, 0xFFFF, 0xFFFF, 0xFFFF, 0xFFFF, 0xFFFF,
  0xFFFF, 0xFFFF, 0xFFFF, 0xFFFF, 0xFFFF, 0xFFFF, 0xFFFF, 0xFFFF, 0xFFFF, 0xFFFF, 0xFFFF, 0xFFFF,
  0xFFFF, 0xFFFF, 0xFFFF, 0xFFFF, 0xFFFF, 0xFFFF, 0xFFFF, 0xD69A, 0x0000, 0x0000, 0x0000, 0x0000,
  0x0000, 0x0000, 0x0020, 0x0000, 0x8C71, 0xFFFF, 0xFFDF, 0xFFFF, 0xFFFF, 0xFFFF, 0xFFFF, 0xFFFF,
  0xFFFF, 0xFFFF, 0xFFFF, 0xFFFF, 0xFFFF, 0xFFFF, 0xFFFF, 0xFFFF, 0xFFFF, 0xFFFF, 0xFFFF, 0xFFFF,
  0xFFFF, 0xFFFF, 0xFFFF, 0xFFFF, 0xFFFF, 0xFFFF, 0xFFFF, 0xFFFF, 0xFFFF, 0xFFFF, 0xFFFF, 0xFFFF,
  0xFFFF, 0xFFFF, 0xFFFF, 0xFFFF, 0xFFFF, 0xFFFF, 0xFFFF, 0xFFFF, 0xFFFF, 0xFFFF, 0xFFFF, 0xFFFF,
  0xFFFF, 0xFFFF, 0xFFFF, 0xFFFF, 0xFFFF, 0xFFFF, 0xFFFF, 0xFFFF, 0xFFFF, 0xFFFF, 0xFFFF, 0xFFFF,
  0xFFFF, 0xFFFF, 0xFFFF, 0xFFFF, 0xFFFF, 0xFFFF, 0xFFFF, 0xFFFF, 0xFFFF, 0xFFFF, 0xFFFF, 0xFFFF,
  0xFFFF, 0xFFFF, 0xFFFF, 0xFFFF, 0xFFFF, 0xFFFF, 0xFFFF, 0xFFFF, 0xFFFF, 0xFFFF, 0xFFFF, 0xFFFF,
  0xFFFF, 0xFFFF, 0xFFFF, 0x7BCF, 0x0000, 0x0020, 0x0020, 0x0000, 0x0000, 0x0000, 0x0000, 0x0020,
  0x0000, 0x0000, 0x18E3, 0x4A69, 0x7BCF, 0x9492, 0xA514, 0xA534, 0xAD55, 0xAD55, 0xA534, 0x9CD3,
  0x8C71, 0x73AE, 0x4A69, 0x18E3, 0x0000, 0x0000, 0x0020, 0x0000, 0x0000, 0x0000, 0x0020, 0x0020,
  0x0000, 0x5ACB, 0xFFFF, 0xFFFF, 0xFFFF, 0xFFFF, 0xFFFF, 0xFFFF, 0xFFFF, 0xFFFF, 0xFFFF, 0xFFFF,
  0xFFFF, 0xFFFF, 0xFFFF, 0xFFFF, 0xFFFF, 0xFFFF, 0xFFFF, 0xFFFF, 0xFFFF, 0xFFFF, 0xFFFF, 0xFFFF,
  0xFFFF, 0xFFFF, 0xFFFF, 0xFFFF, 0xFFFF, 0xFFFF, 0xFFFF, 0xFFFF, 0xFFFF, 0xFFFF, 0xFFFF, 0xFFFF,
  0xFFDF, 0xFFFF, 0xCE59, 0x0841, 0x0020, 0x0020, 0x0000, 0x0000, 0x0000, 0x0020, 0x0841, 0xC618,
  0xFFFF, 0xFFFF, 0xFFFF, 0xFFFF, 0xFFFF, 0xFFFF, 0xFFFF, 0xFFFF, 0xFFFF, 0xFFFF, 0xFFFF, 0xFFFF,
  0xFFFF, 0xFFFF, 0xFFFF, 0xFFFF, 0xFFFF, 0xFFFF, 0xFFFF, 0xFFFF, 0xF79E, 0x3165, 0x0000, 0x0020,
  0x0000, 0x0000, 0x0000, 0x0000, 0x0020, 0x0000, 0x3186, 0xF79E, 0xFFFF, 0xFFDF, 0xFFFF, 0xFFFF,
  0xFFFF, 0xFFFF, 0xFFFF, 0xFFFF, 0xFFFF, 0xFFFF, 0xFFFF, 0xFFFF, 0xFFFF, 0xFFFF, 0xFFFF, 0xFFFF,
  0xFFFF, 0xFFFF, 0xFFFF, 0xFFFF, 0xFFFF, 0xFFFF, 0xFFFF, 0xFFFF, 0xFFFF, 0xFFFF, 0xFFFF, 0xFFFF,
  0xFFFF, 0xFFFF, 0xFFFF, 0xFFFF, 0xFFFF, 0xFFFF, 0xFFFF, 0xFFFF, 0xFFFF, 0xFFFF, 0xFFFF, 0xFFFF,
  0xFFFF, 0xFFFF, 0xFFFF, 0xFFFF, 0xFFFF, 0xFFFF, 0xFFFF, 0xFFFF, 0xFFFF, 0xFFFF, 0xFFFF, 0xFFFF,
  0xFFFF, 0xFFFF, 0xFFFF, 0xD679, 0x0000, 0x0000, 0x0000, 0x0000, 0x0000, 0x0000, 0x0020, 0x0000,
  0x8C71, 0xFFFF, 0xFFDF, 0xFFFF, 0xFFFF, 0xFFFF, 0xFFFF, 0xFFFF, 0xFFFF, 0xFFFF, 0xFFFF, 0xFFFF,
  0xFFFF, 0xFFFF, 0xFFFF, 0xFFFF, 0xFFFF, 0xFFFF, 0xFFFF, 0xFFFF, 0xFFFF, 0xFFFF, 0xFFFF, 0xFFFF,
  0xFFFF, 0xFFFF, 0xFFFF, 0xFFFF, 0xFFFF, 0xFFFF, 0xFFFF, 0xFFFF, 0xFFFF, 0xFFFF, 0xFFFF, 0xFFFF,
  0xFFFF, 0xFFFF, 0xFFFF, 0xFFFF, 0xFFFF, 0xFFFF, 0xFFFF, 0xFFFF, 0xFFFF, 0xFFFF, 0xFFFF, 0xFFFF,
  0xFFFF, 0xFFFF, 0xFFFF, 0xFFFF, 0xFFFF, 0xFFFF, 0xFFFF, 0xFFFF, 0xFFFF, 0xFFFF, 0xFFFF, 0xFFFF,
  0xFFFF, 0xFFFF, 0xFFFF, 0xFFFF, 0xFFFF, 0xFFFF, 0xFFFF, 0xFFFF, 0xFFFF, 0xFFFF, 0xFFFF, 0xFFFF,
  0xFFFF, 0xFFFF, 0xFFFF, 0xFFFF, 0xFFFF, 0xFFFF, 0xFFFF, 0xFFFF, 0xFFFF, 0xFFFF, 0xFFFF, 0xFFFF,
  0x738E, 0x0000, 0x0000, 0x0020, 0x0020, 0x0020, 0x0000, 0x0000, 0x0020, 0x0020, 0x0000, 0x0000,
  0x0000, 0x0000, 0x0000, 0x0000, 0x0000, 0x0000, 0x0000, 0x0000, 0x0000, 0x0000, 0x0000, 0x0000,
  0x0020, 0x0020, 0x0000, 0x0020, 0x0020, 0x0000, 0x0000, 0x0000, 0x5ACB, 0xFFBE, 0xFFFF, 0xFFFF,
  0xFFFF, 0xFFFF, 0xFFFF, 0xFFFF, 0xFFFF, 0xFFFF, 0xFFFF, 0xFFFF, 0xFFFF, 0xFFFF, 0xFFFF, 0xFFFF,
  0xFFFF, 0xFFFF, 0xFFFF, 0xFFFF, 0xFFFF, 0xFFFF, 0xFFFF, 0xFFFF, 0xFFFF, 0xFFFF, 0xFFFF, 0xFFFF,
  0xFFFF, 0xFFFF, 0xFFFF, 0xFFFF, 0xFFFF, 0xFFFF, 0xFFFF, 0xFFFF, 0xFFFF, 0xEF5D, 0x2945, 0x0020,
  0x0841, 0x0020, 0x0020, 0x0020, 0x0841, 0x0000, 0x7BEF, 0xFFFF, 0xFFFF, 0xFFFF, 0xFFFF, 0xFFFF,
  0xFFFF, 0xFFFF, 0xFFFF, 0xFFFF, 0xFFFF, 0xFFFF, 0xFFFF, 0xFFFF, 0xFFFF, 0xFFFF, 0xFFFF, 0xFFFF,
  0xFFFF, 0xFFFF, 0xFFFF, 0xFFFF, 0xFFFF, 0xDEFB, 0x0841, 0x0020, 0x0020, 0x0020, 0x0020, 0x0020,
  0x0020, 0x0841, 0x0000, 0x5269, 0xFFFF, 0xFFFF, 0xFFFF, 0xFFFF, 0xFFFF, 0xFFFF, 0xFFFF, 0xFFFF,
  0xFFFF, 0xFFFF, 0xFFFF, 0xFFFF, 0xFFFF, 0xFFFF, 0xFFFF, 0xFFFF, 0xFFFF, 0xFFFF, 0xFFFF, 0xFFFF,
  0xFFFF, 0xFFFF, 0xFFFF, 0xFFFF, 0xFFFF, 0xFFFF, 0xFFFF, 0xFFFF, 0xFFFF, 0xFFFF, 0xFFFF, 0xFFFF,
  0xFFFF, 0xFFFF, 0xFFFF, 0xFFFF, 0xFFFF, 0xFFFF, 0xFFFF, 0xFFFF, 0xFFFF, 0xFFFF, 0xFFFF, 0xFFFF,
  0xFFFF, 0xFFFF, 0xFFFF, 0xFFFF, 0xFFFF, 0xFFFF, 0xFFFF, 0xFFFF, 0xFFFF, 0xFFFF, 0xFFFF, 0xD69A,
  0x0020, 0x0020, 0x0020, 0x0020, 0x0020, 0x0020, 0x0841, 0x0000, 0x8C71, 0xFFFF, 0xFFFF, 0xFFFF,
  0xFFFF, 0xFFFF, 0xFFFF, 0xFFFF, 0xFFFF, 0xFFFF, 0xFFFF, 0xFFFF, 0xFFFF, 0xFFFF, 0xFFFF, 0xFFFF,
  0xFFFF, 0xFFFF, 0xFFFF, 0xFFFF, 0xFFFF, 0xFFFF, 0xFFFF, 0xFFFF, 0xFFFF, 0xFFFF, 0xFFFF, 0xFFFF,
  0xFFFF, 0xFFFF, 0xFFFF, 0xFFFF, 0xFFFF, 0xFFFF, 0xFFFF, 0xFFFF, 0xFFFF, 0xFFFF, 0xFFFF, 0xFFFF,
  0xFFFF, 0xFFFF, 0xFFFF, 0xFFFF, 0xFFFF, 0xFFFF, 0xFFFF, 0xFFFF, 0xFFFF, 0xFFFF, 0xFFFF, 0xFFFF,
  0xFFFF, 0xFFFF, 0xFFFF, 0xFFFF, 0xFFFF, 0xFFFF, 0xFFFF, 0xFFFF, 0xFFFF, 0xFFFF, 0xFFFF, 0xFFFF,
  0xFFFF, 0xFFFF, 0xFFFF, 0xFFFF, 0xFFFF, 0xFFFF, 0xFFFF, 0xFFFF, 0xFFFF, 0xFFFF, 0xFFFF, 0xFFFF,
  0xFFFF, 0xFFFF, 0xFFFF, 0xFFFF, 0xFFFF, 0xFFFF, 0xFFFF, 0xFFFF, 0xFFFF, 0xA534, 0x3186, 0x0000,
  0x0000, 0x0000, 0x0000, 0x0020, 0x0020, 0x0020, 0x0841, 0x0841, 0x0841, 0x0841, 0x0841, 0x0841,
  0x0841, 0x0841, 0x0841, 0x0841, 0x0841, 0x0841, 0x0841, 0x0841, 0x0020, 0x0020, 0x0000, 0x0000,
  0x0000, 0x0000, 0x31A6, 0xA514, 0xFFFF, 0xFFFF, 0xFFFF, 0xFFFF, 0xFFFF, 0xFFFF, 0xFFFF, 0xFFFF,
  0xFFFF, 0xFFFF, 0xFFFF, 0xFFFF, 0xFFFF, 0xFFFF, 0xFFFF, 0xFFFF, 0xFFFF, 0xFFFF, 0xFFFF, 0xFFFF,
  0xFFFF, 0xFFFF, 0xFFFF, 0xFFFF, 0xFFFF, 0xFFFF, 0xFFFF, 0xFFFF, 0xFFFF, 0xFFFF, 0xFFFF, 0xFFFF,
  0xFFFF, 0xFFFF, 0xFFFF, 0xD69A, 0x8C51, 0x18C3, 0x0000, 0x0000, 0x0000, 0x0000, 0x0000, 0x0000,
  0x0000, 0x0000, 0x3186, 0xAD34, 0xEF7D, 0xFFFF, 0xFFFF, 0xFFFF, 0xFFFF, 0xFFFF, 0xFFFF, 0xFFFF,
  0xFFFF, 0xFFFF, 0xFFFF, 0xFFFF, 0xFFFF, 0xFFFF, 0xFFFF, 0xFFFF, 0xFFFF, 0xFFFF, 0xFFFF, 0xFFFF,
  0xCE59, 0x736D, 0x0000, 0x0000, 0x0000, 0x0000, 0x0000, 0x0000, 0x0000, 0x0000, 0x0000, 0x0000,
  0x3165, 0x9C92, 0xE6FB, 0xFFFF, 0xFFFF, 0xFFFF, 0xFFFF, 0xFFFF, 0xFFFF, 0xFFFF, 0xFFFF, 0xFFFF,
  0xFFFF, 0xFFFF, 0xFFFF, 0xFFFF, 0xFFFF, 0xFFFF, 0xFFFF, 0xFFFF, 0xFFFF, 0xFFFF, 0xFFFF, 0xFFFF,
  0xFFFF, 0xFFFF, 0xFFFF, 0xFFFF, 0xFFFF, 0xFFFF, 0xFFFF, 0xFFFF, 0xFFFF, 0xFFFF, 0xFFFF, 0xFFFF,
  0xFFFF, 0xFFFF, 0xFFFF, 0xFFFF, 0xFFFF, 0xFFFF, 0xFFFF, 0xFFFF, 0xFFFF, 0xFFFF, 0xFFFF, 0xFFFF,
  0xFFFF, 0xFFFF, 0xFFFF, 0xFFFF, 0xFFFF, 0xF79E, 0xB575, 0x4228, 0x0000, 0x0000, 0x0000, 0x0000,
  0x0000, 0x0000, 0x0000, 0x0000, 0x18C3, 0x9CB2, 0xDEDB, 0xFFFF, 0xFFFF, 0xFFFF, 0xFFFF, 0xFFFF,
  0xFFFF, 0xFFFF, 0xFFFF, 0xFFFF, 0xFFFF, 0xFFFF, 0xFFFF, 0xFFFF, 0xFFFF, 0xFFFF, 0xFFFF, 0xFFFF,
  0xFFFF, 0xFFFF, 0xFFFF, 0xFFFF, 0xFFFF, 0xFFFF, 0xFFFF, 0xFFFF, 0xFFFF, 0xFFFF, 0xFFFF, 0xFFFF,
  0xFFFF, 0xFFFF, 0xFFFF, 0xFFFF, 0xFFFF, 0xFFFF, 0xFFFF, 0xFFFF, 0xFFFF, 0xFFFF, 0xFFFF, 0xFFFF,
  0xFFFF, 0xFFFF, 0xFFFF, 0xFFFF, 0xFFFF, 0xFFFF, 0xFFFF, 0xFFFF, 0xFFFF, 0xFFFF, 0xFFFF, 0xFFFF,
  0xFFFF, 0xFFFF, 0xFFFF, 0xFFFF, 0xFFFF, 0xFFFF, 0xFFFF, 0xFFFF, 0xFFFF, 0xFFFF, 0xFFFF, 0xFFFF,
  0xFFFF, 0xFFFF, 0xFFFF, 0xFFFF, 0xFFFF, 0xFFFF, 0xFFFF, 0xFFFF, 0xFFFF, 0xFFFF, 0xFFFF, 0xFFFF,
  0xFFFF, 0xFFFF, 0xFFFF, 0xFFFF, 0xFFFF, 0xFFFF, 0xFFFF, 0xC638, 0x7BCF, 0x39A6, 0x1062, 0x0000,
  0x0000, 0x0000, 0x0000, 0x0000, 0x0000, 0x0000, 0x0000, 0x0000, 0x0000, 0x0000, 0x0000, 0x0000,
  0x0000, 0x0000, 0x0000, 0x0000, 0x0000, 0x0000, 0x10A2, 0x39C7, 0x7BAE, 0xC638, 0xFFFF, 0xFFFF,
  0xFFFF, 0xFFFF, 0xFFFF, 0xFFFF, 0xFFFF, 0xFFFF, 0xFFFF, 0xFFFF, 0xFFFF, 0xFFFF, 0xFFFF, 0xFFFF,
  0xFFFF, 0xFFFF, 0xFFFF, 0xFFFF, 0xFFFF, 0xFFFF, 0xFFFF, 0xFFFF, 0xFFFF, 0xFFFF, 0xFFFF, 0xFFFF,
  0xFFFF, 0xFFFF, 0xFFFF, 0xFFFF, 0xFFFF, 0xFFFF, 0xFFFF, 0xFFFF, 0xFFFF, 0xFFFF, 0xFFFF, 0xA514,
  0x52AA, 0x630C, 0x6B2C, 0x632C, 0x630C, 0x630C, 0x630C, 0x630C, 0x630C, 0x6B2C, 0x630C, 0x5ACB,
  0xD69A, 0xFFFF, 0xFFFF, 0xFFFF, 0xFFFF, 0xFFFF, 0xFFFF, 0xFFFF, 0xFFFF, 0xFFFF, 0xFFFF, 0xFFFF,
  0xFFFF, 0xFFFF, 0xFFFF, 0xFFFF, 0xFFFF, 0xFFFF, 0xFFFF, 0xFFFF, 0x8C30, 0x62EB, 0x6B4D, 0x630C,
  0x630C, 0x630C, 0x632C, 0x632C, 0x632C, 0x632C, 0x632C, 0x6B2C, 0x630C, 0x5AAA, 0xBDD7, 0xFFFF,
  0xFFFF, 0xFFFF, 0xFFFF, 0xFFFF, 0xFFFF, 0xFFFF, 0xFFFF, 0xFFFF, 0xFFFF, 0xFFFF, 0xFFFF, 0xFFFF,
  0xFFFF, 0xFFFF, 0xFFFF, 0xFFFF, 0xFFFF, 0xFFFF, 0xFFFF, 0xFFFF, 0xFFFF, 0xFFFF, 0xFFFF, 0xFFFF,
  0xFFFF, 0xFFFF, 0xFFFF, 0xFFFF, 0xFFFF, 0xFFFF, 0xFFFF, 0xFFFF, 0xFFFF, 0xFFFF, 0xFFFF, 0xFFFF,
  0xFFFF, 0xFFFF, 0xFFFF, 0xFFFF, 0xFFFF, 0xFFFF, 0xFFFF, 0xFFFF, 0xFFFF, 0xFFFF, 0xFFFF, 0xFFFF,
  0xFFFF, 0xE71C, 0x6B0C, 0x62EB, 0x6B2C, 0x630C, 0x630C, 0x62EB, 0x62EB, 0x630C, 0x630C, 0x630C,
  0x632C, 0x5AAA, 0xB596, 0xFFFF, 0xFFFF, 0xFFFF, 0xFFFF, 0xFFFF, 0xFFFF, 0xFFFF, 0xFFFF, 0xFFFF,
  0xFFFF, 0xFFFF, 0xFFFF, 0xFFFF, 0xFFFF, 0xFFFF, 0xFFFF, 0xFFFF, 0xFFFF, 0xFFFF, 0xFFFF, 0xFFFF,
  0xFFFF, 0xFFFF, 0xFFFF, 0xFFFF, 0xFFFF, 0xFFFF, 0xFFFF, 0xFFFF, 0xFFFF, 0xFFFF, 0xFFFF, 0xFFFF,
  0xFFFF, 0xFFFF, 0xFFFF, 0xFFFF, 0xFFFF, 0xFFFF, 0xFFFF, 0xFFFF, 0xFFFF, 0xFFFF, 0xFFFF, 0xFFFF,
  0xFFFF, 0xFFFF, 0xFFFF, 0xFFFF, 0xFFFF, 0xFFFF, 0xFFFF, 0xFFFF, 0xFFFF, 0xFFFF, 0xFFFF, 0xFFFF,
  0xFFFF, 0xFFFF, 0xFFFF, 0xFFFF, 0xFFFF, 0xFFFF, 0xFFFF, 0xFFFF, 0xFFFF, 0xFFFF, 0xFFFF, 0xFFFF,
  0xFFFF, 0xFFFF, 0xFFFF, 0xFFFF, 0xFFFF, 0xFFFF, 0xFFFF, 0xFFFF, 0xFFFF, 0xFFFF, 0xFFFF, 0xFFFF,
  0xFFFF, 0xFFFF, 0xFFFF, 0xFFFF, 0xFFFF, 0xFFFF, 0xE71C, 0xC618, 0xA514, 0x8C30, 0x736D, 0x5ACB,
  0x5269, 0x4208, 0x39C7, 0x31A6, 0x31A6, 0x39C7, 0x41E7, 0x4A28, 0x526A, 0x5AEB, 0x73AE, 0x8C31,
  0xA514, 0xCE38, 0xEF5D, 0xFFFF, 0xFFFF, 0xFFFF, 0xFFFF, 0xFFFF, 0xFFFF, 0xFFFF, 0xFFFF, 0xFFFF,
  0xFFFF, 0xFFFF, 0xFFFF, 0xFFFF, 0xFFFF, 0xFFFF, 0xFFFF, 0xFFFF, 0xFFFF, 0xFFFF, 0xFFFF, 0xFFFF,
  0xFFFF, 0xFFFF, 0xFFFF, 0xFFFF, 0xFFFF, 0xFFFF, 0xFFFF, 0xFFFF, 0xFFFF, 0xFFFF, 0xFFFF, 0xFFFF,
  0xFFFF, 0xFFFF, 0xFFFF, 0xFFFF, 0xFFFF, 0xFFFF, 0xFFFF, 0xFFFF, 0xFFFF, 0xFFFF, 0xFFFF, 0xFFFF,
  0xFFFF, 0xFFFF, 0xFFFF, 0xFFFF, 0xFFFF, 0xFFFF, 0xFFFF, 0xFFFF, 0xFFFF, 0xFFFF, 0xFFFF, 0xFFFF,
  0xFFFF, 0xFFFF, 0xFFFF, 0xFFFF, 0xFFFF, 0xFFFF, 0xFFFF, 0xFFFF, 0xFFFF, 0xFFFF, 0xFFFF, 0xFFFF,
  0xFFFF, 0xFFFF, 0xFFFF, 0xFFFF, 0xFFFF, 0xFFFF, 0xFFFF, 0xFFFF, 0xFFFF, 0xFFFF, 0xFFFF, 0xFFFF,
  0xFFFF, 0xFFFF, 0xFFFF, 0xFFFF, 0xFFFF, 0xFFFF, 0xFFFF, 0xFFFF, 0xFFFF, 0xFFFF, 0xFFFF, 0xFFFF,
  0xFFFF, 0xFFFF, 0xFFFF, 0xFFFF, 0xFFFF, 0xFFFF, 0xFFFF, 0xFFFF, 0xFFFF, 0xFFFF, 0xFFFF, 0xFFFF,
  0xFFFF, 0xFFFF, 0xFFFF, 0xFFFF, 0xFFFF, 0xFFFF, 0xFFFF, 0xFFFF, 0xFFFF, 0xFFFF, 0xFFFF, 0xFFFF,
  0xFFFF, 0xFFFF, 0xFFFF, 0xFFFF, 0xFFFF, 0xFFFF, 0xFFFF, 0xFFFF, 0xFFFF, 0xFFFF, 0xFFFF, 0xFFFF,
  0xFFFF, 0xFFFF, 0xFFFF, 0xFFFF, 0xFFFF, 0xFFFF, 0xFFFF, 0xFFFF, 0xFFFF, 0xFFFF, 0xFFFF, 0xFFFF,
  0xFFFF, 0xFFFF, 0xFFFF, 0xFFFF, 0xFFFF, 0xFFFF, 0xFFFF, 0xFFFF, 0xFFFF, 0xFFFF, 0xFFFF, 0xFFFF,
  0xFFFF, 0xFFFF, 0xFFFF, 0xFFFF, 0xFFFF, 0xFFFF, 0xFFFF, 0xFFFF, 0xFFFF, 0xFFFF, 0xFFFF, 0xFFFF,
  0xFFFF, 0xFFFF, 0xFFFF, 0xFFFF, 0xFFFF, 0xFFFF, 0xFFFF, 0xFFFF, 0xFFFF, 0xFFFF, 0xFFFF, 0xFFFF,
  0xFFFF, 0xFFFF, 0xFFFF, 0xFFFF, 0xFFFF, 0xFFFF, 0xFFFF, 0xFFFF, 0xFFFF, 0xFFFF, 0xFFFF, 0xFFFF,
  0xFFFF, 0xFFFF, 0xFFFF, 0xFFFF, 0xFFFF, 0xFFFF, 0xFFFF, 0xFFFF, 0xFFFF, 0xFFFF, 0xFFFF, 0xFFFF,
  0xFFFF, 0xFFFF, 0xFFFF, 0xFFFF, 0xFFFF, 0xFFFF, 0xFFFF, 0xFFFF, 0xFFFF, 0xFFFF, 0xFFFF, 0xFFFF,
  0xFFFF, 0xFFFF, 0xFFFF, 0xFFFF, 0xFFFF, 0xFFFF, 0xFFFF, 0xFFFF, 0xFFFF, 0xFFFF, 0xFFFF, 0xFFFF,
  0xFFFF, 0xFFFF, 0xFFFF, 0xFFFF, 0xFFFF, 0xFFFF, 0xFFFF, 0xFFFF, 0xFFFF, 0xFFFF, 0xFFFF, 0xFFFF,
  0xFFDF, 0xFFFF, 0xFFFF, 0xFFFF, 0xFFFF, 0xFFFF, 0xFFFF, 0xFFFF, 0xFFFF, 0xFFFF, 0xFFFF, 0xFFFF,
  0xFFFF, 0xFFFF, 0xFFFF, 0xFFFF, 0xFFFF, 0xFFFF, 0xFFFF, 0xFFFF, 0xFFFF, 0xFFFF, 0xFFFF, 0xFFFF,
  0xFFFF, 0xFFFF, 0xFFFF, 0xFFFF, 0xFFFF, 0xFFFF, 0xFFFF, 0xFFFF, 0xFFFF, 0xFFFF, 0xFFFF, 0xFFFF,
  0xFFFF, 0xFFFF, 0xFFFF, 0xFFFF, 0xFFFF, 0xFFFF, 0xFFFF, 0xFFFF, 0xFFFF, 0xFFFF, 0xFFFF, 0xFFFF,
  0xFFFF, 0xFFFF, 0xFFFF, 0xFFFF, 0xFFFF, 0xFFFF, 0xFFFF, 0xFFFF, 0xFFFF, 0xFFFF, 0xFFFF, 0xFFFF,
  0xFFFF, 0xFFFF, 0xFFFF, 0xFFFF, 0xFFFF, 0xFFFF, 0xFFFF, 0xFFFF, 0xFFFF, 0xFFDF, 0xFFFF, 0xFFDF,
  0xFFDF, 0xFFDF, 0xFFDF, 0xFFFF, 0xFFFF, 0xFFFF, 0xFFFF, 0xFFFF, 0xFFFF, 0xFFFF, 0xFFFF, 0xFFFF,
  0xFFFF, 0xFFFF, 0xFFFF, 0xFFFF, 0xFFFF, 0xFFFF, 0xFFFF, 0xFFFF, 0xFFFF, 0xFFFF, 0xFFFF, 0xFFFF,
  0xFFFF, 0xFFFF, 0xFFFF, 0xFFFF, 0xFFFF, 0xFFFF, 0xFFFF, 0xFFFF, 0xFFFF, 0xFFFF, 0xFFFF, 0xFFFF,
  0xFFFF, 0xFFFF, 0xFFFF, 0xFFFF, 0xFFFF, 0xFFFF, 0xFFFF, 0xFFFF, 0xFFFF, 0xFFFF, 0xFFFF, 0xFFFF,
  0xFFFF, 0xFFFF, 0xFFFF, 0xFFFF, 0xFFFF, 0xFFFF, 0xFFFF, 0xFFFF, 0xFFFF, 0xFFFF, 0xFFFF, 0xFFFF,
  0xFFFF, 0xFFFF, 0xFFFF, 0xFFFF, 0xFFFF, 0xFFFF, 0xFFFF, 0xFFFF, 0xFFFF, 0xFFFF, 0xFFFF, 0xFFFF,
  0xFFFF, 0xFFFF, 0xFFFF, 0xFFFF, 0xFFFF, 0xFFFF, 0xFFFF, 0xFFFF, 0xFFFF, 0xFFFF, 0xFFFF, 0xFFFF,
  0xFFFF, 0xFFFF, 0xFFFF, 0xFFFF, 0xFFFF, 0xFFFF, 0xFFFF, 0xFFFF, 0xFFFF, 0xFFDF, 0xFFDF, 0xFFDF,
  0xFFFF, 0xFFFF, 0xFFFF, 0xFFFF, 0xFFFF, 0xFFFF, 0xFFFF, 0xFFFF, 0xFFFF, 0xFFFF, 0xFFFF, 0xFFFF,
  0xFFFF, 0xFFFF, 0xFFFF, 0xFFFF, 0xFFFF, 0xFFFF, 0xFFFF, 0xFFFF, 0xFFFF, 0xFFFF, 0xFFFF, 0xFFFF,
  0xFFFF, 0xFFFF, 0xFFFF, 0xFFFF, 0xFFFF, 0xFFFF, 0xFFFF, 0xFFFF, 0xFFFF, 0xFFFF, 0xFFFF, 0xFFFF,
  0xFFFF, 0xFFFF, 0xFFFF, 0xFFFF, 0xFFFF, 0xFFFF, 0xFFFF, 0xFFFF, 0xFFFF, 0xFFFF, 0xFFFF, 0xFFFF,
  0xFFFF, 0xFFFF, 0xFFFF, 0xFFFF, 0xFFFF, 0xFFFF, 0xFFFF, 0xFFFF, 0xFFFF, 0xFFFF, 0xFFFF, 0xFFFF,
  0xFFFF, 0xFFFF, 0xFFFF, 0xFFFF, 0xFFFF, 0xFFFF, 0xFFFF, 0xFFFF, 0xFFFF, 0xFFFF, 0xFFFF, 0xFFFF,
  0xFFFF, 0xFFFF, 0xFFFF, 0xFFFF, 0xFFFF, 0xFFFF, 0xFFFF, 0xFFFF, 0xFFFF, 0xFFFF, 0xFFFF, 0xFFFF,
  0xFFFF, 0xFFFF, 0xFFFF, 0xFFFF, 0xFFFF, 0xFFFF, 0xFFFF, 0xFFFF, 0xFFFF, 0xFFFF, 0xFFFF, 0xFFFF,
  0xFFDF, 0xFFDF, 0xFFDF, 0xFFFF, 0xFFFF, 0xFFFF, 0xFFFF, 0xFFFF, 0xFFFF, 0xFFFF, 0xFFFF, 0xFFFF,
  0xFFFF, 0xFFFF, 0xFFDF, 0xFFDF, 0xFFFF, 0xFFFF, 0xFFFF, 0xFFFF, 0xFFFF, 0xFFFF, 0xFFFF, 0xFFFF,
  0xFFFF, 0xFFFF, 0xFFFF, 0xFFFF, 0xFFFF, 0xFFFF, 0xFFFF, 0xFFFF, 0xFFFF, 0xFFFF, 0xFFFF, 0xFFFF,
  0xFFFF, 0xFFFF, 0xFFFF, 0xFFFF, 0xFFFF, 0xFFFF, 0xFFFF, 0xFFFF, 0xFFFF, 0xFFFF, 0xFFFF, 0xFFFF,
  0xFFFF, 0xFFFF, 0xFFFF, 0xFFFF, 0xFFFF, 0xFFFF, 0xFFFF, 0xFFFF, 0xFFFF, 0xFFFF, 0xFFFF, 0xFFFF,
  0xFFFF, 0xFFFF, 0xFFFF, 0xFFFF, 0xFFFF, 0xFFFF, 0xFFFF, 0xFFFF, 0xFFFF, 0xFFFF, 0xFFFF, 0xFFFF,
  0xFFFF, 0xFFFF, 0xFFFF, 0xFFFF, 0xFFFF, 0xFFFF, 0xFFFF, 0xFFFF, 0xFFFF, 0xFFFF, 0xFFFF, 0xFFFF,
  0xFFFF, 0xFFFF, 0xFFFF, 0xFFFF, 0xFFFF, 0xFFFF, 0xFFFF, 0xFFFF, 0xFFFF, 0xFFFF, 0xFFFF, 0xFFFF,
  0xFFFF, 0xFFFF, 0xFFFF, 0xFFFF, 0xFFFF, 0xFFFF, 0xFFFF, 0xFFFF, 0xFFFF, 0xFFFF, 0xFFFF, 0xFFFF,
  0xFFFF, 0xFFFF, 0xFFFF, 0xFFFF, 0xFFFF, 0xFFFF, 0xFFFF, 0xFFFF, 0xFFFF, 0xFFFF, 0xFFFF, 0xFFFF,
  0xFFFF, 0xFFFF, 0xFFFF, 0xFFFF, 0xFFFF, 0xFFFF, 0xFFFF, 0xFFFF, 0xFFFF, 0xFFFF, 0xFFFF, 0xFFFF,
  0xFFFF, 0xFFFF, 0xFFFF, 0xFFFF, 0xFFFF, 0xFFFF, 0xFFFF, 0xFFFF, 0xFFFF, 0xFFFF, 0xFFFF, 0xFFFF,
  0xFFFF, 0xFFFF, 0xFFFF, 0xFFFF, 0xFFFF, 0xFFFF, 0xFFFF, 0xFFFF, 0xFFFF, 0xFFFF, 0xFFFF, 0xFFFF,
  0xFFFF, 0xFFFF, 0xFFFF, 0xFFFF, 0xFFFF, 0xFFFF, 0xFFFF, 0xFFFF, 0xFFFF, 0xFFFF, 0xFFFF, 0xFFFF,
  0xFFFF, 0xFFFF, 0xFFFF, 0xFFFF, 0xFFFF, 0xFFFF, 0xFFFF, 0xFFFF, 0xFFFF, 0xFFFF, 0xFFFF, 0xFFFF,
  0xFFFF, 0xFFFF, 0xFFFF, 0xFFFF, 0xFFFF, 0xFFFF, 0xFFFF, 0xFFFF, 0xFFFF, 0xFFFF, 0xFFFF, 0xFFFF,
  0xFFFF, 0xFFFF, 0xFFFF, 0xFFFF, 0xFFFF, 0xFFFF, 0xFFFF, 0xFFFF, 0xFFFF, 0xFFFF, 0xFFFF, 0xFFFF,
  0xFFFF, 0xFFFF, 0xFFFF, 0xFFFF, 0xFFFF, 0xFFFF, 0xFFFF, 0xFFFF, 0xFFFF, 0xFFFF, 0xFFFF, 0xFFFF,
  0xFFFF, 0xFFFF, 0xFFFF, 0xFFFF, 0xFFFF, 0xFFFF, 0xFFFF, 0xFFFF, 0xFFFF, 0xFFFF, 0xFFFF, 0xFFFF,
  0xFFFF, 0xFFFF, 0xFFFF, 0xFFFF, 0xFFFF, 0xFFFF, 0xFFFF, 0xFFFF, 0xFFFF, 0xFFFF, 0xFFFF, 0xFFFF,
  0xFFFF, 0xFFFF, 0xFFFF, 0xFFFF, 0xFFFF, 0xFFFF, 0xFFFF, 0xFFFF, 0xFFFF, 0xFFFF, 0xFFFF, 0xFFFF,
  0xFFFF, 0xFFFF, 0xFFFF, 0xFFFF, 0xFFFF, 0xFFFF, 0xFFFF, 0xFFFF, 0xFFFF, 0xFFFF, 0xFFFF, 0xFFFF,
  0xFFFF, 0xFFFF, 0xFFFF, 0xFFFF, 0xFFFF, 0xFFFF, 0xFFFF, 0xFFFF, 0xFFFF, 0xFFFF, 0xFFFF, 0xFFFF,
  0xFFFF, 0xFFFF, 0xFFFF, 0xFFFF, 0xFFFF, 0xFFFF, 0xFFFF, 0xFFFF, 0xFFFF, 0xFFFF, 0xFFFF, 0xFFFF,
  0xFFFF, 0xFFFF, 0xFFFF, 0xFFFF, 0xFFFF, 0xFFFF, 0xFFFF, 0xFFFF, 0xFFFF, 0xFFFF, 0xFFFF, 0xFFFF,
  0xFFFF, 0xFFFF, 0xFFFF, 0xFFFF, 0xFFFF, 0xFFFF, 0xFFFF, 0xFFFF, 0xFFFF, 0xFFFF, 0xFFFF, 0xFFFF,
  0xFFFF, 0xFFFF, 0xFFFF, 0xFFFF, 0xFFFF, 0xFFFF, 0xFFFF, 0xFFFF, 0xFFFF, 0xFFFF, 0xFFFF, 0xFFFF,
  0xFFFF, 0xFFFF, 0xFFFF, 0xFFFF, 0xFFFF, 0xFFFF, 0xFFFF, 0xFFFF, 0xFFFF, 0xFFFF, 0xFFFF, 0xFFFF,
  0xFFFF, 0xFFFF, 0xFFFF, 0xFFFF, 0xFFFF, 0xFFFF, 0xFFFF, 0xFFFF, 0xFFFF, 0xFFFF, 0xFFFF, 0xFFFF,
  0xFFFF, 0xFFFF, 0xFFFF, 0xFFFF, 0xFFFF, 0xFFFF, 0xFFFF, 0xFFFF, 0xFFFF, 0xFFFF, 0xFFFF, 0xFFFF,
  0xFFFF, 0xFFFF, 0xFFFF, 0xFFFF, 0xFFFF, 0xFFFF, 0xFFFF, 0xFFFF, 0xFFFF, 0xFFFF, 0xFFFF, 0xFFFF,
  0xFFFF, 0xFFFF, 0xFFFF, 0xFFFF, 0xFFFF, 0xFFFF, 0xFFFF, 0xFFFF, 0xFFFF, 0xFFFF, 0xFFFF, 0xFFFF,
  0xFFFF, 0xFFFF, 0xFFFF, 0xFFFF, 0xFFFF, 0xFFFF, 0xFFFF, 0xFFFF, 0xFFFF, 0xFFFF, 0xFFFF, 0xFFFF,
  0xFFFF, 0xFFFF, 0xFFFF, 0xFFFF, 0xFFFF, 0xFFFF, 0xFFFF, 0xFFFF, 0xFFFF, 0xFFFF, 0xFFFF, 0xFFFF,
  0xFFFF, 0xFFFF, 0xFFFF, 0xFFFF, 0xFFFF, 0xFFFF, 0xFFFF, 0xFFFF, 0xFFFF, 0xFFFF, 0xFFFF, 0xFFFF,
  0xFFFF, 0xFFFF, 0xFFFF, 0xFFFF, 0xFFFF, 0xFFFF, 0xFFFF, 0xFFFF, 0xFFFF, 0xFFFF, 0xFFFF, 0xFFFF,
  0xFFFF, 0xFFFF, 0xFFFF, 0xFFFF, 0xFFFF, 0xFFFF, 0xFFFF, 0xFFFF, 0xFFFF, 0xFFFF, 0xFFFF, 0xFFFF,
  0xFFFF, 0xFFFF, 0xFFFF, 0xFFFF, 0xFFFF, 0xFFFF, 0xFFFF, 0xFFFF, 0xFFFF, 0xFFFF, 0xFFFF, 0xFFFF,
  0xFFFF, 0xFFFF, 0xFFFF, 0xFFFF, 0xFFFF, 0xFFFF, 0xFFFF, 0xFFFF, 0xFFFF, 0xFFFF, 0xFFFF, 0xFFFF,
  0xFFFF, 0xFFFF, 0xFFFF, 0xFFFF, 0xFFFF, 0xFFFF, 0xFFFF, 0xFFFF, 0xFFFF, 0xFFFF, 0xFFFF, 0xFFFF,
  0xFFFF, 0xFFFF, 0xFFFF, 0xFFFF, 0xFFFF, 0xFFFF, 0xFFFF, 0xFFFF, 0xFFFF, 0xFFFF, 0xFFFF, 0xFFFF,
  0xFFFF, 0xFFFF, 0xFFFF, 0xFFFF, 0xFFFF, 0xFFFF, 0xFFFF, 0xFFFF, 0xFFFF, 0xFFFF, 0xFFFF, 0xFFFF,
  0xFFFF, 0xFFFF, 0xFFFF, 0xFFFF, 0xFFFF, 0xFFFF, 0xFFFF, 0xFFFF, 0xFFFF, 0xFFFF, 0xFFFF, 0xFFFF,
  0xFFFF, 0xFFFF, 0xFFFF, 0xFFFF, 0xFFFF, 0xFFFF, 0xFFFF, 0xFFFF, 0xFFFF, 0xFFFF, 0xFFFF, 0xFFFF,
  0xFFFF, 0xFFFF, 0xFFFF, 0xFFFF, 0xFFFF, 0xFFFF, 0xFFFF, 0xFFFF, 0xFFFF, 0xFFFF, 0xFFFF, 0xFFFF,
  0xFFFF, 0xFFFF, 0xFFFF, 0xFFFF, 0xFFFF, 0xFFFF, 0xFFFF, 0xFFFF, 0xFFFF, 0xFFFF, 0xFFFF, 0xFFFF,
  0xFFFF, 0xFFFF, 0xFFFF, 0xFFFF, 0xFFFF, 0xFFFF, 0xFFFF, 0xFFFF, 0xFFFF, 0xFFFF, 0xFFFF, 0xFFFF,
  0xFFFF, 0xFFFF, 0xFFFF, 0xFFFF, 0xFFFF, 0xFFFF, 0xFFFF, 0xFFFF, 0xFFFF, 0xFFFF, 0xFFFF, 0xFFFF,
  0xFFFF, 0xFFFF, 0xFFFF, 0xFFFF, 0xFFFF, 0xFFFF, 0xFFFF, 0xFFFF, 0xFFFF, 0xFFFF, 0xFFFF, 0xFFFF,
  0xFFFF, 0xFFFF, 0xFFFF, 0xFFFF, 0xFFFF, 0xFFFF, 0xFFFF, 0xFFFF, 0xFFFF, 0xFFFF, 0xFFFF, 0xFFFF,
  0xFFFF, 0xFFFF, 0xFFFF, 0xFFFF, 0xFFFF, 0xFFFF, 0xFFFF, 0xFFFF, 0xFFFF, 0xFFFF, 0xFFFF, 0xFFFF,
  0xFFFF, 0xFFFF, 0xFFFF, 0xFFFF, 0xFFFF, 0xFFFF, 0xFFFF, 0xFFFF, 0xFFFF, 0xFFFF, 0xFFFF, 0xFFFF,
  0xFFFF, 0xFFFF, 0xFFFF, 0xFFFF, 0xFFFF, 0xFFFF, 0xFFFF, 0xFFFF, 0xFFFF, 0xFFFF, 0xFFFF, 0xFFFF,
  0xFFFF, 0xFFFF, 0xFFFF, 0xFFFF, 0xFFFF, 0xFFFF, 0xFFFF, 0xFFFF, 0xFFFF, 0xFFFF, 0xFFFF, 0xFFFF,
  0xFFFF, 0xFFFF, 0xFFFF, 0xFFFF, 0xFFFF, 0xFFFF, 0xFFFF, 0xFFFF, 0xFFFF, 0xFFFF, 0xFFFF, 0xFFFF,
  0xFFFF, 0xFFFF, 0xFFFF, 0xFFFF, 0xFFFF, 0xFFFF, 0xFFFF, 0xFFFF, 0xFFFF, 0xFFFF, 0xFFFF, 0xFFFF,
  0xFFFF, 0xFFFF, 0xFFFF, 0xFFFF, 0xFFFF, 0xFFFF, 0xFFFF, 0xFFFF, 0xFFFF, 0xFFFF, 0xFFFF, 0xFFFF,
  0xFFFF, 0xFFFF, 0xFFFF, 0xFFFF, 0xFFFF, 0xFFFF, 0xFFFF, 0xFFFF, 0xFFFF, 0xFFFF, 0xFFFF, 0xFFFF,
  0xFFFF, 0xFFFF, 0xFFFF, 0xFFFF, 0xFFFF, 0xFFFF, 0xFFFF, 0xFFFF, 0xFFFF, 0xFFFF, 0xFFFF, 0xFFFF,
  0xFFFF, 0xFFFF, 0xFFFF, 0xFFFF, 0xFFFF, 0xFFFF, 0xFFFF, 0xFFFF, 0xFFFF, 0xFFFF, 0xFFFF, 0xFFFF,
  0xFFFF, 0xFFFF, 0xFFFF, 0xFFFF, 0xFFFF, 0xFFFF, 0xFFFF, 0xFFFF, 0xFFFF, 0xFFFF, 0xFFFF, 0xFFFF,
  0xFFFF, 0xFFFF, 0xFFFF, 0xFFFF, 0xFFFF, 0xFFFF, 0xFFFF, 0xFFFF, 0xFFFF, 0xFFFF, 0xFFFF, 0xFFFF,
  0xFFFF, 0xFFFF, 0xFFFF, 0xFFFF, 0xFFFF, 0xFFFF, 0xFFFF, 0xFFFF, 0xFFFF, 0xFFFF, 0xFFFF, 0xFFFF,
  0xFFFF, 0xFFFF, 0xFFFF, 0xFFFF, 0xFFFF, 0xFFFF, 0xFFFF, 0xFFFF, 0xFFFF, 0xFFFF, 0xFFFF, 0xFFFF,
  0xFFFF, 0xFFFF, 0xFFFF, 0xFFFF, 0xFFFF, 0xFFFF, 0xFFFF, 0xFFFF, 0xFFFF, 0xFFFF, 0xFFFF, 0xFFFF,
  0xFFFF, 0xFFFF, 0xFFFF, 0xFFFF, 0xFFFF, 0xFFFF, 0xFFFF, 0xFFFF, 0xFFFF, 0xFFFF, 0xFFFF, 0xFFFF,
  0xFFFF, 0xFFFF, 0xFFFF, 0xFFFF, 0xFFFF, 0xFFFF, 0xFFFF, 0xFFFF, 0xFFFF, 0xFFFF, 0xFFFF, 0xFFFF,
  0xFFFF, 0xFFFF, 0xFFFF, 0xFFFF, 0xFFFF, 0xFFFF, 0xFFFF, 0xFFFF, 0xFFFF, 0xFFFF, 0xFFFF, 0xFFFF,
  0xFFFF, 0xFFFF, 0xFFFF, 0xFFFF, 0xFFFF, 0xFFFF, 0xFFFF, 0xFFFF, 0xF639, 0xF5D7, 0xF5B7, 0xF5B7,
  0xF5B7, 0xF597, 0xF596, 0xF596, 0xF596, 0xF576, 0xF596, 0xF5B7, 0xF597, 0xF596, 0xF5B7, 0xF5B7,
  0xF596, 0xF596, 0xF596, 0xF596, 0xF597, 0xF5D7, 0xF5D7, 0xF5D7, 0xF5D7, 0xF5D7, 0xF5D8, 0xF5D7,
  0xF5D7, 0xF5B7, 0xF5B7, 0xF5B7, 0xF5D7, 0xF5B7, 0xF596, 0xF597, 0xF597, 0xF576, 0xF576, 0xF596,
  0xF5B7, 0xF5B7, 0xF597, 0xF597, 0xF5B7, 0xF5B7, 0xF5B7, 0xF5B7, 0xF596, 0xF596, 0xF5B7, 0xF5D8,
  0xF5D7, 0xF5B7, 0xF596, 0xF576, 0xF576, 0xF596, 0xF596, 0xF596, 0xF596, 0xF596, 0xF596, 0xF597,
  0xF5B7, 0xF5B7, 0xF597, 0xF597, 0xF597, 0xF596, 0xF596, 0xF576, 0xF596, 0xF597, 0xF597, 0xF596,
  0xF596, 0xF597, 0xF5B7, 0xF5B7, 0xF5B7, 0xF5B7, 0xF5B7, 0xF596, 0xF597, 0xF5B7, 0xF5B7, 0xF5B7,
  0xF597, 0xF5B7, 0xF5B7, 0xF5B7, 0xF576, 0xF576, 0xF596, 0xF596, 0xF596, 0xF596, 0xF596, 0xF596,
  0xF596, 0xF596, 0xF597, 0xF5B7, 0xF5B7, 0xF597, 0xF597, 0xF597, 0xF5B7, 0xF5B7, 0xF5B7, 0xF5B7,
  0xF597, 0xF596, 0xF596, 0xF5B7, 0xF5B7, 0xF5B7, 0xF5B7, 0xF597, 0xF596, 0xF596, 0xF596, 0xF597,
  0xF5B7, 0xF597, 0xF596, 0xF576, 0xF596, 0xF5B7, 0xF5B7, 0xF5B7, 0xF5B7, 0xF597, 0xF596, 0xF596,
  0xF596, 0xF596, 0xF596, 0xF596, 0xF596, 0xF597, 0xF5B7, 0xF5B7, 0xF5B7, 0xF597, 0xF5B7, 0xF5D7,
  0xF5D8, 0xF5D8, 0xF5B7, 0xF596, 0xF576, 0xF576, 0xF596, 0xF576, 0xF576, 0xF576, 0xF576, 0xF576,
  0xF597, 0xF5B7, 0xF5D7, 0xF5D7, 0xF5B7, 0xF5B7, 0xF5B7, 0xF597, 0xF576, 0xF576, 0xF576, 0xF597,
  0xF597, 0xF596, 0xF596, 0xF597, 0xF596, 0xF576, 0xF576, 0xF576, 0xF596, 0xF5B7, 0xF5D7, 0xF5B7,
  0xF5B7, 0xF5B7, 0xF5B7, 0xF597, 0xF596, 0xF576, 0xF576, 0xF596, 0xF597, 0xF597, 0xF5B7, 0xF5B7,
  0xF597, 0xF596, 0xF596, 0xF596, 0xF596, 0xF597, 0xF596, 0xF576, 0xF576, 0xF576, 0xF596, 0xF5B7,
  0xF5B7, 0xF5B7, 0xF5B7, 0xF5B7, 0xF597, 0xF576, 0xF576, 0xF596, 0xF5B7, 0xF5D7, 0xF5B7, 0xF5B7,
  0xF5D7, 0xF5D8, 0xF5D8, 0xF5D7, 0xF5B7, 0xF5D7, 0xF5B7, 0xF597, 0xF596, 0xF596, 0xF576, 0xF597,
  0xF5B7, 0xF5B7, 0xF5B7, 0xF5B7, 0xF5B7, 0xF597, 0xF596, 0xF596, 0xF597, 0xF5B7, 0xF5B7, 0xF5B7,
  0xF576, 0xF576, 0xF5B7, 0xF5B7, 0xF5B7, 0xF5B7, 0xF5B7, 0xF597, 0xF5B7, 0xF5D7, 0xF5B7, 0xF597,
  0xF576, 0xF576, 0xF576, 0xF5F8, 0xE906, 0xE000, 0xE000, 0xE000, 0xE000, 0xE000, 0xE000, 0xE000,
  0xE000, 0xE000, 0xE000, 0xE000, 0xE000, 0xE000, 0xE000, 0xE000, 0xE000, 0xE000, 0xE000, 0xE000,
  0xE000, 0xE000, 0xE000, 0xE000, 0xE000, 0xE000, 0xE001, 0xE000, 0xE000, 0xE000, 0xE000, 0xE000,
  0xE000, 0xE000, 0xE000, 0xE000, 0xE000, 0xE000, 0xE000, 0xE000, 0xE000, 0xE000, 0xE000, 0xE000,
  0xE000, 0xE000, 0xE000, 0xE000, 0xE000, 0xE000, 0xE000, 0xE000, 0xE000, 0xE000, 0xE000, 0xE000,
  0xE000, 0xE000, 0xE000, 0xE000, 0xE000, 0xE000, 0xE000, 0xE000, 0xE000, 0xE000, 0xE000, 0xE000,
  0xE000, 0xE000, 0xE000, 0xE000, 0xE000, 0xE800, 0xE000, 0xE000, 0xE000, 0xE000, 0xE000, 0xE000,
  0xE000, 0xE000, 0xE000, 0xE000, 0xE000, 0xE000, 0xE000, 0xE000, 0xE000, 0xE000, 0xE000, 0xE000,
  0xE000, 0xE000, 0xE000, 0xE000, 0xE800, 0xE000, 0xE000, 0xE000, 0xE000, 0xE000, 0xE000, 0xE000,
  0xE000, 0xE000, 0xE000, 0xE000, 0xE000, 0xE000, 0xE000, 0xE800, 0xE800, 0xE000, 0xE000, 0xD800,
  0xD800, 0xE000, 0xE000, 0xE000, 0xE000, 0xE000, 0xE000, 0xE000, 0xE000, 0xE000, 0xE000, 0xE000,
  0xE000, 0xE000, 0xE000, 0xE000, 0xE000, 0xE000, 0xE000, 0xE000, 0xE000, 0xE000, 0xE000, 0xE000,
  0xE000, 0xE000, 0xE000, 0xE000, 0xE000, 0xE000, 0xE000, 0xE000, 0xE000, 0xE000, 0xE000, 0xE000,
  0xE000, 0xE000, 0xE000, 0xE000, 0xE000, 0xE000, 0xE000, 0xE000, 0xE800, 0xE800, 0xE000, 0xE000,
  0xE000, 0xE000, 0xE000, 0xE000, 0xE000, 0xE000, 0xE000, 0xE000, 0xE000, 0xE000, 0xE000, 0xE000,
  0xE000, 0xE000, 0xE000, 0xE000, 0xE000, 0xE000, 0xE000, 0xE000, 0xE000, 0xE000, 0xE000, 0xE000,
  0xE000, 0xE000, 0xE000, 0xE000, 0xE000, 0xE000, 0xE000, 0xE000, 0xE000, 0xE000, 0xE000, 0xE000,
  0xE000, 0xE000, 0xE000, 0xE000, 0xE000, 0xE000, 0xE000, 0xE000, 0xE000, 0xE000, 0xE000, 0xE000,
  0xE000, 0xE000, 0xE000, 0xE000, 0xE000, 0xE000, 0xE001, 0xE000, 0xE000, 0xE000, 0xE000, 0xE000,
  0xE000, 0xE000, 0xE000, 0xE000, 0xE000, 0xE000, 0xE000, 0xE000, 0xE000, 0xE000, 0xE000, 0xE000,
  0xE000, 0xE000, 0xE000, 0xE000, 0xE000, 0xE000, 0xE000, 0xE000, 0xE000, 0xE000, 0xE000, 0xE000,
  0xE000, 0xE000, 0xE000, 0xE000, 0xE000, 0xE000, 0xE000, 0xE000, 0xE000, 0xE000, 0xE000, 0xE002,
  0xF5F8, 0xF555, 0xF555, 0xF535, 0xF515, 0xF514, 0xF4F4, 0xF555, 0xF576, 0xF556, 0xF535, 0xF515,
  0xF515, 0xF515, 0xF514, 0xF514, 0xF515, 0xF535, 0xF535, 0xF535, 0xF535, 0xF535, 0xF535, 0xF535,
  0xF555, 0xF555, 0xF555, 0xF535, 0xF515, 0xF514, 0xF514, 0xF535, 0xF535, 0xF535, 0xF535, 0xF556,
  0xF555, 0xF535, 0xF535, 0xF535, 0xF535, 0xF515, 0xF515, 0xF515, 0xF535, 0xF535, 0xF535, 0xF535,
  0xF515, 0xF515, 0xF535, 0xF535, 0xF535, 0xF535, 0xF535, 0xF535, 0xF535, 0xF535, 0xF535, 0xF535,
  0xF535, 0xF4F4, 0xF514, 0xF535, 0xF535, 0xF535, 0xF515, 0xF515, 0xF535, 0xF555, 0xF555, 0xF4F4,
  0xF4F4, 0xF556, 0xF576, 0xF576, 0xF555, 0xF535, 0xF535, 0xF535, 0xF535, 0xF535, 0xF515, 0xF535,
  0xF535, 0xF535, 0xF555, 0xF555, 0xF535, 0xF535, 0xF535, 0xF535, 0xF535, 0xF535, 0xF535, 0xF535,
  0xF555, 0xF535, 0xF535, 0xF535, 0xF535, 0xF535, 0xF535, 0xF535, 0xF535, 0xF535, 0xF535, 0xF556,
  0xF576, 0xF515, 0xF535, 0xF576, 0xF556, 0xF535, 0xF515, 0xF514, 0xF514, 0xF515, 0xF535, 0xF535,
  0xF535, 0xF535, 0xF535, 0xF535, 0xF515, 0xF514, 0xF514, 0xF514, 0xF515, 0xF535, 0xF535, 0xF535,
  0xF535, 0xF535, 0xF515, 0xF515, 0xF535, 0xF515, 0xF515, 0xF535, 0xF535, 0xF535, 0xF515, 0xF515,
  0xF515, 0xF535, 0xF535, 0xF515, 0xF535, 0xF535, 0xF555, 0xF535, 0xF515, 0xF514, 0xF515, 0xF515,
  0xF515, 0xF535, 0xF535, 0xF535, 0xF535, 0xF535, 0xF515, 0xF515, 0xF535, 0xF535, 0xF535, 0xF535,
  0xF515, 0xF515, 0xF535, 0xF555, 0xF555, 0xF535, 0xF535, 0xF535, 0xF555, 0xF535, 0xF535, 0xF535,
  0xF535, 0xF535, 0xF515, 0xF535, 0xF535, 0xF535, 0xF535, 0xF555, 0xF555, 0xF555, 0xF535, 0xF515,
  0xF535, 0xF535, 0xF535, 0xF515, 0xF4F4, 0xF515, 0xF535, 0xF514, 0xF514, 0xF514, 0xF535, 0xF535,
  0xF535, 0xF535, 0xF535, 0xF535, 0xF535, 0xF535, 0xF515, 0xF535, 0xF535, 0xF555, 0xF535, 0xF535,
  0xF514, 0xF515, 0xF556, 0xF555, 0xF535, 0xF535, 0xF555, 0xF515, 0xF515, 0xF535, 0xF535, 0xF515,
  0xF535, 0xF535, 0xF535, 0xF555, 0xF535, 0xF535, 0xF514, 0xF514, 0xF4F4, 0xF4F4, 0xF4F4, 0xF515,
  0xF515, 0xF514, 0xF514, 0xF514, 0xF515, 0xF515, 0xF515, 0xF515, 0xF514, 0xF535, 0xF535, 0xF4F4,
  0xF4F4, 0xF514, 0xF514, 0xF515, 0xF535, 0xF535, 0xF535, 0xF576, 0xFFFF, 0xFFFF, 0xFFFF, 0xFFFF,
  0xFFFF, 0xFFFF, 0xFFFF, 0xFFFF, 0xFFFF, 0xFFFF, 0xFFFF, 0xFFFF, 0xFFFF, 0xFFFF, 0xFFFF, 0xFFFF,
  0xFFFF, 0xFFFF, 0xFFFF, 0xFFFF, 0xFFFF, 0xFFFF, 0xFFFF, 0xFFFF, 0xFFFF, 0xFFFF, 0xFFFF, 0xFFFF,
  0xFFFF, 0xFFFF, 0xFFFF, 0xFFFF, 0xFFFF, 0xFFFF, 0xFFFF, 0xFFFF, 0xFFFF, 0xFFFF, 0xFFFF, 0xFFFF,
  0xFFFF, 0xFFFF, 0xFFFF, 0xFFFF, 0xFFFF, 0xFFFF, 0xFFFF, 0xFFFF, 0xFFFF, 0xFFFF, 0xFFFF, 0xFFFF,
  0xFFFF, 0xFFFF, 0xFFFF, 0xFFFF, 0xFFFF, 0xFFFF, 0xFFFF, 0xFFFF, 0xFFFF, 0xFFFF, 0xFFFF, 0xFFFF,
  0xFFFF, 0xFFFF, 0xFFFF, 0xFFFF, 0xFFFF, 0xFFFF, 0xFFFF, 0xFFFF, 0xFFFF, 0xFFFF, 0xFFFF, 0xFFFF,
  0xFFFF, 0xFFFF, 0xFFFF, 0xFFFF, 0xFFFF, 0xFFFF, 0xFFFF, 0xFFFF, 0xFFFF, 0xFFFF, 0xFFFF, 0xFFFF,
  0xFFFF, 0xFFFF, 0xFFFF, 0xFFFF, 0xFFFF, 0xFFFF, 0xFFFF, 0xFFFF, 0xFFFF, 0xFFFF, 0xFFFF, 0xFFFF,
  0xFFFF, 0xFFFF, 0xFFFF, 0xFFFF, 0xFFFF, 0xFFFF, 0xFFFF, 0xFFFF, 0xFFFF, 0xFFFF, 0xFFFF, 0xFFFF,
  0xFFFF, 0xFFFF, 0xFFFF, 0xFFFF, 0xFFFF, 0xFFFF, 0xFFFF, 0xFFFF, 0xFFFF, 0xFFFF, 0xFFFF, 0xFFFF,
  0xFFFF, 0xFFFF, 0xFFFF, 0xFFFF, 0xFFFF, 0xFFFF, 0xFFFF, 0xFFFF, 0xFFFF, 0xFFFF, 0xFFFF, 0xFFFF,
  0xFFFF, 0xFFFF, 0xFFFF, 0xFFFF, 0xFFFF, 0xFFFF, 0xFFFF, 0xFFFF, 0xFFFF, 0xFFFF, 0xFFFF, 0xFFFF,
  0xFFFF, 0xFFFF, 0xFFFF, 0xFFFF, 0xFFFF, 0xFFFF, 0xFFFF, 0xFFFF, 0xFFFF, 0xFFFF, 0xFFFF, 0xFFFF,
  0xFFFF, 0xFFFF, 0xFFFF, 0xFFFF, 0xFFFF, 0xFFFF, 0xFFFF, 0xFFFF, 0xFFFF, 0xFFFF, 0xFFFF, 0xFFFF,
  0xFFFF, 0xFFFF, 0xFFFF, 0xFFFF, 0xFFFF, 0xFFFF, 0xFFFF, 0xFFFF, 0xFFFF, 0xFFFF, 0xFFFF, 0xFFFF,
  0xFFFF, 0xFFFF, 0xFFFF, 0xFFFF, 0xFFFF, 0xFFFF, 0xFFFF, 0xFFFF, 0xFFFF, 0xFFFF, 0xFFFF, 0xFFFF,
  0xFFFF, 0xFFFF, 0xFFFF, 0xFFFF, 0xFFFF, 0xFFFF, 0xFFFF, 0xFFFF, 0xFFFF, 0xFFFF, 0xFFFF, 0xFFFF,
  0xFFFF, 0xFFFF, 0xFFFF, 0xFFFF, 0xFFFF, 0xFFFF, 0xFFFF, 0xFFFF, 0xFFFF, 0xFFFF, 0xFFFF, 0xFFFF,
  0xFFFF, 0xFFFF, 0xFFFF, 0xFFFF, 0xFFFF, 0xFFFF, 0xFFFF, 0xFFFF, 0xFFFF, 0xFFFF, 0xFFFF, 0xFFFF,
  0xFFFF, 0xFFFF, 0xFFFF, 0xFFFF, 0xFFFF, 0xFFFF, 0xFFFF, 0xFFFF, 0xFFFF, 0xFFFF, 0xFFFF, 0xFFFF,
  0xFFFF, 0xFFFF, 0xFFFF, 0xFFFF, 0xFFFF, 0xFFFF, 0xFFFF, 0xFFFF, 0xFFFF, 0xFFFF, 0xFFFF, 0xFFFF,
  0xFFFF, 0xFFFF, 0xFFFF, 0xFFFF, 0xFFFF, 0xFFFF, 0xFFFF, 0xFFFF, 0xFFDF, 0xFFDF, 0xFFDF, 0xFFFF,
  0xFFFF, 0xFFFF, 0xFFFF, 0xFFDF, 0xFFFF, 0xFFFF, 0xFFDF, 0xFFDF, 0xFFDF, 0xFFFF, 0xFFFF, 0xFFFF,
  0xFFDF, 0xFFDF, 0xFFFF, 0xFFFF, 0xFFFF, 0xFFFF, 0xFFFF, 0xFFFF, 0xFFFF, 0xFFDF, 0xFFDF, 0xFFFF,
  0xFFFF, 0xFFFF, 0xFFFF, 0xFFFF, 0xFFFF, 0xFFDF, 0xFFFF, 0xFFFF, 0xFFFF, 0xFFFF, 0xFFDF, 0xFFDF,
  0xFFFF, 0xFFFF, 0xFFFF, 0xFFDF, 0xFFDF, 0xFFDF, 0xFFFF, 0xFFFF, 0xFFFF, 0xFFFF, 0xFFFF, 0xFFFF,
  0xFFFF, 0xFFFF, 0xFFFF, 0xFFFF, 0xFFFF, 0xFFDF, 0xFFDF, 0xFFFF, 0xFFFF, 0xFFFF, 0xFFDF, 0xFFDF,
  0xFFDF, 0xFFFF, 0xFFFF, 0xFFDF, 0xFFDF, 0xFFFF, 0xFFFF, 0xFFFF, 0xFFFF, 0xFFFF, 0xFFFF, 0xFFFF,
  0xFFFF, 0xFFFF, 0xFFFF, 0xFFFF, 0xFFFF, 0xFFFF, 0xFFFF, 0xFFFF, 0xFFFF, 0xFFFF, 0xFFFF, 0xFFFF,
  0xFFDF, 0xFFDF, 0xFFFF, 0xFFFF, 0xFFFF, 0xFFFF, 0xFFFF, 0xFFFF, 0xFFFF, 0xFFFF, 0xFFFF, 0xFFFF,
  0xFFFF, 0xFFFF, 0xFFFF, 0xFFFF, 0xFFFF, 0xFFDF, 0xFFFF, 0xFFFF, 0xFFFF, 0xFFFF, 0xFFFF, 0xFFFF,
  0xFFDF, 0xFFFF, 0xFFFF, 0xFFFF, 0xFFFF, 0xFFFF, 0xFFFF, 0xFFFF, 0xFFFF, 0xFFDF, 0xFFDF, 0xFFDF,
  0xFFDF, 0xFFDF, 0xFFFF, 0xFFFF, 0xFFFF, 0xFFDF, 0xFFDF, 0xFFFF, 0xFFFF, 0xFFFF, 0xFFFF, 0xFFFF,
  0xFFFF, 0xFFFF, 0xFFDF, 0xFFFF, 0xFFFF, 0xFFFF, 0xFFFF, 0xFFDF, 0xFFFF, 0xFFFF, 0xFFFF, 0xFFFF,
  0xFFFF, 0xFFDF, 0xFFDF, 0xFFFF, 0xFFFF, 0xFFFF, 0xFFFF, 0xFFFF, 0xFFFF, 0xFFFF, 0xFFFF, 0xFFFF,
  0xFFFF, 0xFFFF, 0xFFFF, 0xFFFF, 0xFFFF, 0xFFFF, 0xFFFF, 0xFFFF, 0xFFFF, 0xFFFF, 0xFFFF, 0xFFFF,
  0xFFFF, 0xFFFF, 0xFFFF, 0xFFFF, 0xFFFF, 0xFFFF, 0xFFDF, 0xFFFF, 0xFFFF, 0xFFFF, 0xFFDF, 0xFFFF,
  0xFFFF, 0xFFFF, 0xFFDF, 0xFFDF, 0xFFFF, 0xFFFF, 0xFFFF, 0xFFDF, 0xFFDF, 0xFFDF, 0xFFDF, 0xFFDF,
  0xFFDF, 0xFFDF, 0xFFDF, 0xFFFF, 0xFFFF, 0xFFFF, 0xFFFF, 0xFFDF, 0xFFFF, 0xFFFF, 0xFFFF, 0xFFFF,
  0xFFFF, 0xFFFF, 0xFFFF, 0xFFDF, 0xFFDF, 0xFFDF, 0xFFFF, 0xFFFF, 0xFFDF, 0xFFFF, 0xFFFF, 0xFFDF,
  0xFFDF, 0xFFFF, 0xFFFF, 0xFFDF, 0xFFFF, 0xFFFF, 0xFFFF, 0xFFFF, 0xFFFF, 0xFFFF, 0xFFDF, 0xFFDF,
  0xFFDF, 0xFFDF, 0xFFDF, 0xFFFF, 0xFFFF, 0xFFDF, 0xFFDF, 0xFFDF, 0xFFDF, 0xFFFF, 0xFFFF, 0xFFFF,
  0xFFDF, 0xFFFF, 0xFFFF, 0xFFDF, 0xFFDF, 0xFFDF, 0xFFDF, 0xFFDF, 0xFFDF, 0xFFDF, 0xFFDF, 0xFFFF,
  0xFFFF, 0xFFFF, 0xFFFF, 0xFFFF, 0xFFFF, 0xFFFF, 0xFFFF, 0xFFFF, 0xFFFF, 0xFFFF, 0xFFFF, 0xFFFF,
  0xFFFF, 0xFFFF, 0xFFFF, 0xFFFF, 0xFFFF, 0xFFFF, 0xFFFF, 0xFFFF, 0xFFFF, 0xFFFF, 0xFFFF, 0xFFFF,
  0xFFFF, 0xFFFF, 0xFFFF, 0xFFFF, 0xFFFF, 0xFFFF, 0xFFFF, 0xFFFF, 0xFFFF, 0xFFFF, 0xFFFF, 0xFFFF,
  0xFFFF, 0xFFFF, 0xFFFF, 0xFFFF, 0xFFFF, 0xFFFF, 0xFFFF, 0xFFFF, 0xFFFF, 0xFFFF, 0xFFFF, 0xFFFF,
  0xFFFF, 0xFFFF, 0xFFFF, 0xFFFF, 0xFFFF, 0xFFFF, 0xFFFF, 0xFFFF, 0xFFFF, 0xFFFF, 0xFFFF, 0xFFFF,
  0xFFFF, 0xFFFF, 0xFFFF, 0xFFFF, 0xFFFF, 0xFFFF, 0xFFFF, 0xFFFF, 0xFFFF, 0xFFFF, 0xFFFF, 0xFFFF,
  0xFFFF, 0xFFFF, 0xFFFF, 0xFFFF, 0xFFFF, 0xFFFF, 0xFFFF, 0xFFFF, 0xFFFF, 0xFFFF, 0xFFFF, 0xFFFF,
  0xFFFF, 0xFFFF, 0xFFFF, 0xFFFF, 0xFFFF, 0xFFFF, 0xFFFF, 0xFFFF, 0xFFFF, 0xFFFF, 0xFFFF, 0xFFFF,
  0xFFFF, 0xFFFF, 0xFFFF, 0xFFFF, 0xFFFF, 0xFFFF, 0xFFFF, 0xFFFF, 0xFFFF, 0xFFFF, 0xFFFF, 0xFFFF,
  0xFFFF, 0xFFFF, 0xFFFF, 0xFFFF, 0xFFFF, 0xFFFF, 0xFFFF, 0xFFFF, 0xFFFF, 0xFFFF, 0xFFFF, 0xFFFF,
  0xFFFF, 0xFFFF, 0xFFFF, 0xFFFF, 0xFFFF, 0xFFFF, 0xFFFF, 0xFFFF, 0xFFFF, 0xFFFF, 0xFFFF, 0xFFFF,
  0xFFFF, 0xFFFF, 0xFFFF, 0xFFFF, 0xFFFF, 0xFFFF, 0xFFFF, 0xFFFF, 0xFFFF, 0xFFFF, 0xFFFF, 0xFFFF,
  0xFFFF, 0xFFFF, 0xFFFF, 0xFFFF, 0xFFFF, 0xFFFF, 0xFFFF, 0xFFFF, 0xFFFF, 0xFFFF, 0xFFFF, 0xFFFF,
  0xFFFF, 0xFFFF, 0xFFFF, 0xFFFF, 0xFFFF, 0xFFFF, 0xFFFF, 0xFFFF, 0xFFFF, 0xFFFF, 0xFFFF, 0xFFFF,
  0xFFFF, 0xFFFF, 0xFFFF, 0xFFFF, 0xFFFF, 0xFFFF, 0xFFFF, 0xFFFF, 0xFFFF, 0xFFFF, 0xFFFF, 0xFFFF,
  0xFFFF, 0xFFFF, 0xFFFF, 0xFFFF, 0xFFFF, 0xFFFF, 0xFFFF, 0xFFFF, 0xFFFF, 0xFFFF, 0xFFFF, 0xFFFF,
  0xFFFF, 0xFFFF, 0xFFFF, 0xFFFF, 0xFFFF, 0xFFFF, 0xFFFF, 0xFFFF, 0xFFFF, 0xFFFF, 0xFFFF, 0xFFFF,
  0xFFFF, 0xFFFF, 0xFFFF, 0xFFFF, 0xFFFF, 0xFFFF, 0xFFFF, 0xFFFF, 0xFFFF, 0xFFFF, 0xFFFF, 0xFFFF,
  0xFFFF, 0xFFFF, 0xFFFF, 0xFFFF, 0xFFFF, 0xFFFF, 0xFFFF, 0xFFFF, 0xFFFF, 0xFFFF, 0xFFFF, 0xFFFF,
  0xFFFF, 0xFFFF, 0xFFFF, 0xFFFF, 0xFFFF, 0xFFFF, 0xFFFF, 0xFFFF, 0xFFFF, 0xFFFF, 0xFFFF, 0xFFFF,
  0xFFFF, 0xFFFF, 0xFFFF, 0xFFFF, 0xFFFF, 0xFFFF, 0xFFFF, 0xFFFF, 0xFFFF, 0xFFFF, 0xFFFF, 0xFFFF,
  0xFFFF, 0xFFFF, 0xFFFF, 0xFFFF, 0xFFFF, 0xFFFF, 0xFFFF, 0xFFFF, 0xFFFF, 0xFFFF, 0xFFFF, 0xFFFF,
  0xFFFF, 0xFFFF, 0xFFFF, 0xFFFF, 0xFFFF, 0xFFFF, 0xFFFF, 0xFFFF, 0xFFFF, 0xFFFF, 0xFFFF, 0xFFFF,
  0xFFFF, 0xFFFF, 0xFFFF, 0xFFFF, 0xFFFF, 0xFFFF, 0xFFFF, 0xFFFF, 0xFFFF, 0xFFFF, 0xFFDF, 0xFFFF,
  0xFFFF, 0xFFFF, 0xFFFF, 0xFFFF, 0xFFFF, 0xFFFF, 0xFFFF, 0xFFFF, 0xFFFF, 0xFFFF, 0xFFFF, 0xFFFF,
  0xFFFF, 0xFFFF, 0xFFFF, 0xFFFF, 0xFFFF, 0xFFFF, 0xFFFF, 0xFFFF, 0xFFFF, 0xFFFF, 0xFFFF, 0xFFFF,
  0xFFFF, 0xFFFF, 0xFFFF, 0xFFFF, 0xFFFF, 0xFFFF, 0xFFFF, 0xFFFF, 0xFFFF, 0xFFFF, 0xFFFF, 0xFFFF,
  0xFFFF, 0xFFDF, 0xFFFF, 0xFFFF, 0xFFFF, 0xFFFF, 0xFFFF, 0xFFFF, 0xFFFF, 0xFFFF, 0xFFFF, 0xFFFF,
  0xFFFF, 0xFFFF, 0xFFFF, 0xFFFF, 0xFFFF, 0xFFFF, 0xFFFF, 0xFFFF, 0xFFFF, 0xFFFF, 0xFFFF, 0xFFFF,
  0xFFFF, 0xFFFF, 0xFFFF, 0xFFFF, 0xFFFF, 0xFFFF, 0xFFFF, 0xFFFF, 0xFFFF, 0xFFFF, 0xFFFF, 0xFFFF,
  0xFFFF, 0xFFFF, 0xFFFF, 0xFFFF, 0xFFFF, 0xFFFF, 0xFFFF, 0xFFFF, 0xFFFF, 0xFFFF, 0xFFFF, 0xFFFF,
  0xFFFF, 0xFFFF, 0xFFFF, 0xFFFF, 0xFFFF, 0xFFFF, 0xFFFF, 0xFFFF, 0xFFFF, 0xFFFF, 0xFFFF, 0xFFFF,
  0xFFFF, 0xFFFF, 0xFFFF, 0xFFFF, 0xFFFF, 0xFFFF, 0xFFFF, 0xFFFF, 0xFFFF, 0xFFFF, 0xFFFF, 0xFFFF,
  0xFFFF, 0xFFFF, 0xFFFF, 0xFFFF, 0xFFFF, 0xFFFF, 0xFFFF, 0xFFFF, 0xFFFF, 0xFFFF, 0xFFFF, 0xFFFF,
  0xFFFF, 0xFFFF, 0xFFFF, 0xFFFF, 0xFFFF, 0xFFFF, 0xFFFF, 0xFFFF, 0xFFFF, 0xFFFF, 0xFFFF, 0xFFFF,
  0xFFFF, 0xFFFF, 0xFFFF, 0xFFFF, 0xFFFF, 0xFFFF, 0xFFFF, 0xFFFF, 0xFFFF, 0xFFFF, 0xFFFF, 0xFFFF,
  0xFFFF, 0xFFFF, 0xFFFF, 0xFFFF, 0xFFFF, 0xFFFF, 0xFFFF, 0xFFFF, 0xFFFF, 0xFFFF, 0xFFFF, 0xFFFF,
  0xFFFF, 0xFFFF, 0xFFFF, 0xFFFF, 0xFFFF, 0xFFFF, 0xFFFF, 0xFFFF, 0xFFFF, 0xFFFF, 0xFFFF, 0xFFFF,
  0xFFFF, 0xFFFF, 0xFFFF, 0xFFFF, 0xFFFF, 0xFFFF, 0xFFFF, 0xFFFF, 0xFFFF, 0xFFFF, 0xFFFF, 0xFFFF,
  0xFFFF, 0xFFFF, 0xFFFF, 0xFFFF, 0xFFFF, 0xFFFF, 0xFFFF, 0xFFFF, 0xFFFF, 0xFFFF, 0xFFFF, 0xFFFF,
  0xFFFF, 0xFFFF, 0xFFFF, 0xFFFF, 0xFFFF, 0xFFFF, 0xFFFF, 0xFFFF, 0xFFFF, 0xFFFF, 0xFFFF, 0xFFFF,
  0xFFFF, 0xFFFF, 0xFFFF, 0xFFFF, 0xFFFF, 0xFFFF, 0xFFFF, 0xFFFF, 0xFFFF, 0xFFFF, 0xFFFF, 0xFFFF,
  0xFFFF, 0xFFFF, 0xFFFF, 0xFFFF, 0xFFFF, 0xFFFF, 0xFFFF, 0xFFFF, 0xFFFF, 0xFFFF, 0xFFFF, 0xFFFF,
  0xFFFF, 0xFFFF, 0xFFFF, 0xFFFF, 0xFFFF, 0xFFFF, 0xFFFF, 0xFFFF, 0xFFFF, 0xFFFF, 0xFFFF, 0xFFFF,
  0xF79E, 0xFFBE, 0xFFBE, 0xF7BE, 0xFFFF, 0xFFFF, 0xFFFF, 0xFFFF, 0xFFFF, 0xFFFF, 0xFFFF, 0xFFFF,
  0xFFFF, 0xF79E, 0xE71C, 0xE6FB, 0xF79E, 0xFFFF, 0xFFFF, 0xFFFF, 0xFFFF, 0xFFFF, 0xFFFF, 0xF7BE,
  0xFFDF, 0xF7BE, 0xF7BE, 0xFFFF, 0xFFFF, 0xFFFF, 0xFFFF, 0xFFFF, 0xFFDF, 0xFFBE, 0xFFDF, 0xF7BE,
  0xFFDF, 0xFFFF, 0xFFFF, 0xFFFF, 0xFFFF, 0xFFFF, 0xFFFF, 0xFFFF, 0xFFFF, 0xFFFF, 0xFFFF, 0xFFFF,
  0xF7BE, 0xFFDF, 0xFFDF, 0xFFDF, 0xFFDF, 0xFFDF, 0xFFDF, 0xFFDF, 0xFFFF, 0xFFFF, 0xFFFF, 0xFFFF,
  0xFFFF, 0xFFFF, 0xFFFF, 0xF7BE, 0xF7BE, 0xFFBE, 0xF7BE, 0xFFFF, 0xFFFF, 0xFFFF, 0xFFFF, 0xFFFF,
  0xFFFF, 0xFFFF, 0xFFFF, 0xFFFF, 0xFFFF, 0xF7BE, 0xE71C, 0xDEFB, 0xEF5D, 0xFFFF, 0xFFFF, 0xFFFF,
  0xFFFF, 0xFFFF, 0xFFFF, 0xF7BE, 0xFFBE, 0xF7BE, 0xF79E, 0xFFFF, 0xFFFF, 0xFFBE, 0xF7BE, 0xFFDF,
  0xFFDF, 0xFFDF, 0xFFDF, 0xFFDF, 0xFFDF, 0xFFDF, 0xFFBE, 0xD69A, 0xFFFF, 0xFFDF, 0xF7BE, 0xFFBE,
  0xF7BE, 0xFFFF, 0xFFFF, 0xFFFF, 0xFFFF, 0xFFFF, 0xFFFF, 0xFFFF, 0xEF7D, 0xE6FB, 0xDEFB, 0xEF7D,
  0xFFFF, 0xFFFF, 0xFFFF, 0xFFFF, 0xFFFF, 0xFFFF, 0xFFFF, 0xFFFF, 0xFFFF, 0xFFFF, 0xFFFF, 0xFFDF,
  0xF79E, 0xF7BE, 0xF77D, 0xFFDF, 0xFFFF, 0xFFFF, 0xFFFF, 0xFFFF, 0xF79E, 0xFFDF, 0xF7BE, 0xF7BE,
  0xFFFF, 0xFFFF, 0xF79E, 0xF7BE, 0xFFBE, 0xFFDF, 0xFFFF, 0xFFFF, 0xFFFF, 0xFFFF, 0xFFFF, 0xF7BE,
  0xF7BE, 0xF79E, 0xFFFF, 0xFFFF, 0xFFFF, 0xF79E, 0xFFDF, 0xF7BE, 0xF7BE, 0xFFFF, 0xF79E, 0xF7BE,
  0xFFBE, 0xF79E, 0xFFFF, 0xFFFF, 0xFFFF, 0xFFFF, 0xFFFF, 0xF7BE, 0xFFDF, 0xF7BE, 0xF79E, 0xFFFF,
  0xF7BE, 0xF7BE, 0xF7BE, 0xFFBE, 0xFFBE, 0xFFDF, 0xFFDF, 0xFFBE, 0xFFBE, 0xEF7D, 0xCE59, 0xFFFF,
  0xFFFF, 0xF79E, 0xF7BE, 0xFFBE, 0xFFBE, 0xFFBE, 0xFFDF, 0xFFDF, 0xFFDF, 0xFFFF, 0xFFFF, 0xFFFF,
  0xFFFF, 0xFFFF, 0xFFFF, 0xFFFF, 0xFFFF, 0xFFFF, 0xF79E, 0xDEFB, 0xDEDB, 0xEF5D, 0xFFFF, 0xFFFF,
  0xFFFF, 0xFFFF, 0xFFFF, 0xFFFF, 0xFFDE, 0xFFFF, 0xFFBE, 0xF79E, 0xFFFF, 0xE73C, 0xDEBA, 0xFFDF,
  0xFFDF, 0xFFDF, 0xFFBE, 0xF7BE, 0xFFDF, 0xFFDF, 0xFFDF, 0xDEFB, 0xE71C, 0xF79E, 0xFFDF, 0xFFBE,
  0xF7BE, 0xFFDF, 0xFFFF, 0xFFFF, 0xFFFF, 0xF7BE, 0xFFDF, 0xFFBE, 0xEF7D, 0xFFFF, 0xFFFF, 0xFFFF,
  0xFFFF, 0xFFFF, 0xFFFF, 0xFFFF, 0xFFFF, 0xFFFF, 0xFFFF, 0xFFFF, 0x9CD3, 0x2104, 0x2104, 0x8C30,
  0xFFFF, 0xFFFF, 0xFFFF, 0xFFFF, 0xFFFF, 0xFFFF, 0xFFFF, 0xBDF7, 0x4A49, 0x10A2, 0x0000, 0x0000,
  0x1082, 0x4208, 0x9492, 0xD679, 0xF79E, 0xFFFF, 0xFFFF, 0x9CB2, 0x2945, 0x3145, 0xCE38, 0xFFFF,
  0xFFFF, 0xFFFF, 0xFFFF, 0xFFFF, 0xDEBA, 0x3145, 0x2124, 0x4A08, 0xF79E, 0xFFFF, 0xFFFF, 0xFFFF,
  0xFFFF, 0xFFFF, 0xFFFF, 0xFFFF, 0xFFFF, 0xFFFF, 0xFFFF, 0xFFFF, 0xC618, 0x3165, 0x2945, 0x2104,
  0x2104, 0x2104, 0x20E3, 0x2104, 0x41E7, 0x7BCF, 0xEF3C, 0xFFFF, 0xFFFF, 0xFFFF, 0xFFFF, 0xCE38,
  0x2904, 0x2124, 0x5AAA, 0xFFFF, 0xFFFF, 0xFFFF, 0xFFFF, 0xFFFF, 0xFFFF, 0xFFFF, 0xFFFF, 0xCE59,
  0x630C, 0x20E3, 0x0820, 0x0000, 0x0841, 0x3165, 0x7BAE, 0xCE38, 0xE73C, 0xFFFF, 0xFFFF, 0xBD96,
  0x2104, 0x2104, 0x9CF3, 0xFFFF, 0xFFFF, 0xE6FB, 0x39A6, 0x2124, 0x2124, 0x2104, 0x2104, 0x20E3,
  0x18E3, 0x2124, 0x10A2, 0x41E7, 0xFFFF, 0xE71C, 0x39C7, 0x2104, 0x73AE, 0xFFFF, 0xFFFF, 0xFFFF,
  0xFFFF, 0xFFFF, 0xAD55, 0x4228, 0x10A2, 0x0000, 0x0000, 0x1082, 0x4208, 0x9CD3, 0xD679, 0xF7BE,
  0xFFFF, 0xFFFF, 0xFFFF, 0xFFFF, 0xFFFF, 0xFFFF, 0xFFFF, 0xEF7D, 0x4A28, 0x2104, 0x4A28, 0xF79E,
  0xFFFF, 0xFFFF, 0xFFFF, 0xFFFF, 0x9492, 0x2924, 0x3186, 0xD69A, 0xFFFF, 0xFFFF, 0x8C30, 0x20E3,
  0x20E3, 0x6B4D, 0xFFFF, 0xFFDF, 0xFFFF, 0xFFFF, 0xFFDF, 0x6B4D, 0x2104, 0x62EB, 0xFFDF, 0xFFDF,
  0xFFFF, 0x8C10, 0x2924, 0x3186, 0xCE79, 0xFFFF, 0xB596, 0x2124, 0x2104, 0x6B0C, 0xFFFF, 0xFFFF,
  0xFFFF, 0xFFFF, 0xFFFF, 0x8C30, 0x2924, 0x2945, 0xC5F7, 0xFFFF, 0xCE38, 0x2924, 0x2104, 0x20E3,
  0x18C3, 0x18E3, 0x18E3, 0x18C3, 0x18E3, 0x1082, 0x5ACB, 0xFFFF, 0xFFFF, 0xBDF7, 0x2924, 0x2924,
  0x20E3, 0x18C3, 0x18E3, 0x18E3, 0x20E3, 0x39A6, 0x6B6D, 0xE71C, 0xFFFF, 0xFFFF, 0xFFFF, 0xFFFF,
  0xCE59, 0x52AA, 0x18A2, 0x0000, 0x0000, 0x0841, 0x31A6, 0x8C30, 0xCE59, 0xEF7D, 0xFFFF, 0xFFFF,
  0xB575, 0x2945, 0x2124, 0xB596, 0xFFFF, 0xCE38, 0x0841, 0x20E3, 0x20E3, 0x2104, 0x2124, 0x2124,
  0x20E3, 0x20E3, 0x2103, 0x0861, 0xC618, 0xA4F3, 0x2104, 0x2124, 0x4A28, 0xF7BE, 0xFFFF, 0xFFFF,
  0xFFFF, 0x83EF, 0x2924, 0x2945, 0xB596, 0xFFFF, 0xFFFF, 0xFFFF, 0xFFFF, 0xFFFF, 0xFFFF, 0xFFFF,
  0xFFFF, 0xFFFF, 0xFFFF, 0xFFFF, 0x738E, 0x0000, 0x0000, 0x4A69, 0xFFFF, 0xFFFF, 0xFFFF, 0xFFFF,
  0xFFFF, 0xFFFF, 0xBDD7, 0x0020, 0x0000, 0x2945, 0x528A, 0x528A, 0x2945, 0x0000, 0x0000, 0x2924,
  0xF77D, 0xFFFF, 0xFFFF, 0xB575, 0x0000, 0x1082, 0xEF5D, 0xFFFF, 0xFFFF, 0xFFFF, 0xFFFF, 0xFFFF,
  0xBDB6, 0x0000, 0x0000, 0x1061, 0xE71C, 0xFFFF, 0xFFFF, 0xFFFF, 0xFFFF, 0xFFFF, 0xFFFF, 0xFFFF,
  0xFFFF, 0xFFFF, 0xFFFF, 0xFFFF, 0xEF5D, 0x0861, 0x0000, 0x1082, 0x20E3, 0x2104, 0x2104, 0x18A2,
  0x0000, 0x0000, 0x3186, 0xF79E, 0xFFFF, 0xFFDF, 0xFFFF, 0xAD75, 0x0000, 0x0000, 0x18C3, 0xEF7D,
  0xFFFF, 0xFFFF, 0xFFFF, 0xFFFF, 0xFFFF, 0xFFFF, 0x9492, 0x0020, 0x0000, 0x1082, 0x41E7, 0x4A28,
  0x3165, 0x0000, 0x0000, 0x0841, 0xD69A, 0xFFFF, 0xFFFF, 0xD69A, 0x0000, 0x0000, 0xBDD7, 0xFFFF,
  0xFFFF, 0xFFFF, 0x2945, 0x0000, 0x1081, 0x2124, 0x2924, 0x2945, 0x2945, 0x3165, 0x2124, 0x4208,
  0xFFFF, 0xFFDF, 0x2945, 0x0000, 0x8430, 0xFFFF, 0xFFDF, 0xFFFF, 0xF79E, 0x528A, 0x0000, 0x0000,
  0x18E3, 0x4228, 0x4228, 0x20E3, 0x0000, 0x0000, 0x41E7, 0xF7BE, 0xFFFF, 0xFFFF, 0xFFFF, 0xFFFF,
  0xFFFF, 0xFFFF, 0xFFFF, 0xFFFF, 0x4A28, 0x0000, 0x528A, 0xFFFF, 0xFFFF, 0xFFFF, 0xFFFF, 0xFFFF,
  0xB575, 0x0000, 0x18E3, 0xF7BE, 0xFFFF, 0xFFFF, 0x94B2, 0x0000, 0x0000, 0x0861, 0xB5B6, 0xFFFF,
  0xFFDF, 0xFFDF, 0xFFFF, 0x7BAE, 0x0000, 0x6B2C, 0xFFFF, 0xF7BE, 0xFFFF, 0x9CD3, 0x0000, 0x2104,
  0xFFBE, 0xFFFF, 0xFFFF, 0x4208, 0x0000, 0x2945, 0xFFBF, 0xFFFF, 0xFFFF, 0xFFFF, 0xFFFF, 0x5269,
  0x0000, 0x528A, 0xFFFF, 0xFFFF, 0xE73C, 0x0841, 0x0000, 0x10A2, 0x2924, 0x2924, 0x2924, 0x2124,
  0x2945, 0x18C3, 0x5ACB, 0xFFFF, 0xFFFF, 0xDEFB, 0x0000, 0x0000, 0x20E3, 0x2924, 0x2124, 0x2924,
  0x18C3, 0x0000, 0x0000, 0x2945, 0xF77E, 0xFFFF, 0xFFFF, 0xD679, 0x0861, 0x0000, 0x18E3, 0x5269,
  0x52AA, 0x3186, 0x0000, 0x0000, 0x18A2, 0xEF3C, 0xFFFF, 0xFFFF, 0xC618, 0x0000, 0x0000, 0xD69A,
  0xFFFF, 0xCE59, 0x18C3, 0x2124, 0x2104, 0x18C3, 0x0000, 0x0000, 0x18C3, 0x2945, 0x2924, 0x1082,
  0xC618, 0xFFFF, 0x528A, 0x0000, 0x0841, 0xCE79, 0xFFFF, 0xFFFF, 0xF79E, 0x3165, 0x0000, 0x738E,
  0xFFFF, 0xFFFF, 0xFFFF, 0xFFFF, 0xFFFF, 0xFFFF, 0xFFFF, 0xFFFF, 0xFFFF, 0xFFFF, 0xFFFF, 0xE6FB,
  0x1082, 0x0020, 0x0020, 0x0000, 0xCE59, 0xFFFF, 0xFFFF, 0xFFFF, 0xFFFF, 0xFFFF, 0x39E7, 0x0000,
  0x7BAE, 0xFFFF, 0xFFFF, 0xFFFF, 0xFFFF, 0xCE38, 0x2945, 0x8C51, 0xFFFF, 0xFFDF, 0xFFFF, 0xB575,
  0x0000, 0x18E3, 0xEF5D, 0xFFFF, 0xFFFF, 0xFFFF, 0xFFFF, 0xFFFF, 0x4208, 0x0000, 0x1061, 0x0000,
  0x630C, 0xFFFF, 0xFFFF, 0xFFFF, 0xFFFF, 0xFFFF, 0xFFFF, 0xFFFF, 0xFFFF, 0xFFFF, 0xFFFF, 0xFFFF,
  0xEF3C, 0x18C3, 0x0000, 0xA514, 0xFFBE, 0xF7BE, 0xF7BE, 0xF79E, 0x9CD3, 0x0020, 0x0000, 0xB5B6,
  0xFFFF, 0xFFDF, 0xFFFF, 0x39E7, 0x0000, 0x0861, 0x0000, 0x7BCF, 0xFFFF, 0xFFFF, 0xFFFF, 0xFFFF,
  0xFFFF, 0xAD55, 0x0000, 0x0000, 0x6B4D, 0xEF5D, 0xFFFF, 0xFFFF, 0xFFFF, 0xDEDB, 0x5AEB, 0x7BAE,
  0xFFFF, 0xFFDF, 0xFFFF, 0xD69A, 0x0841, 0x0000, 0xBDD7, 0xFFFF, 0xFFFF, 0xFFDF, 0x3186, 0x0000,
  0x8410, 0xFFFF, 0xFFDF, 0xFFFF, 0xFFFF, 0xFFFF, 0xFFFF, 0xD6BA, 0xFFFF, 0xFFDF, 0x3186, 0x0000,
  0x8C71, 0xFFFF, 0xFFDF, 0xFFFF, 0x52AA, 0x0000, 0x0861, 0x9CD3, 0xF79E, 0xFFFF, 0xFFFF, 0xF7BE,
  0xBDD7, 0x39C7, 0xBDF7, 0xFFFF, 0xFFFF, 0xFFFF, 0xFFFF, 0xFFFF, 0xFFFF, 0xFFFF, 0xFFFF, 0xFFFF,
  0x4A49, 0x0000, 0x5ACB, 0xFFFF, 0xFFFF, 0xFFFF, 0xFFFF, 0xFFFF, 0xAD75, 0x0000, 0x2924, 0xF79E,
  0xFFFF, 0xFFFF, 0x94B2, 0x0000, 0x0020, 0x0000, 0x0841, 0xB596, 0xFFFF, 0xF7BE, 0xFFFF, 0x7BCF,
  0x0000, 0x6B4D, 0xFFFF, 0xF7BE, 0xFFFF, 0x9CF3, 0x0000, 0x2945, 0xF79E, 0xFFFF, 0xFFFF, 0xC618,
  0x0020, 0x0000, 0xA514, 0xFFFF, 0xFFDF, 0xFFFF, 0xCE59, 0x0020, 0x0020, 0xCE38, 0xFFFF, 0xFFFF,
  0xE71C, 0x1082, 0x0000, 0xAD55, 0xFFFF, 0xFFFF, 0xFFFF, 0xFFFF, 0xFFFF, 0xF7BE, 0xD6BA, 0xFFFF,
  0xFFFF, 0xDEDB, 0x0861, 0x0000, 0xC618, 0xFFDF, 0xFFBE, 0xFFDF, 0xF79E, 0xA4F3, 0x0820, 0x0000,
  0xB596, 0xFFFF, 0xFFFF, 0x5AEB, 0x0000, 0x5269, 0xFFFF, 0xFFFF, 0xFFFF, 0xFFFF, 0xDEBA, 0x4228,
  0x73AE, 0xFFFF, 0xFFDF, 0xFFFF, 0xC638, 0x0000, 0x0841, 0xD69A, 0xFFFF, 0xEF7D, 0xEF3C, 0xFFFF,
  0xFFFF, 0xC618, 0x0000, 0x0000, 0xC618, 0xFFFF, 0xFFFF, 0xE73C, 0xEF5D, 0xFFFF, 0xF79E, 0x2965,
  0x0000, 0x3185, 0xF79E, 0xFFFF, 0x632C, 0x0000, 0x528A, 0xFFFF, 0xFFFF, 0xFFFF, 0xFFFF, 0xFFFF,
  0xFFFF, 0xFFFF, 0xFFFF, 0xFFFF, 0xFFFF, 0xFFFF, 0xFFFF, 0x736D, 0x0000, 0x738E, 0x39E7, 0x0000,
  0x5AEB, 0xFFFF, 0xFFFF, 0xFFFF, 0xFFFF, 0xFFDF, 0x2924, 0x0020, 0x5269, 0xC638, 0xDEFB, 0xEF5D,
  0xFFDF, 0xFFFF, 0xF79E, 0xF79E, 0xFFFF, 0xFFFF, 0xFFFF, 0xB596, 0x0000, 0x20E3, 0xEF5D, 0xFFFF,
  0xFFFF, 0xFFFF, 0xFFFF, 0xCE59, 0x0000, 0x39A6, 0x8410, 0x0000, 0x0841, 0xD69A, 0xFFFF, 0xFFFF,
  0xFFFF, 0xFFFF, 0xFFFF, 0xFFFF, 0xFFFF, 0xFFFF, 0xFFFF, 0xFFFF, 0xEF5D, 0x18C3, 0x0000, 0xB596,
  0xFFFF, 0xFFFF, 0xFFFF, 0xFFFF, 0xCE79, 0x0841, 0x0000, 0xAD55, 0xFFFF, 0xFFFF, 0xC638, 0x0000,
  0x39C7, 0x7BAE, 0x0000, 0x10A2, 0xEF3C, 0xFFFF, 0xFFFF, 0xFFFF, 0xFFFF, 0x41E7, 0x0000, 0x4A69,
  0xFFFF, 0xFFFF, 0xFFFF, 0xFFFF, 0xFFFF, 0xFFFF, 0xFFFF, 0xF7BE, 0xFFFF, 0xFFFF, 0xFFFF, 0xD6BA,
  0x0841, 0x0000, 0xBDD7, 0xFFFF, 0xFFFF, 0xFFFF, 0x3186, 0x0000, 0x8C51, 0xFFFF, 0xFFFF, 0xFFFF,
  0xFFBE, 0xEF5D, 0xFFFF, 0xFFFF, 0xFFFF, 0xFFDF, 0x31A6, 0x0000, 0x8C71, 0xFFFF, 0xFFFF, 0xCE59,
  0x0000, 0x0000, 0x8C71, 0xFFFF, 0xFFFF, 0xFFFF, 0xFFFF, 0xFFFF, 0xFFFF, 0xF79E, 0xFFFF, 0xFFFF,
  0xFFFF, 0xFFFF, 0xFFFF, 0xFFFF, 0xFFFF, 0xFFFF, 0xFFFF, 0xFFFF, 0x4A49, 0x0000, 0x5ACB, 0xFFFF,
  0xFFFF, 0xFFFF, 0xFFFF, 0xFFFF, 0xB596, 0x0000, 0x2124, 0xF7BE, 0xFFFF, 0xFFFF, 0x9CD3, 0x0000,
  0x2124, 0x2104, 0x0000, 0x0841, 0xC617, 0xFFFF, 0xFFFF, 0x7BCF, 0x0000, 0x6B6D, 0xFFFF, 0xF7BE,
  0xFFFF, 0xA4F3, 0x0000, 0x2945, 0xF7BE, 0xFFFF, 0xFFFF, 0xFFFF, 0x4208, 0x0000, 0x39C7, 0xFFFF,
  0xFFDF, 0xFFFF, 0x630C, 0x0000, 0x4A49, 0xFFFF, 0xFFDF, 0xFFFF, 0xE71C, 0x1082, 0x0000, 0xAD75,
  0xFFFF, 0xFFFF, 0xFFFF, 0xE73C, 0xDEFB, 0xFFFF, 0xFFFF, 0xFFFF, 0xFFFF, 0xDEDB, 0x0841, 0x0000,
  0xD69A, 0xFFFF, 0xFFFF, 0xFFFF, 0xFFFF, 0xD6BA, 0x0841, 0x0000, 0xAD55, 0xFFFF, 0xFFFF, 0x4208,
  0x0020, 0x31A6, 0xBDF7, 0xDEDB, 0xE71C, 0xF7BE, 0xFFFF, 0xFFFF, 0xF79E, 0xFFFF, 0xFFFF, 0xFFFF,
  0xC638, 0x0000, 0x0841, 0xD69A, 0xFFFF, 0xFFFF, 0xFFFF, 0xFFFF, 0xFFFF, 0xC638, 0x0000, 0x0000,
  0xC638, 0xFFFF, 0xFFFF, 0xFFFF, 0xFFFF, 0xFFFF, 0xFFFF, 0xC618, 0x0820, 0x0000, 0x7BEF, 0xBDD7,
  0x0000, 0x10A2, 0xE73C, 0xFFFF, 0xFFFF, 0xFFFF, 0xFFFF, 0xFFFF, 0xFFFF, 0xFFFF, 0xFFFF, 0xFFFF,
  0xFFFF, 0xFFFF, 0xE71C, 0x1061, 0x1082, 0xEF7D, 0xA514, 0x0000, 0x1082, 0xDEDB, 0xFFFF, 0xFFFF,
  0xFFFF, 0xFFFF, 0x630C, 0x0000, 0x0000, 0x0000, 0x0861, 0x18C3, 0x2965, 0x4228, 0x9492, 0xF7BE,
  0xFFFF, 0xFFDF, 0xFFFF, 0xB596, 0x0000, 0x2104, 0xEF7D, 0xFFFF, 0xFFFF, 0xFFFF, 0xFFFF, 0x630C,
  0x0000, 0x9CD3, 0xFFBE, 0x18C3, 0x0000, 0x630C, 0xFFFF, 0xFFFF, 0xFFFF, 0xFFFF, 0xFFFF, 0xFFFF,
  0xFFFF, 0xFFFF, 0xFFFF, 0xFFFF, 0xEF7D, 0x18C3, 0x0000, 0x4228, 0x6B6D, 0x6B4D, 0x6B4D, 0x630C,
  0x18E3, 0x0000, 0x0841, 0xDEFB, 0xFFFF, 0xFFFF, 0x4A69, 0x0000, 0xA514, 0xF7BE, 0x18A3, 0x0000,
  0x7BEF, 0xFFFF, 0xFFDF, 0xFFFF, 0xEF7D, 0x2103, 0x0000, 0xAD75, 0xFFFF, 0xFFDF, 0xFFFF, 0xFFFF,
  0xFFFF, 0xFFFF, 0xFFFF, 0xFFFF, 0xFFFF, 0xFFFF, 0xFFFF, 0xD6BA, 0x0841, 0x0000, 0xBDB6, 0xFFFF,
  0xFFFF, 0xFFDF, 0x2965, 0x0000, 0x18C3, 0x2965, 0x3165, 0x39A6, 0x2104, 0xA534, 0xFFFF, 0xFFDF,
  0xFFFF, 0xFFDF, 0x31A6, 0x0000, 0x8C51, 0xFFFF, 0xFFFF, 0x9CD3, 0x0000, 0x1082, 0xE73C, 0xFFFF,
  0xFFFF, 0xFFFF, 0xFFFF, 0xFFFF, 0xFFFF, 0xFFFF, 0xFFFF, 0xFFFF, 0xFFFF, 0xFFFF, 0xFFFF, 0xFFFF,
  0xFFFF, 0xFFFF, 0xFFFF, 0xFFFF, 0x4A49, 0x0000, 0x5ACB, 0xFFFF, 0xFFFF, 0xFFFF, 0xFFFF, 0xFFFF,
  0xB596, 0x0000, 0x2924, 0xF7BE, 0xFFFF, 0xFFFF, 0x9CF3, 0x0000, 0x4A49, 0xD69A, 0x10A2, 0x0000,
  0x1082, 0xCE59, 0xFFFF, 0x73AE, 0x0000, 0x738D, 0xFFFF, 0xF7BE, 0xFFFF, 0x9CF3, 0x0000, 0x2965,
  0xFFBE, 0xFFFF, 0xFFDF, 0xFFFF, 0xB596, 0x0000, 0x0020, 0xBDD7, 0xFFFF, 0xDEDB, 0x1061, 0x0000,
  0xB5B6, 0xFFFF, 0xFFDF, 0xFFFF, 0xE71C, 0x1061, 0x0000, 0x18C3, 0x2945, 0x2945, 0x2965, 0x10A2,
  0xB596, 0xFFFF, 0xFFDF, 0xFFFF, 0xFFFF, 0xD6BA, 0x0841, 0x0000, 0x630C, 0x8430, 0x7BEF, 0x8410,
  0x738E, 0x2124, 0x0000, 0x1082, 0xE73C, 0xFFFF, 0xFFFF, 0x8410, 0x0000, 0x0000, 0x0000, 0x0841,
  0x10A2, 0x2924, 0x4208, 0x8410, 0xEF7D, 0xFFFF, 0xFFDF, 0xFFFF, 0xC618, 0x0000, 0x0841, 0xD6BA,
  0xFFFF, 0xFFFF, 0xFFFF, 0xFFDF, 0xFFFF, 0xC618, 0x0000, 0x0000, 0xC638, 0xFFFF, 0xFFDF, 0xFFFF,
  0xFFFF, 0xFFFF, 0xFFDF, 0xFFFF, 0x8C51, 0x0000, 0x0861, 0x1082, 0x0000, 0xA514, 0xFFFF, 0xFFFF,
  0xFFFF, 0xFFFF, 0xFFFF, 0xFFFF, 0xFFFF, 0xFFFF, 0xFFFF, 0xFFFF, 0xFFFF, 0xFFFF, 0x738E, 0x0000,
  0x7BCF, 0xFFFF, 0xFFFF, 0x39C7, 0x0000, 0x630B, 0xFFFF, 0xFFFF, 0xFFFF, 0xFFFF, 0xF79E, 0x6B6D,
  0x2104, 0x0861, 0x0000, 0x0000, 0x0000, 0x0000, 0x0000, 0x39E7, 0xF7BE, 0xFFFF, 0xFFFF, 0xAD75,
  0x0000, 0x2124, 0xEF7D, 0xFFFF, 0xFFDF, 0xFFFF, 0xD6BA, 0x0841, 0x2924, 0xFFDF, 0xFFFF, 0x9492,
  0x0000, 0x0841, 0xD69A, 0xFFFF, 0xFFFF, 0xFFFF, 0xFFFF, 0xFFFF, 0xFFFF, 0xFFFF, 0xFFFF, 0xFFFF,
  0xEF5D, 0x18C3, 0x0000, 0x0000, 0x0000, 0x0000, 0x0000, 0x0000, 0x0861, 0x31A6, 0xB5B6, 0xFFFF,
  0xFFFF, 0xCE59, 0x0020, 0x2945, 0xFFFF, 0xFFFF, 0x8C71, 0x0000, 0x10A2, 0xE71C, 0xFFFF, 0xFFFF,
  0xEF5D, 0x18C3, 0x0000, 0xB5B6, 0xFFFF, 0xFFFF, 0xFFFF, 0xFFFF, 0xFFFF, 0xFFFF, 0xFFFF, 0xFFFF,
  0xFFFF, 0xFFFF, 0xFFFF, 0xD6BA, 0x0841, 0x0000, 0xBDD7, 0xFFFF, 0xFFFF, 0xFFDF, 0x2945, 0x0000,
  0x1082, 0x18E3, 0x20E3, 0x2104, 0x0861, 0x9CF3, 0xFFFF, 0xFFDF, 0xFFFF, 0xFFFF, 0x31A6, 0x0000,
  0x8C51, 0xFFFF, 0xFFFF, 0x9492, 0x0000, 0x18E3, 0xEF7D, 0xFFFF, 0xFFFF, 0xFFFF, 0xFFFF, 0xFFFF,
  0xFFFF, 0xFFFF, 0xFFFF, 0xFFFF, 0xFFFF, 0xFFFF, 0xFFFF, 0xFFFF, 0xFFFF, 0xFFFF, 0xFFFF, 0xFFFF,
  0x4A49, 0x0000, 0x5ACB, 0xFFFF, 0xFFFF, 0xFFFF, 0xFFFF, 0xFFFF, 0xB5B6, 0x0000, 0x2124, 0xF7BE,
  0xFFFF, 0xFFFF, 0x9CF3, 0x0000, 0x39E7, 0xFFFF, 0xCE59, 0x18C3, 0x0000, 0x18C3, 0xDEFB, 0x8410,
  0x0000, 0x738E, 0xFFFF, 0xF7BE, 0xFFFF, 0xA4F3, 0x0000, 0x2965, 0xFFBE, 0xFFFF, 0xFFFF, 0xFFFF,
  0xFFFF, 0x39E7, 0x0000, 0x4208, 0xFFFF, 0x738E, 0x0000, 0x39C7, 0xFFFF, 0xFFFF, 0xFFFF, 0xFFFF,
  0xE71C, 0x1082, 0x0000, 0x18C3, 0x2124, 0x2104, 0x2124, 0x0861, 0xB5B6, 0xFFFF, 0xFFFF, 0xFFFF,
  0xFFFF, 0xDEBA, 0x0841, 0x0020, 0x0000, 0x0000, 0x0000, 0x0000, 0x0000, 0x0841, 0x39E7, 0xC638,
  0xFFFF, 0xFFFF, 0xFFFF, 0xFFDF, 0x8430, 0x2965, 0x0861, 0x0000, 0x0000, 0x0000, 0x0000, 0x0000,
  0x2965, 0xEF5D, 0xFFFF, 0xFFFF, 0xC618, 0x0000, 0x0861, 0xD6BA, 0xFFFF, 0xFFFF, 0xFFFF, 0xFFFF,
  0xFFFF, 0xC638, 0x0000, 0x0000, 0xCE59, 0xFFFF, 0xFFFF, 0xFFFF, 0xFFFF, 0xFFFF, 0xFFFF, 0xFFFF,
  0xFFFF, 0x4A69, 0x0000, 0x0000, 0x6B6D, 0xFFFF, 0xFFFF, 0xFFFF, 0xFFFF, 0xFFFF, 0xFFFF, 0xFFFF,
  0xFFFF, 0xFFFF, 0xFFFF, 0xFFFF, 0xFFFF, 0xDEFB, 0x0861, 0x0000, 0x2965, 0x4A49, 0x4A49, 0x18C3,
  0x0020, 0x0020, 0xC618, 0xFFFF, 0xFFFF, 0xFFFF, 0xFFFF, 0xFFFF, 0xF79E, 0xDEDB, 0xCE79, 0xC638,
  0xB5B6, 0x6B6D, 0x0841, 0x0000, 0xB596, 0xFFFF, 0xFFFF, 0xAD75, 0x0000, 0x2924, 0xF79E, 0xFFFF,
  0xFFDF, 0xFFFF, 0x632C, 0x0000, 0x18C2, 0x4A49, 0x4A49, 0x31A6, 0x0000, 0x0000, 0x630C, 0xFFFF,
  0xFFFF, 0xFFFF, 0xFFFF, 0xFFFF, 0xFFFF, 0xFFFF, 0xFFFF, 0xFFFF, 0xEF5D, 0x18C3, 0x0000, 0x8410,
  0xCE59, 0xD69A, 0xD6BA, 0xDEDB, 0xE73C, 0xFFFF, 0xFFFF, 0xFFDF, 0xFFFF, 0x5ACB, 0x0000, 0x10A2,
  0x4A49, 0x4A49, 0x3186, 0x0000, 0x0000, 0x736D, 0xFFFF, 0xFFFF, 0xFFDF, 0x2945, 0x0000, 0x7BEF,
  0xFFFF, 0xFFDF, 0xFFFF, 0xFFFF, 0xFFDF, 0xFFFF, 0xFFFF, 0xEF7D, 0xFFFF, 0xFFFF, 0xFFFF, 0xD6BA,
  0x0841, 0x0000, 0xBDD7, 0xFFFF, 0xFFFF, 0xFFFF, 0x3185, 0x0000, 0x8430, 0xFFDF, 0xF7BE, 0xFFDF,
  0xEF3C, 0xDEFB, 0xFFFF, 0xFFFF, 0xFFFF, 0xFFFF, 0x39A7, 0x0000, 0x8C71, 0xFFFF, 0xFFFF, 0xB5B6,
  0x0000, 0x0020, 0xC638, 0xFFFF, 0xFFDF, 0xFFFF, 0xFFFF, 0xFFDF, 0xFFFF, 0xF7BE, 0xF7BE, 0xFFFF,
  0xFFFF, 0xFFFF, 0xFFFF, 0xFFFF, 0xFFFF, 0xFFFF, 0xFFFF, 0xFFFF, 0x4A69, 0x0000, 0x5AEB, 0xFFFF,
  0xFFDF, 0xFFFF, 0xFFDF, 0xFFFF, 0xB5B6, 0x0000, 0x2124, 0xF7BE, 0xFFFF, 0xFFFF, 0x9CF3, 0x0000,
  0x4228, 0xFFFF, 0xFFFF, 0xCE59, 0x10A2, 0x0000, 0x2945, 0x4208, 0x0000, 0x6B6D, 0xFFFF, 0xF7BE,
  0xFFFF, 0xA514, 0x0000, 0x2965, 0xF7BE, 0xFFFF, 0xFFFF, 0xFFFF, 0xFFFF, 0xB596, 0x0000, 0x0020,
  0x9CD3, 0x2104, 0x0000, 0xAD34, 0xFFFF, 0xFFFF, 0xFFFF, 0xFFFF, 0xE73C, 0x1082, 0x0000, 0xAD75,
  0xFFDF, 0xF7BE, 0xFFDF, 0xDEDB, 0xE71C, 0xFFDF, 0xFFFF, 0xFFFF, 0xFFFF, 0xDEDB, 0x0861, 0x0000,
  0x9492, 0xCE59, 0xCE79, 0x39C7, 0x0000, 0x31A6, 0xFFDF, 0xFFFF, 0xFFFF, 0xFFFF, 0xFFFF, 0xFFFF,
  0xFFFF, 0xFFFF, 0xDEDB, 0xCE59, 0xBDF7, 0xB596, 0x738E, 0x0841, 0x0000, 0x9CF3, 0xFFFF, 0xFFFF,
  0xC638, 0x0020, 0x1061, 0xDEDB, 0xFFFF, 0xFFFF, 0xFFFF, 0xFFFF, 0xFFFF, 0xCE59, 0x0000, 0x0000,
  0xCE59, 0xFFFF, 0xFFFF, 0xFFFF, 0xFFFF, 0xFFFF, 0xFFFF, 0xFFFF, 0xFFFF, 0xBDD7, 0x0000, 0x0861,
  0xE6FB, 0xFFFF, 0xFFFF, 0xFFFF, 0xFFFF, 0xFFFF, 0xFFFF, 0xFFFF, 0xFFFF, 0xFFFF, 0xFFFF, 0xFFDF,
  0xFFFF, 0x8410, 0x0000, 0x18E3, 0x2965, 0x2944, 0x2945, 0x31A6, 0x1082, 0x0000, 0x528A, 0xFFFF,
  0xFFDF, 0xFFFF, 0xD6BA, 0x9CD3, 0xFFFF, 0xFFFF, 0xFFFF, 0xFFFF, 0xFFFF, 0xE73C, 0x0861, 0x0000,
  0xAD55, 0xFFFF, 0xFFFF, 0xB575, 0x0000, 0x2945, 0xF79E, 0xFFFF, 0xFFFF, 0xDEFB, 0x0861, 0x0861,
  0x39A6, 0x2124, 0x2124, 0x2965, 0x2124, 0x0000, 0x0861, 0xE71C, 0xFFFF, 0xFFFF, 0xFFFF, 0xFFFF,
  0xFFFF, 0xFFFF, 0xFFFF, 0xFFFF, 0xEF5D, 0x18C3, 0x0000, 0xB5B6, 0xFFFF, 0xFFFF, 0xFFFF, 0xFFFF,
  0xFFFF, 0xFFFF, 0xFFDF, 0xFFFF, 0xDEDB, 0x0861, 0x0841, 0x31A6, 0x2924, 0x2945, 0x3165, 0x2104,
  0x0000, 0x10A2, 0xEF5D, 0xFFFF, 0xFFFF, 0x73AE, 0x0000, 0x10A2, 0xBDF7, 0xFFFF, 0xFFFF, 0xFFFF,
  0xFFFF, 0xFFFF, 0x9CF3, 0x4228, 0xF7BE, 0xFFFF, 0xFFFF, 0xD6BA, 0x0841, 0x0000, 0xBDD7, 0xFFFF,
  0xFFFF, 0xFFFF, 0x3186, 0x0000, 0x8C51, 0xFFFF, 0xFFFF, 0xFFFF, 0xFFFF, 0xFFFF, 0xFFFF, 0xFFFF,
  0xFFFF, 0xFFFF, 0x39C7, 0x0000, 0x8C71, 0xFFFF, 0xFFFF, 0xF79E, 0x2945, 0x0000, 0x39C7, 0xEF5D,
  0xFFFF, 0xFFFF, 0xFFFF, 0xFFFF, 0xF7BE, 0x6B4D, 0x8410, 0xFFFF, 0xFFFF, 0xFFFF, 0xFFFF, 0xFFFF,
  0xFFFF, 0xFFFF, 0xFFFF, 0xFFFF, 0x52AA, 0x0000, 0x31A6, 0xFFFF, 0xFFFF, 0xFFFF, 0xFFFF, 0xFFFF,
  0x7BEF, 0x0000, 0x2965, 0xFFDF, 0xFFFF, 0xFFFF, 0x9CF3, 0x0000, 0x4228, 0xFFFF, 0xF7BE, 0xFFFF,
  0xBDF7, 0x0861, 0x0000, 0x0020, 0x0000, 0x6B4D, 0xFFFF, 0xF7BE, 0xFFFF, 0xA514, 0x0000, 0x3165,
  0xF7BE, 0xFFFF, 0xFFFF, 0xFFFF, 0xFFFF, 0xFFDF, 0x2945, 0x0000, 0x1082, 0x0000, 0x2945, 0xF7BE,
  0xFFFF, 0xFFFF, 0xFFFF, 0xFFFF, 0xE73C, 0x1082, 0x0000, 0xBDD7, 0xFFFF, 0xFFFF, 0xFFFF, 0xFFFF,
  0xFFFF, 0xFFFF, 0xFFFF, 0xFFFF, 0xFFFF, 0xDEDB, 0x1082, 0x0000, 0xCE59, 0xFFFF, 0xFFFF, 0xCE79,
  0x0841, 0x0000, 0x7BEF, 0xFFFF, 0xFFFF, 0xFFFF, 0xFFFF, 0xEF5D, 0x9492, 0xFFFF, 0xFFFF, 0xFFFF,
  0xFFFF, 0xFFFF, 0xFFDF, 0x18C3, 0x0000, 0x9492, 0xFFFF, 0xFFFF, 0xC638, 0x0020, 0x1082, 0xDEDB,
  0xFFFF, 0xFFFF, 0xFFFF, 0xFFFF, 0xFFFF, 0xCE59, 0x0000, 0x0000, 0xCE79, 0xFFFF, 0xFFFF, 0xFFFF,
  0xFFFF, 0xFFFF, 0xFFFF, 0xFFFF, 0xFFFF, 0xB596, 0x0000, 0x1082, 0xDEDB, 0xFFFF, 0xFFFF, 0xFFFF,
  0xFFFF, 0xFFFF, 0xFFFF, 0xFFFF, 0xFFFF, 0xFFFF, 0xFFFF, 0xFFFF, 0xFFDF, 0x2945, 0x0861, 0xD69A,
  0xFFFF, 0xFFFF, 0xFFFF, 0xFFFF, 0x9492, 0x0020, 0x0841, 0xCE79, 0xFFFF, 0xFFFF, 0x6B4D, 0x0000,
  0x4A49, 0x9492, 0xAD75, 0xB596, 0x94B2, 0x39C6, 0x0000, 0x18C3, 0xE73C, 0xFFFF, 0xFFFF, 0xB5B6,
  0x0000, 0x2945, 0xF79E, 0xFFFF, 0xFFFF, 0x7BEF, 0x0000, 0x8430, 0xFFFF, 0xFFFF, 0xFFFF, 0xFFFF,
  0xE71C, 0x18E3, 0x0000, 0x7BCF, 0xFFFF, 0xFFFF, 0xFFFF, 0xFFFF, 0xFFFF, 0xFFFF, 0xFFFF, 0xFFFF,
  0xEF7D, 0x18E3, 0x0000, 0xB596, 0xFFFF, 0xFFDF, 0xFFFF, 0xFFFF, 0xFFFF, 0xFFFF, 0xFFDF, 0xFFFF,
  0x7BCF, 0x0000, 0x73AE, 0xFFFF, 0xFFFF, 0xFFFF, 0xFFFF, 0xDEFB, 0x18C3, 0x0000, 0x9492, 0xFFFF,
  0xFFFF, 0xEF7D, 0x3186, 0x0000, 0x0841, 0x738D, 0xAD34, 0xAD55, 0x9471, 0x4228, 0x0000, 0x0000,
  0xA514, 0xFFFF, 0xFFFF, 0xDEDB, 0x0861, 0x0000, 0xC5F7, 0xFFFF, 0xFFFF, 0xFFFF, 0x39C7, 0x0020,
  0x8C71, 0xFFFF, 0xFFDF, 0xFFFF, 0xFFFF, 0xFFFF, 0xFFFF, 0xFFFF, 0xFFFF, 0xFFFF, 0x39E7, 0x0000,
  0x94B2, 0xFFFF, 0xFFDF, 0xFFFF, 0xC5F7, 0x0861, 0x0000, 0x2124, 0x8410, 0xAD55, 0xA514, 0x73AE,
  0x2124, 0x0000, 0x18E3, 0xE71C, 0xFFFF, 0xFFFF, 0xFFFF, 0xFFFF, 0xFFFF, 0xFFFF, 0xFFFF, 0xFFFF,
  0x9CF3, 0x0000, 0x0000, 0x4A69, 0xA534, 0xB596, 0xAD34, 0x6B4D, 0x0861, 0x0000, 0x6B6D, 0xFFFF,
  0xFFDF, 0xFFFF, 0xA514, 0x0000, 0x4A69, 0xFFFF, 0xFFFF, 0xFFDF, 0xFFFF, 0xBDD7, 0x0861, 0x0861,
  0x0000, 0x6B6D, 0xFFFF, 0xF7BE, 0xFFFF, 0xAD55, 0x0000, 0x31A6, 0xFFDF, 0xFFFF, 0xFFFF, 0xFFFF,
  0xFFFF, 0xFFFF, 0x9CD3, 0x0000, 0x0861, 0x0000, 0x94B2, 0xFFFF, 0xFFFF, 0xFFFF, 0xFFFF, 0xFFFF,
  0xEF3C, 0x10A2, 0x0000, 0x5ACB, 0x9491, 0x8C71, 0x8C71, 0x8C50, 0x8C51, 0x8410, 0x9471, 0xFFFF,
  0xFFFF, 0xDEFB, 0x10A2, 0x0020, 0xC638, 0xFFFF, 0xF7BE, 0xFFFF, 0x8C50, 0x0000, 0x0841, 0xCE59,
  0xFFFF, 0xFFDF, 0xFFFF, 0x9492, 0x0000, 0x39E7, 0x9492, 0xAD75, 0xB596, 0x9CF3, 0x4A49, 0x0000,
  0x0841, 0xD6BA, 0xFFFF, 0xFFFF, 0xCE79, 0x0861, 0x10A2, 0xDEFB, 0xFFFF, 0xFFFF, 0xFFFF, 0xFFFF,
  0xFFFF, 0xCE59, 0x0020, 0x0820, 0xCE79, 0xFFFF, 0xFFFF, 0xFFFF, 0xFFFF, 0xFFFF, 0xFFFF, 0xFFFF,
  0xFFFF, 0xB5B6, 0x0000, 0x10A2, 0xDEFB, 0xFFFF, 0xFFFF, 0xFFFF, 0xFFFF, 0xFFFF, 0xFFFF, 0xFFFF,
  0xFFFF, 0xFFFF, 0xFFFF, 0xFFDF, 0x73AE, 0x0000, 0x4A49, 0xFFFF, 0xFFFF, 0xFFFF, 0xFFFF, 0xFFFF,
  0xF7BE, 0x2945, 0x0000, 0x4A49, 0xF79E, 0xF79E, 0x7BCF, 0x2124, 0x0000, 0x0000, 0x0000, 0x0000,
  0x0000, 0x0000, 0x4208, 0xD69A, 0xFFFF, 0xFFDF, 0xFFFF, 0xA514, 0x0000, 0x1082, 0xE71C, 0xFFFF,
  0xD69A, 0x0841, 0x0000, 0xDEFB, 0xFFFF, 0xFFFF, 0xFFFF, 0xFFDF, 0xFFFF, 0x632C, 0x0000, 0x0020,
  0xCE59, 0xFFFF, 0xFFFF, 0xFFFF, 0xFFFF, 0xFFFF, 0xFFFF, 0xFFFF, 0xD6BA, 0x0020, 0x0000, 0xA514,
  0xFFFF, 0xFFFF, 0xFFFF, 0xFFFF, 0xFFFF, 0xFFFF, 0xFFFF, 0xDEFB, 0x0861, 0x0000, 0xD6BA, 0xFFFF,
  0xFFFF, 0xFFFF, 0xFFDF, 0xFFFF, 0x632C, 0x0000, 0x1082, 0xD6BA, 0xFFFF, 0xFFFF, 0xEF7D, 0x6B4D,
  0x0861, 0x0000, 0x0000, 0x0000, 0x0000, 0x0000, 0x39E7, 0xB596, 0xF79E, 0xFFDF, 0xFFFF, 0xC618,
  0x0000, 0x0000, 0xB596, 0xFFFF, 0xFFFF, 0xF79E, 0x18E3, 0x0000, 0x73AE, 0xFFFF, 0xFFDF, 0xFFFF,
  0xFFFF, 0xFFFF, 0xFFFF, 0xFFFF, 0xFFFF, 0xFFDF, 0x2965, 0x0000, 0x7BEF, 0xFFFF, 0xFFDF, 0xFFFF,
  0xFFFF, 0xCE79, 0x4A49, 0x0000, 0x0000, 0x0000, 0x0000, 0x0000, 0x0861, 0x6B4D, 0xDEBA, 0xF7BE,
  0xFFFF, 0xFFFF, 0xFFFF, 0xFFFF, 0xFFFF, 0xFFFF, 0xFFFF, 0xFFFF, 0xFFFF, 0x7BEF, 0x1082, 0x0000,
  0x0000, 0x0000, 0x0000, 0x0000, 0x0841, 0x528A, 0xEF5D, 0xFFFF, 0xFFDF, 0xFFFF, 0x94B2, 0x0000,
  0x39C7, 0xFFDF, 0xFFFF, 0xFFFF, 0xFFDF, 0xFFFF, 0xAD75, 0x0000, 0x0000, 0x632C, 0xFFFF, 0xFFDF,
  0xFFFF, 0x9CF3, 0x0000, 0x2124, 0xF79E, 0xFFFF, 0xFFFF, 0xFFFF, 0xFFFF, 0xFFFF, 0xEF7D, 0x1082,
  0x0000, 0x0861, 0xE73C, 0xFFFF, 0xFFFF, 0xFFFF, 0xFFFF, 0xFFFF, 0xDEDB, 0x0000, 0x0000, 0x0000,
  0x0000, 0x0000, 0x0000, 0x0000, 0x0000, 0x0000, 0x528A, 0xFFFF, 0xFFFF, 0xCE79, 0x0000, 0x0000,
  0xBDF7, 0xFFFF, 0xFFDF, 0xFFFF, 0xFFDF, 0x39C7, 0x0000, 0x2965, 0xE73C, 0xFFFF, 0xFFFF, 0xA534,
  0x39C7, 0x0000, 0x0000, 0x0000, 0x0000, 0x0000, 0x0000, 0x31A6, 0xC618, 0xFFFF, 0xFFDF, 0xFFFF,
  0xBDF7, 0x0000, 0x0861, 0xD6BA, 0xFFFF, 0xFFFF, 0xFFFF, 0xFFFF, 0xFFFF, 0xC638, 0x0000, 0x0000,
  0xC618, 0xFFFF, 0xFFFF, 0xFFFF, 0xFFFF, 0xFFFF, 0xFFFF, 0xFFFF, 0xFFFF, 0xA514, 0x0000, 0x0000,
  0xCE59, 0xFFFF, 0xFFFF, 0xFFFF, 0xFFFF, 0xFFFF, 0xFFFF, 0xFFFF, 0xFFFF, 0xFFFF, 0xFFFF, 0xF79E,
  0xAD34, 0xA534, 0xBDD7, 0xFFFF, 0xFFFF, 0xFFFF, 0xFFFF, 0xFFFF, 0xF79E, 0xBDD7, 0xAD55, 0xA534,
  0xE73C, 0xFFFF, 0xFFFF, 0xF79E, 0xC618, 0x9CD3, 0x8410, 0x8410, 0x9CD3, 0xC638, 0xFFFF, 0xFFFF,
  0xFFFF, 0xFFFF, 0xFFFF, 0xC638, 0xAD55, 0xA514, 0xDEFB, 0xFFFF, 0xC638, 0xA514, 0xA534, 0xE73C,
  0xFFFF, 0xFFFF, 0xFFFF, 0xFFFF, 0xFFFF, 0xC618, 0xA514, 0xA4F3, 0xC638, 0xFFFF, 0xFFFF, 0xFFFF,
  0xFFFF, 0xFFFF, 0xFFFF, 0xFFFF, 0xD6BA, 0xA4F3, 0x9CF3, 0xCE59, 0xFFFF, 0xFFFF, 0xFFFF, 0xFFFF,
  0xFFFF, 0xFFFF, 0xFFFF, 0xD6BA, 0x9CF3, 0xA534, 0xE73C, 0xFFFF, 0xFFFF, 0xFFFF, 0xFFFF, 0xFFFF,
  0xCE39, 0xA534, 0xA514, 0xCE59, 0xFFFF, 0xFFFF, 0xFFFF, 0xFFFF, 0xDEDB, 0x9CD3, 0x7BEF, 0x8410,
  0xA514, 0xD6BA, 0xFFFF, 0xFFFF, 0xFFFF, 0xFFFF, 0xFFFF, 0xD69A, 0xA514, 0xA514, 0xD69A, 0xFFFF,
  0xFFFF, 0xEF5D, 0xA514, 0x9CF3, 0xB5B6, 0xFFFF, 0xFFFF, 0xFFFF, 0xFFFF, 0xFFFF, 0xFFFF, 0xFFFF,
  0xFFFF, 0xEF7D, 0xAD55, 0x9CF3, 0xBDF7, 0xFFFF, 0xFFFF, 0xFFFF, 0xFFFF, 0xFFFF, 0xFFFF, 0xCE59,
  0x9CD3, 0x8C51, 0x9CD3, 0xBDD7, 0xEF5D, 0xFFFF, 0xFFFF, 0xFFFF, 0xFFFF, 0xFFFF, 0xFFFF, 0xFFFF,
  0xFFFF, 0xFFFF, 0xFFFF, 0xFFFF, 0xFFFF, 0xFFFF, 0xE71C, 0xAD75, 0x8C51, 0x7BEF, 0x8C51, 0xAD75,
  0xDEDB, 0xFFFF, 0xFFFF, 0xFFFF, 0xFFFF, 0xFFFF, 0xCE59, 0xA534, 0xAD55, 0xF7BE, 0xFFFF, 0xFFFF,
  0xFFFF, 0xFFFF, 0xF79E, 0xAD75, 0xA534, 0xC618, 0xFFFF, 0xFFFF, 0xFFFF, 0xCE59, 0xA534, 0xB596,
  0xEF7D, 0xFFFF, 0xFFFF, 0xFFFF, 0xFFFF, 0xFFFF, 0xF79E, 0xAD55, 0x9CF3, 0xAD34, 0xF79E, 0xFFFF,
  0xFFFF, 0xFFFF, 0xFFFF, 0xFFFF, 0xDEFB, 0x9CF3, 0x9CF3, 0x9CF3, 0xA514, 0xA514, 0x9CF3, 0xA513,
  0xA534, 0x9CD3, 0x9CF3, 0xFFFF, 0xFFFF, 0xDEDB, 0xA534, 0xA534, 0xDEDB, 0xFFFF, 0xFFFF, 0xFFFF,
  0xFFFF, 0xBDD7, 0xA534, 0xA514, 0xCE79, 0xFFFF, 0xFFFF, 0xFFFF, 0xFFFF, 0xD69A, 0xA514, 0x8C51,
  0x8430, 0x94B2, 0xBDF7, 0xFFDF, 0xFFFF, 0xFFFF, 0xFFFF, 0xFFFF, 0xD6BA, 0xB596, 0xB596, 0xE71C,
  0xFFFF, 0xFFFF, 0xFFFF, 0xFFFF, 0xFFFF, 0xDEDB, 0xA534, 0xA534, 0xDEDB, 0xFFFF, 0xFFFF, 0xFFFF,
  0xFFFF, 0xFFFF, 0xFFFF, 0xFFFF, 0xFFFF, 0xCE59, 0xA534, 0x9CF3, 0xD69A, 0xFFFF, 0xFFFF, 0xFFFF,
  0xFFFF, 0xFFFF, 0xFFFF, 0xFFFF, 0xFFFF, 0xFFFF, 0xFFFF, 0xFFFF, 0xFFFF, 0xFFFF, 0xFFFF, 0xFFFF,
  0xFFFF, 0xFFFF, 0xFFFF, 0xFFFF, 0xFFFF, 0xFFFF, 0xFFFF, 0xFFFF, 0xFFFF, 0xFFFF, 0xFFFF, 0xFFFF,
  0xFFFF, 0xFFFF, 0xFFFF, 0xFFFF, 0xFFFF, 0xFFFF, 0xFFFF, 0xFFFF, 0xFFFF, 0xFFFF, 0xFFFF, 0xFFFF,
  0xFFFF, 0xFFFF, 0xFFFF, 0xFFFF, 0xFFFF, 0xFFFF, 0xFFFF, 0xFFFF, 0xFFFF, 0xFFFF, 0xFFFF, 0xFFFF,
  0xFFFF, 0xFFFF, 0xFFFF, 0xFFFF, 0xFFFF, 0xFFFF, 0xFFFF, 0xFFFF, 0xFFFF, 0xFFFF, 0xFFFF, 0xFFFF,
  0xFFFF, 0xFFFF, 0xFFFF, 0xFFFF, 0xFFFF, 0xFFFF, 0xFFFF, 0xFFFF, 0xFFFF, 0xFFFF, 0xFFFF, 0xFFFF,
  0xFFFF, 0xFFFF, 0xFFFF, 0xFFFF, 0xFFFF, 0xFFFF, 0xFFFF, 0xFFFF, 0xFFFF, 0xFFFF, 0xFFFF, 0xFFFF,
  0xFFFF, 0xFFFF, 0xFFFF, 0xFFFF, 0xFFFF, 0xFFFF, 0xFFFF, 0xFFFF, 0xFFFF, 0xFFFF, 0xFFFF, 0xFFFF,
  0xFFFF, 0xFFFF, 0xFFFF, 0xFFFF, 0xFFFF, 0xFFFF, 0xFFFF, 0xFFFF, 0xFFFF, 0xFFFF, 0xFFFF, 0xFFFF,
  0xFFFF, 0xFFFF, 0xFFFF, 0xFFFF, 0xFFFF, 0xFFFF, 0xFFFF, 0xFFFF, 0xFFFF, 0xFFFF, 0xFFFF, 0xFFFF,
  0xFFFF, 0xFFFF, 0xFFFF, 0xFFFF, 0xFFFF, 0xFFFF, 0xFFFF, 0xFFFF, 0xFFFF, 0xFFFF, 0xFFFF, 0xFFFF,
  0xFFFF, 0xFFDF, 0xFFFF, 0xFFFF, 0xFFFF, 0xFFFF, 0xFFFF, 0xFFFF, 0xFFFF, 0xFFFF, 0xFFFF, 0xFFFF,
  0xFFFF, 0xFFFF, 0xFFFF, 0xFFFF, 0xFFFF, 0xFFFF, 0xFFFF, 0xFFFF, 0xFFFF, 0xFFFF, 0xFFFF, 0xFFFF,
  0xFFFF, 0xFFFF, 0xFFFF, 0xFFFF, 0xFFFF, 0xFFFF, 0xFFFF, 0xFFFF, 0xFFFF, 0xFFFF, 0xFFFF, 0xFFFF,
  0xFFFF, 0xFFFF, 0xFFFF, 0xFFFF, 0xFFFF, 0xFFFF, 0xFFFF, 0xFFFF, 0xFFFF, 0xFFFF, 0xFFFF, 0xFFFF,
  0xFFFF, 0xFFFF, 0xFFFF, 0xFFFF, 0xFFFF, 0xFFFF, 0xFFFF, 0xFFFF, 0xFFFF, 0xFFFF, 0xFFFF, 0xFFFF,
  0xFFFF, 0xFFFF, 0xFFFF, 0xFFFF, 0xFFFF, 0xFFFF, 0xFFFF, 0xFFFF, 0xFFFF, 0xFFFF, 0xFFFF, 0xFFFF,
  0xFFFF, 0xFFFF, 0xFFFF, 0xFFFF, 0xFFFF, 0xFFFF, 0xFFFF, 0xFFFF, 0xFFFF, 0xFFFF, 0xFFFF, 0xFFFF,
  0xFFFF, 0xFFFF, 0xFFFF, 0xFFFF, 0xFFFF, 0xFFFF, 0xFFFF, 0xFFFF, 0xFFFF, 0xFFFF, 0xFFFF, 0xFFFF,
  0xFFFF, 0xFFFF, 0xFFFF, 0xFFFF, 0xFFFF, 0xFFFF, 0xFFFF, 0xFFFF, 0xFFFF, 0xFFFF, 0xFFFF, 0xFFFF,
  0xFFFF, 0xFFFF, 0xFFFF, 0xFFFF, 0xFFFF, 0xFFFF, 0xFFFF, 0xFFFF, 0xFFFF, 0xFFFF, 0xFFFF, 0xFFFF,
  0xFFFF, 0xFFFF, 0xFFFF, 0xFFFF, 0xFFFF, 0xFFFF, 0xFFFF, 0xFFFF, 0xFFFF, 0xFFFF, 0xFFFF, 0xFFFF,
  0xFFFF, 0xFFFF, 0xFFFF, 0xFFFF, 0xFFFF, 0xFFDF, 0xFFFF, 0xFFFF, 0xFFFF, 0xFFFF, 0xFFFF, 0xFFFF,
  0xFFFF, 0xFFFF, 0xFFFF, 0xFFFF, 0xFFFF, 0xFFFF, 0xFFFF, 0xFFFF, 0xFFFF, 0xFFDF, 0xFFDF, 0xFFDF,
  0xFFDF, 0xFFFF, 0xFFFF, 0xFFFF, 0xFFFF, 0xFFFF, 0xFFFF, 0xFFFF, 0xFFFF, 0xFFDF, 0xFFFF, 0xFFFF,
  0xFFFF, 0xFFDF, 0xFFDF, 0xFFFF, 0xFFFF, 0xFFFF, 0xFFFF, 0xFFFF, 0xFFFF, 0xFFFF, 0xFFDF, 0xFFDF,
  0xFFFF, 0xFFFF, 0xFFFF, 0xFFFF, 0xFFFF, 0xFFFF, 0xFFFF, 0xFFFF, 0xFFFF, 0xFFDF, 0xFFDF, 0xFFFF,
  0xFFFF, 0xFFFF, 0xFFFF, 0xFFFF, 0xFFFF, 0xFFFF, 0xFFFF, 0xFFFF, 0xFFDF, 0xFFDF, 0xFFFF, 0xFFFF,
  0xFFFF, 0xFFFF, 0xFFFF, 0xFFFF, 0xFFFF, 0xFFDF, 0xFFDF, 0xFFFF, 0xFFFF, 0xFFFF, 0xFFFF, 0xFFFF,
  0xFFFF, 0xFFDF, 0xFFDF, 0xFFDF, 0xFFFF, 0xFFFF, 0xFFFF, 0xFFFF, 0xFFFF, 0xFFFF, 0xFFFF, 0xFFFF,
  0xFFDF, 0xFFDF, 0xFFFF, 0xFFFF, 0xFFFF, 0xFFFF, 0xFFFF, 0xFFDF, 0xFFFF, 0xFFFF, 0xFFFF, 0xFFFF,
  0xFFFF, 0xFFFF, 0xFFFF, 0xFFFF, 0xFFFF, 0xFFFF, 0xFFDF, 0xFFDF, 0xFFFF, 0xFFFF, 0xFFFF, 0xFFFF,
  0xFFFF, 0xFFFF, 0xFFFF, 0xFFFF, 0xFFDF, 0xFFDF, 0xFFDF, 0xFFDF, 0xFFFF, 0xFFFF, 0xFFFF, 0xFFFF,
  0xFFFF, 0xFFFF, 0xFFFF, 0xFFFF, 0xFFFF, 0xFFFF, 0xFFFF, 0xFFFF, 0xFFFF, 0xFFFF, 0xFFFF, 0xFFFF,
  0xFFDF, 0xFFDF, 0xFFDF, 0xFFDF, 0xFFFF, 0xFFFF, 0xFFFF, 0xFFFF, 0xFFFF, 0xFFFF, 0xFFFF, 0xFFDF,
  0xFFFF, 0xFFFF, 0xFFFF, 0xFFFF, 0xFFFF, 0xFFFF, 0xFFFF, 0xFFFF, 0xFFDF, 0xFFFF, 0xFFFF, 0xFFFF,
  0xFFFF, 0xFFFF, 0xFFDF, 0xFFFF, 0xFFFF, 0xFFFF, 0xFFFF, 0xFFFF, 0xFFFF, 0xFFFF, 0xFFFF, 0xFFDF,
  0xFFDF, 0xFFDF, 0xFFFF, 0xFFFF, 0xFFFF, 0xFFFF, 0xFFFF, 0xFFFF, 0xFFFF, 0xFFDF, 0xFFDF, 0xFFDF,
  0xFFDF, 0xFFDF, 0xFFDF, 0xFFDF, 0xFFDF, 0xFFDF, 0xFFFF, 0xFFFF, 0xFFFF, 0xFFFF, 0xFFFF, 0xFFDF,
  0xFFFF, 0xFFFF, 0xFFFF, 0xFFFF, 0xFFFF, 0xFFFF, 0xFFDF, 0xFFDF, 0xFFFF, 0xFFFF, 0xFFFF, 0xFFFF,
  0xFFFF, 0xFFFF, 0xFFFF, 0xFFDF, 0xFFDF, 0xFFDF, 0xFFFF, 0xFFFF, 0xFFFF, 0xFFFF, 0xFFFF, 0xFFFF,
  0xFFFF, 0xFFFF, 0xFFFF, 0xFFFF, 0xFFFF, 0xFFFF, 0xFFFF, 0xFFFF, 0xFFFF, 0xFFFF, 0xFFFF, 0xFFDF,
  0xFFFF, 0xFFFF, 0xFFFF, 0xFFFF, 0xFFFF, 0xFFFF, 0xFFFF, 0xFFFF, 0xFFFF, 0xFFFF, 0xFFFF, 0xFFDF,
  0xFFFF, 0xFFFF, 0xFFFF, 0xFFFF, 0xFFFF, 0xFFFF, 0xFFFF, 0xFFFF, 0xFFFF, 0xFFFF, 0xFFFF, 0xFFFF,
  0xFFFF, 0xFFFF, 0xFFFF, 0xFFDF, 0xFFFF, 0xFFFF, 0xFFDF, 0xFFFF, 0xFFFF, 0xFFFF, 0xFFFF, 0xFFFF,
  0xFFFF, 0xFFDF, 0xFFFF, 0xFFFF, 0xFFFF, 0xFFFF, 0xFFDF, 0xFFFF, 0xFFFF, 0xFFFF, 0xFFFF, 0xFFFF,
  0xFFFF, 0xFFFF, 0xFFFF, 0xFFDF, 0xFFDF, 0xFFDF, 0xFFDF, 0xFFDF, 0xFFDF, 0xFFFF, 0xFFFF, 0xFFFF,
  0xFFFF, 0xFFDF, 0xFFFF, 0xFFFF, 0xFFFF, 0xFFFF, 0xFFFF, 0xFFFF, 0xFFFF, 0xFFFF, 0xFFFF, 0xFFFF,
  0xFFFF, 0xFFFF, 0xFFFF, 0xFFFF, 0xFFFF, 0xFFFF, 0xFFFF, 0xFFFF, 0xFFFF, 0xFFFF, 0xFFFF, 0xFFFF,
  0xFFFF, 0xFFFF, 0xFFFF, 0xFFFF, 0xFFFF, 0xFFFF, 0xFFFF, 0xFFFF, 0xFFFF, 0xFFFF, 0xFFFF, 0xFFFF,
  0xFFFF, 0xFFFF, 0xFFFF, 0xFFFF, 0xFFFF, 0xFFFF, 0xFFFF, 0xFFFF, 0xFFFF, 0xFFFF, 0xFFFF, 0xFFFF,
  0xFFFF, 0xFFFF, 0xFFFF, 0xFFFF, 0xFFFF, 0xFFFF, 0xFFFF, 0xFFFF, 0xFFFF, 0xFFFF, 0xFFDF, 0xFFFF,
  0xFFFF, 0xFFFF, 0xFFFF, 0xFFFF, 0xFFFF, 0xFFFF, 0xFFFF, 0xFFFF, 0xFFFF, 0xFFFF, 0xFFDF, 0xFFFF,
  0xFFFF, 0xFFDF, 0xFFFF, 0xFFFF, 0xFFFF, 0xFFFF, 0xFFFF, 0xFFFF, 0xFFFF, 0xFFDF, 0xFFDF, 0xFFFF,
  0xFFFF, 0xFFDF, 0xFFFF, 0xFFFF, 0xFFFF, 0xFFFF, 0xFFFF, 0xFFDF, 0xFFFF, 0xFFFF, 0xFFFF, 0xFFFF,
  0xFFFF, 0xFFFF, 0xFFFF, 0xFFFF, 0xFFFF, 0xFFFF, 0xFFFF, 0xFFFF, 0xFFFF, 0xFFFF, 0xFFFF, 0xFFFF,
  0xFFFF, 0xFFFF, 0xFFFF, 0xFFFF, 0xFFFF, 0xFFFF, 0xFFFF, 0xFFFF, 0xFFFF, 0xFFFF, 0xFFFF, 0xFFFF,
  0xFFFF, 0xFFFF, 0xFFFF, 0xFFFF, 0xFFFF, 0xFFFF, 0xFFFF, 0xFFDF, 0xFFDF, 0xFFFF, 0xFFFF, 0xFFFF,
  0xFFFF, 0xFFFF, 0xFFDF, 0xFFFF, 0xFFFF, 0xFFFF, 0xFFFF, 0xFFDF, 0xFFFF, 0xFFFF, 0xFFFF, 0xFFFF,
  0xFFFF, 0xFFFF, 0xFFDF, 0xFFFF, 0xFFFF, 0xFFFF, 0xFFFF, 0xFFFF, 0xFFFF, 0xFFFF, 0xFFFF, 0xFFFF,
  0xFFDF, 0xFFFF, 0xFFFF, 0xFFFF, 0xFFFF, 0xFFFF, 0xFFDF, 0xFFFF, 0xFFFF, 0xFFFF, 0xFFFF, 0xFFFF,
  0xFFFF, 0xFFDF, 0xFFFF, 0xFFFF, 0xFFFF, 0xFFFF, 0xFFFF, 0xFFFF, 0xFFFF, 0xFFFF, 0xFFFF, 0xFFFF,
  0xFFFF, 0xFFFF, 0xFFFF, 0xFFFF, 0xFFFF, 0xFFFF, 0xFFFF, 0xFFFF, 0xFFFF, 0xFFFF, 0xFFFF, 0xFFDF,
  0xFFFF, 0xFFFF, 0xFFFF, 0xFFFF, 0xFFFF, 0xFFFF, 0xFFDF, 0xFFFF, 0xFFFF, 0xFFDF, 0xFFFF, 0xFFFF,
  0xFFFF, 0xFFFF, 0xFFFF, 0xFFFF, 0xFFDF, 0xFFFF, 0xFFFF, 0xFFFF, 0xFFFF, 0xFFFF, 0xFFFF, 0xFFDF,
  0xFFFF, 0xFFFF, 0xFFFF, 0xFFFF, 0xFFFF, 0xFFFF, 0xFFFF, 0xFFFF, 0xFFFF, 0xFFFF, 0xFFFF, 0xFFFF,
  0xFFFF, 0xFFFF, 0xFFFF, 0xFFFF, 0xFFFF, 0xFFFF, 0xFFFF, 0xFFFF, 0xFFFF, 0xFFFF, 0xFFFF, 0xFFFF,
  0xFFFF, 0xFFFF, 0xFFFF, 0xFFFF, 0xFFDF, 0xFFFF, 0xFFFF, 0xFFFF, 0xFFFF, 0xFFFF, 0xFFFF, 0xFFFF,
  0xFFFF, 0xFFFF, 0xFFFF, 0xFFFF, 0xFFFF, 0xFFFF, 0xFFFF, 0xFFFF, 0xFFFF, 0xFFFF, 0xFFFF, 0xFFFF,
  0xFFFF, 0xFFFF, 0xFFFF, 0xFFFF, 0xFFFF, 0xFFFF, 0xFFFF, 0xFFFF, 0xFFFF, 0xFFFF, 0xFFFF, 0xFFFF,
  0xFFFF, 0xFFFF, 0xFFFF, 0xFFFF, 0xFFFF, 0xFFFF, 0xFFFF, 0xFFFF, 0xFFFF, 0xFFFF, 0xFFFF, 0xFFFF,
  0xFFFF, 0xFFFF, 0xFFFF, 0xFFFF, 0xFFFF, 0xFFFF, 0xFFFF, 0xFFFF, 0xFFFF, 0xFFFF, 0xFFFF, 0xFFFF,
  0xFFFF, 0xFFFF, 0xFFFF, 0xFFFF, 0xFFFF, 0xFFFF, 0xFFFF, 0xFFFF, 0xFFFF, 0xFFFF, 0xFFFF, 0xFFFF,
  0xFFFF, 0xFFFF, 0xFFFF, 0xFFFF, 0xFFFF, 0xFFFF, 0xFFFF, 0xFFFF, 0xFFFF, 0xFFFF, 0xFFFF, 0xFFFF,
  0xFFFF, 0xFFFF, 0xFFFF, 0xFFFF, 0xFFFF, 0xFFFF, 0xFFFF, 0xFFFF, 0xFFFF, 0xFFFF, 0xFFFF, 0xFFFF,
  0xFFFF, 0xFFFF, 0xFFFF, 0xFFFF, 0xFFFF, 0xFFFF, 0xFFFF, 0xFFFF, 0xFFFF, 0xFFFF, 0xFFFF, 0xFFFF,
  0xFFFF, 0xFFFF, 0xFFFF, 0xFFFF, 0xFFFF, 0xFFFF, 0xFFFF, 0xFFFF, 0xFFFF, 0xFFFF, 0xFFFF, 0xFFFF,
  0xFFFF, 0xFFFF, 0xFFFF, 0xFFFF, 0xFFFF, 0xFFFF, 0xFFFF, 0xFFFF, 0xFFFF, 0xFFFF, 0xFFFF, 0xFFFF,
  0xFFFF, 0xFFFF, 0xFFFF, 0xFFFF, 0xFFFF, 0xFFFF, 0xFFFF, 0xFFFF, 0xFFFF, 0xFFFF, 0xFFFF, 0xFFFF,
  0xFFFF, 0xFFFF, 0xFFFF, 0xFFFF, 0xFFFF, 0xFFFF, 0xFFFF, 0xFFFF, 0xFFFF, 0xFFFF, 0xFFFF, 0xFFFF,
  0xFFFF, 0xFFFF, 0xFFFF, 0xFFFF, 0xFFFF, 0xFFFF, 0xFFFF, 0xFFFF, 0xFFFF, 0xFFFF, 0xFFFF, 0xFFFF,
  0xFFFF, 0xFFFF, 0xFFFF, 0xFFFF, 0xFFFF, 0xFFFF, 0xFFFF, 0xFFFF, 0xFFFF, 0xFFFF, 0xFFFF, 0xFFFF,
  0xFFFF, 0xFFFF, 0xFFFF, 0xFFFF, 0xFFFF, 0xFFFF, 0xFFFF, 0xFFFF, 0xFFFF, 0xFFFF, 0xFFFF, 0xFFFF,
  0xFFFF, 0xFFFF, 0xFFFF, 0xFFFF, 0xFFFF, 0xFFFF, 0xFFFF, 0xFFDF, 0xFFFF, 0xFFFF, 0xFFFF, 0xFFFF,
  0xFFFF, 0xFFFF, 0xFFFF, 0xFFFF, 0xFFFF, 0xFFFF, 0xFFFF, 0xFFFF, 0xFFFF, 0xFFFF, 0xFFFF, 0xFFFF,
  0xFFFF, 0xFFFF, 0xFFFF, 0xFFFF, 0xFFFF, 0xFFFF, 0xFFFF, 0xFFFF, 0xFFFF, 0xFFFF, 0xFFFF, 0xFFFF,
  0xFFFF, 0xFFFF, 0xFFFF, 0xFFFF, 0xFFFF, 0xFFFF, 0xFFFF, 0xFFFF, 0xFFFF, 0xFFFF, 0xFFFF, 0xFFFF,
  0xFFFF, 0xFFFF, 0xFFFF, 0xFFFF, 0xFFFF, 0xFFFF, 0xD6BA, 0x8410, 0x528A, 0x528A, 0x7BCF, 0xC638,
  0xFFFF, 0xFFFF, 0xFFFF, 0xFFFF, 0xBDF7, 0x73AE, 0x7BCF, 0x6B6D, 0x6B4D, 0x632C, 0x6B4D, 0x5269,
  0xCE59, 0xFFFF, 0xFFFF, 0xFFFF, 0xFFFF, 0xF7BE, 0x6B6D, 0x632C, 0x632C, 0x6B6D, 0x738E, 0x6B4D,
  0x6B6D, 0x632C, 0xCE59, 0xFFFF, 0xB5B6, 0x73AE, 0x73AE, 0x6B6D, 0x738E, 0x738E, 0x73AE, 0x6B2C,
  0xDEDB, 0xFFFF, 0xFFFF, 0xFFFF, 0xE73C, 0x9CD2, 0x5ACB, 0x4A69, 0x630C, 0xAD55, 0xE73C, 0xF7BE,
  0xFFFF, 0xFFDF, 0xA514, 0x8430, 0xE73C, 0xFFFF, 0xFFFF, 0xFFFF, 0xE71C, 0x738E, 0x7BEF, 0xF7BE,
  0xFFFF, 0xF7BE, 0x7BEF, 0x632C, 0xB5B6, 0xFFFF, 0xFFDF, 0xFFFF, 0xF79E, 0x8C51, 0x8C71, 0xFFDF,
  0xFFFF, 0xFFFF, 0xFFFF, 0xF7BE, 0xA514, 0x5ACB, 0x4228, 0x5ACB, 0xA514, 0xF7BE, 0xFFFF, 0xFFFF,
  0xFFFF, 0xEF5D, 0x7BEF, 0x8C51, 0xF7BE, 0xFFFF, 0xFFFF, 0xFFFF, 0xFFFF, 0xFFFF, 0xFFFF, 0xFFFF,
  0xFFFF, 0xD69A, 0x8410, 0x4A49, 0x528A, 0x8C51, 0xD6BA, 0xFFFF, 0xFFFF, 0xFFFF, 0xFFFF, 0xFFFF,
  0xFFDF, 0xAD55, 0x632C, 0x528A, 0x52AA, 0x7BCF, 0xC638, 0xEF5D, 0xFFFF, 0xDEFB, 0x8410, 0x7BEF,
  0xD6BA, 0xFFFF, 0xFFFF, 0xF79E, 0x9471, 0x8410, 0xDEFB, 0xFFFF, 0xFFFF, 0xFFFF, 0xFFFF, 0xFFFF,
  0xFFFF, 0xFFFF, 0xAD75, 0x528A, 0x528A, 0x9CF3, 0xFFDF, 0xFFFF, 0xFFFF, 0xFFFF, 0xFFFF, 0xFFFF,
  0xFFFF, 0xFFFF, 0xFFFF, 0xFFFF, 0xF7BE, 0x7BEF, 0x632C, 0xCE79, 0xFFFF, 0xFFFF, 0xB596, 0x738E,
  0xAD55, 0xFFFF, 0xFFDF, 0xFFFF, 0xFFFF, 0xAD55, 0x7BCF, 0xDEFB, 0xFFFF, 0xFFFF, 0xAD75, 0x738E,
  0xA514, 0xFFFF, 0xFFFF, 0xFFFF, 0xFFFF, 0xAD75, 0x7BCF, 0xDEDB, 0xFFFF, 0xFFFF, 0xFFFF, 0xFFFF,
  0xBDD6, 0x6B4D, 0x4A49, 0x4A69, 0x8C51, 0xD6BA, 0xFFFF, 0xFFFF, 0xFFFF, 0xB596, 0x738E, 0x9CF3,
  0xFFFF, 0xFFFF, 0xFFFF, 0xFFFF, 0xAD55, 0x6B4D, 0xB5B6, 0xFFFF, 0xFFFF, 0xE71C, 0x73AE, 0x6B6D,
  0xE71C, 0xFFFF, 0xFFFF, 0xD69A, 0x4A49, 0x630C, 0x5AEB, 0x6B4D, 0x6B4D, 0x630C, 0x632C, 0x632C,
  0xEF5D, 0xFFFF, 0x9CD3, 0x738E, 0xD69A, 0xFFFF, 0xFFFF, 0xFFFF, 0xFFFF, 0xC638, 0x73AE, 0x4A69,
  0x5AAA, 0x8C51, 0xD69A, 0xFFFF, 0xFFFF, 0xFFFF, 0xFFFF, 0xBDF7, 0x7BEF, 0x9CD3, 0xFFFF, 0xFFFF,
  0xFFFF, 0xFFFF, 0xAD55, 0x6B6D, 0xCE59, 0xFFFF, 0xFFFF, 0xFFFF, 0xFFFF, 0xFFFF, 0xFFFF, 0xFFFF,
  0xFFDF, 0x7BAE, 0x0000, 0x0000, 0x31A6, 0x4A49, 0x10A2, 0x0000, 0x630C, 0xFFBE, 0xFFDF, 0xFFFF,
  0xA514, 0x0000, 0x1082, 0x2124, 0x2104, 0x2104, 0x2945, 0x2945, 0xCE59, 0xFFFF, 0xFFFF, 0xFFFF,
  0xFFFF, 0xF7BE, 0x2965, 0x2104, 0x2124, 0x0000, 0x0000, 0x18C3, 0x2945, 0x18C3, 0xB5B6, 0xFFFF,
  0x9492, 0x0000, 0x18E3, 0x39A7, 0x39C7, 0x31A6, 0x31A6, 0x2965, 0xD69A, 0xFFFF, 0xFFFF, 0xA514,
  0x0861, 0x0000, 0x39C7, 0x4A49, 0x2104, 0x0000, 0x18C2, 0xDEDB, 0xFFFF, 0xFFFF, 0x4228, 0x0000,
  0xE71C, 0xFFFF, 0xFFDF, 0xFFFF, 0xE71C, 0x0000, 0x3186, 0xFFFF, 0xFFFF, 0xFFFF, 0x2945, 0x0000,
  0x2104, 0xDEFB, 0xFFFF, 0xFFFF, 0xFFFF, 0x18E3, 0x2124, 0xFFFF, 0xFFFF, 0xFFFF, 0xCE59, 0x2124,
  0x0000, 0x18E3, 0x39E7, 0x18E3, 0x0000, 0x2945, 0xCE79, 0xFFFF, 0xFFFF, 0xEF5D, 0x0000, 0x2965,
  0xFFFF, 0xFFFF, 0xFFFF, 0xFFFF, 0xFFFF, 0xFFFF, 0xFFFF, 0xFFDF, 0x6B6D, 0x0000, 0x0000, 0x3186,
  0x3186, 0x0000, 0x0000, 0x73AE, 0xFFFF, 0xFFFF, 0xFFFF, 0xE71C, 0x31A6, 0x0000, 0x18C3, 0x4228,
  0x39E7, 0x1082, 0x0000, 0x8410, 0xFFFF, 0xFFDF, 0x738E, 0x0000, 0x8C51, 0xFFFF, 0xFFFF, 0xC618,
  0x0000, 0x632C, 0xFFDF, 0xFFFF, 0xFFFF, 0xFFFF, 0xFFFF, 0xFFFF, 0xFFFF, 0x8C71, 0x0000, 0x5ACB,
  0x5ACB, 0x0000, 0x8410, 0xFFFF, 0xFFDF, 0xFFFF, 0xFFFF, 0xFFFF, 0xFFFF, 0xFFFF, 0xFFFF, 0xFFFF,
  0xFFFF, 0x3186, 0x0000, 0xDEDB, 0xFFFF, 0xFFFF, 0x7BCF, 0x0000, 0x0841, 0xB596, 0xFFFF, 0xF7BE,
  0xFFFF, 0x630C, 0x0000, 0xDEDB, 0xFFFF, 0xFFFF, 0x7BCF, 0x0000, 0x0020, 0xAD75, 0xFFFF, 0xF7BE,
  0xFFFF, 0x6B6D, 0x0000, 0xD6BA, 0xFFFF, 0xFFFF, 0xF7BE, 0x5ACB, 0x0000, 0x0020, 0x31A6, 0x2965,
  0x0000, 0x0000, 0x8430, 0xFFFF, 0xFFFF, 0xBDF7, 0x0000, 0x2124, 0xFFDF, 0xFFFF, 0xFFFF, 0xFFDF,
  0x2965, 0x0000, 0xDEDB, 0xFFFF, 0xFFFF, 0xBDF7, 0x0000, 0x0000, 0xC638, 0xFFFF, 0xFFFF, 0xCE79,
  0x1082, 0x2124, 0x2104, 0x0000, 0x0000, 0x2103, 0x2104, 0x18E3, 0xDEDB, 0xFFFF, 0x5AEB, 0x0000,
  0xD6BA, 0xFFFF, 0xFFFF, 0xF79E, 0x5ACB, 0x0000, 0x0000, 0x31A6, 0x31A6, 0x0000, 0x0000, 0x7BEF,
  0xFFFF, 0xFFDF, 0xFFFF, 0x94B2, 0x0000, 0x0000, 0x94B2, 0xFFFF, 0xF7BE, 0xFFFF, 0x7BCF, 0x0000,
  0xCE79, 0xFFFF, 0xFFFF, 0xFFFF, 0xFFFF, 0xFFFF, 0xFFFF, 0xFFFF, 0x8C51, 0x0000, 0x4208, 0xDEDB,
  0xFFFF, 0xFFFF, 0xEF7D, 0x630C, 0x0000, 0x73AE, 0xFFFF, 0xFFFF, 0xAD55, 0x0020, 0xA514, 0xFFFF,
  0xFFFF, 0xFFFF, 0xFFFF, 0xFFFF, 0xF7BE, 0xFFFF, 0xFFFF, 0xFFFF, 0xFFFF, 0xFFDF, 0xE73C, 0xFFFF,
  0xFFFF, 0x528A, 0x0000, 0xD69A, 0xFFFF, 0xF7BE, 0xEF7D, 0xFFFF, 0x9CF3, 0x0020, 0xA534, 0xFFFF,
  0xFFFF, 0xFFFF, 0xFFFF, 0xF7BE, 0xF79E, 0xFFFF, 0xC638, 0x0000, 0x2124, 0xCE79, 0xFFFF, 0xFFFF,
  0xFFFF, 0xA534, 0x8410, 0xFFFF, 0xFFDF, 0xFFFF, 0x4A49, 0x0841, 0xF79E, 0xFFFF, 0xFFFF, 0xFFFF,
  0xF7BE, 0x0861, 0x4208, 0xFFFF, 0xFFFF, 0xFFFF, 0x39C7, 0x0020, 0x0000, 0x2965, 0xEF5D, 0xFFFF,
  0xFFFF, 0x2945, 0x3186, 0xFFFF, 0xFFFF, 0xEF5D, 0x18E3, 0x0000, 0xA534, 0xFFDF, 0xFFFF, 0xFFFF,
  0xAD55, 0x0000, 0x2104, 0xEF5D, 0xFFFF, 0xEF5D, 0x0861, 0x39E7, 0xFFFF, 0xFFFF, 0xFFFF, 0xFFFF,
  0xFFFF, 0xFFFF, 0xFFFF, 0x8410, 0x0000, 0x4A49, 0xDEFB, 0xFFFF, 0xFFFF, 0xDEFB, 0x39E7, 0x0000,
  0x94B2, 0xFFFF, 0xFFFF, 0x4A69, 0x0000, 0x8410, 0xFFDF, 0xFFFF, 0xFFFF, 0xEF7D, 0x73AE, 0xD69A,
  0xFFFF, 0xFFFF, 0xFFDF, 0x41E8, 0x0841, 0xD69A, 0xFFFF, 0x2104, 0x2965, 0xFFDF, 0xFFFF, 0xFFFF,
  0xFFFF, 0xFFFF, 0xFFFF, 0xFFFF, 0xFFFF, 0x4228, 0x2124, 0xFFFF, 0xFFFF, 0x31A6, 0x3186, 0xFFFF,
  0xFFFF, 0xFFDF, 0xFFFF, 0xFFFF, 0xFFFF, 0xFFFF, 0xFFFF, 0xFFFF, 0xFFFF, 0x4228, 0x0020, 0xE71C,
  0xFFFF, 0xFFFF, 0x8410, 0x0020, 0x0000, 0x0820, 0xBDD7, 0xFFFF, 0xFFFF, 0x6B6D, 0x0020, 0xDEDB,
  0xFFFF, 0xFFFF, 0x8410, 0x0020, 0x0000, 0x0000, 0xB596, 0xFFFF, 0xFFFF, 0x73AE, 0x0020, 0xDEDB,
  0xFFFF, 0xFFFF, 0x6B4D, 0x0000, 0x630C, 0xE73C, 0xFFFF, 0xFFFF, 0xCE79, 0x2945, 0x0000, 0xAD75,
  0xFFFF, 0xFFFF, 0x528A, 0x0000, 0xAD75, 0xFFFF, 0xFFFF, 0xB596, 0x0000, 0x738E, 0xFFFF, 0xFFDF,
  0xFFFF, 0x4A49, 0x0861, 0x0020, 0x4A49, 0xFFFF, 0xFFFF, 0xF79E, 0xEF7D, 0xFFFF, 0xF7BE, 0x10A2,
  0x2945, 0xFFFF, 0xFFFF, 0xEF5D, 0xEF7D, 0xFFFF, 0x632C, 0x0020, 0xD6BA, 0xFFFF, 0xFFFF, 0x6B4D,
  0x0000, 0x52AA, 0xE71C, 0xFFFF, 0xFFFF, 0xDEDB, 0x39C7, 0x0000, 0xA514, 0xFFFF, 0xFFFF, 0x94B2,
  0x0020, 0x0841, 0x0000, 0xAD55, 0xFFFF, 0xFFFF, 0x8410, 0x0020, 0xD69A, 0xFFFF, 0xFFFF, 0xFFFF,
  0xFFFF, 0xFFFF, 0xFFFF, 0xFFDF, 0x2124, 0x1082, 0xE71C, 0xFFFF, 0xFFDF, 0xFFDF, 0xFFFF, 0xFFFF,
  0x2104, 0x0841, 0xEF5D, 0xFFFF, 0xA534, 0x0000, 0x738E, 0xBDD7, 0xB5B6, 0xAD75, 0xBDD7, 0xFFFF,
  0xFFFF, 0xFFFF, 0xFFFF, 0xFFFF, 0xFFFF, 0xFFFF, 0xFFFF, 0xFFFF, 0xFFFF, 0x528A, 0x0000, 0xD6BA,
  0xFFFF, 0xFFFF, 0xFFFF, 0xFFFF, 0x9CF3, 0x0000, 0x6B4D, 0xB5B6, 0xB5B6, 0xA514, 0xC618, 0xFFFF,
  0xFFDF, 0xFFFF, 0x6B4D, 0x0000, 0xBDF7, 0xFFFF, 0xFFDF, 0xFFFF, 0xFFFF, 0xFFFF, 0xFFFF, 0xFFFF,
  0xFFFF, 0xFFFF, 0x4A49, 0x0000, 0x94B2, 0xAD55, 0xA534, 0xAD55, 0x94B2, 0x0020, 0x4208, 0xFFFF,
  0xFFFF, 0xFFFF, 0x3186, 0x2965, 0x8430, 0x0000, 0x39E7, 0xF79E, 0xFFFF, 0x18E3, 0x3186, 0xFFFF,
  0xFFFF, 0x9CD3, 0x0000, 0x7BCF, 0xFFFF, 0xFFFF, 0xFFFF, 0xFFFF, 0xFFFF, 0x7BEF, 0x0000, 0xA514,
  0xFFFF, 0xE73C, 0x0841, 0x39C7, 0xFFFF, 0xFFFF, 0xFFFF, 0xFFFF, 0xFFFF, 0xFFFF, 0xF79E, 0x18C3,
  0x10A2, 0xEF7D, 0xFFFF, 0xFFFF, 0xFFFF, 0xFFFF, 0xE71C, 0x0861, 0x3186, 0xFFFF, 0xDEDB, 0x0000,
  0x31A6, 0xFFFF, 0xFFFF, 0xFFDF, 0xFFFF, 0xFFFF, 0xFFFF, 0xFFFF, 0xFFFF, 0xFFDF, 0xFFFF, 0xDEDB,
  0x1082, 0x31A6, 0x632C, 0x0000, 0xD69A, 0xFFFF, 0xFFFF, 0xFFFF, 0xFFFF, 0xFFFF, 0xFFFF, 0xFFFF,
  0xFFFF, 0xAD75, 0x0000, 0x4A69, 0x630C, 0x0861, 0xA514, 0xF7BE, 0x738E, 0xC618, 0xFFFF, 0xFFFF,
  0xFFFF, 0xFFFF, 0xFFFF, 0xFFFF, 0xFFFF, 0x4208, 0x0000, 0xDEFB, 0xFFFF, 0xFFFF, 0x7BEF, 0x0000,
  0x738E, 0x0020, 0x0861, 0xC638, 0xFFFF, 0x632C, 0x0000, 0xDEDB, 0xFFFF, 0xFFFF, 0x7BEF, 0x0000,
  0x8410, 0x0861, 0x0841, 0xBDF7, 0xFFFF, 0x73AE, 0x0000, 0xD6BA, 0xFFFF, 0xE71C, 0x0020, 0x2945,
  0xFFFF, 0xFFFF, 0xFFFF, 0xFFFF, 0xFFFF, 0xCE59, 0x0020, 0x4A49, 0xFFFF, 0xFFFF, 0xC618, 0x0000,
  0x31A6, 0xFFFF, 0xFFFF, 0x39C7, 0x0020, 0xDEFB, 0xFFFF, 0xFFFF, 0xCE59, 0x0000, 0x9CD3, 0x52AA,
  0x0000, 0xC638, 0xFFFF, 0xFFFF, 0xFFFF, 0xFFFF, 0xF7BE, 0x10A2, 0x2124, 0xFFFF, 0xFFFF, 0xFFFF,
  0xFFFF, 0xFFFF, 0x630C, 0x0000, 0xD69A, 0xFFFF, 0xE73C, 0x0841, 0x18E3, 0xF79E, 0xFFFF, 0xFFFF,
  0xFFFF, 0xFFFF, 0xDEDB, 0x0841, 0x39C7, 0xFFFF, 0xFFFF, 0x94B2, 0x0000, 0x8430, 0x2104, 0x0020,
  0xAD75, 0xFFFF, 0x7BEF, 0x0000, 0xCE79, 0xFFFF, 0xFFFF, 0xFFFF, 0xFFFF, 0xFFFF, 0xFFFF, 0xEF5D,
  0x0861, 0x3186, 0xFFFF, 0xFFDF, 0xFFFF, 0xFFFF, 0xFFDF, 0xFFFF, 0x4228, 0x0000, 0xDEDB, 0xFFFF,
  0x9CF3, 0x0000, 0x0000, 0x0000, 0x0020, 0x0000, 0x738E, 0xFFFF, 0xFFDF, 0xFFFF, 0xFFFF, 0xFFFF,
  0xFFFF, 0xFFFF, 0xFFFF, 0xFFFF, 0xFFFF, 0x4A69, 0x0000, 0xD6BA, 0xFFFF, 0xFFFF, 0xFFDF, 0xFFFF,
  0x9CD3, 0x0000, 0x0020, 0x0020, 0x0861, 0x0000, 0x94B2, 0xFFFF, 0xF7BE, 0xFFFF, 0x4A49, 0x0000,
  0xE73C, 0xFFDF, 0xFFFF, 0xFFFF, 0xFFFF, 0xFFDF, 0xFFFF, 0xFFFF, 0xFFFF, 0xFFFF, 0x4A49, 0x0000,
  0x0000, 0x0000, 0x0000, 0x0000, 0x0000, 0x0000, 0x4208, 0xFFFF, 0xFFFF, 0xFFFF, 0x2965, 0x2124,
  0xFFFF, 0x6B4D, 0x0000, 0x4A49, 0xF79E, 0x18E3, 0x3186, 0xFFFF, 0xFFFF, 0x7BEF, 0x0000, 0xB5B6,
  0xFFDF, 0xFFDF, 0xFFFF, 0xFFDF, 0xFFDF, 0xB596, 0x0000, 0x8430, 0xFFFF, 0xE71C, 0x0840, 0x39C7,
  0xFFFF, 0xFFFF, 0xFFFF, 0xFFFF, 0xFFFF, 0xFFFF, 0xDEFB, 0x0000, 0x39C7, 0xFFFF, 0xFFDF, 0xFFFF,
  0xFFFF, 0xFFDF, 0xFFDF, 0x2104, 0x1082, 0xFFFF, 0xC638, 0x0000, 0x632C, 0xFFFF, 0xFFFF, 0xC618,
  0x528A, 0x632C, 0x738E, 0x7BEF, 0xE71C, 0xFFFF, 0xFFDF, 0xFFFF, 0xA514, 0x0000, 0x0000, 0x8C71,
  0xFFFF, 0xFFDF, 0xFFFF, 0xFFFF, 0xFFFF, 0xFFFF, 0xFFFF, 0xFFFF, 0xDEDB, 0x3186, 0x18E3, 0x632C,
  0x39C7, 0x0000, 0xAD55, 0x4A69, 0x0000, 0xBDD7, 0xFFFF, 0xFFFF, 0xFFFF, 0xFFFF, 0xFFFF, 0xFFFF,
  0xFFFF, 0x4208, 0x0000, 0xDEFB, 0xFFFF, 0xFFFF, 0x8410, 0x0000, 0xDEFB, 0xAD55, 0x0000, 0x10A2,
  0xD69A, 0x6B6D, 0x0000, 0xD6BA, 0xFFFF, 0xFFFF, 0x7BEF, 0x0000, 0xE71C, 0xB596, 0x0000, 0x1082,
  0xDEDB, 0x8430, 0x0000, 0xD6BA, 0xFFFF, 0xCE59, 0x0000, 0x4A69, 0xFFFF, 0xFFDF, 0xFFFF, 0xFFFF,
  0xFFDF, 0xF79E, 0x0861, 0x3186, 0xFFFF, 0xFFFF, 0xFFFF, 0x39E7, 0x0000, 0xD69A, 0xCE79, 0x0000,
  0x5AEB, 0xFFFF, 0xFFDF, 0xFFFF, 0x4A49, 0x2124, 0xFFFF, 0xD6BA, 0x0841, 0x4228, 0xFFFF, 0xFFFF,
  0xFFFF, 0xFFFF, 0xF7BE, 0x10A2, 0x2945, 0xFFFF, 0xFFFF, 0xFFFF, 0xFFDF, 0xFFFF, 0x630C, 0x0000,
  0xCE79, 0xFFFF, 0xD6BA, 0x0000, 0x4208, 0xFFFF, 0xFFDF, 0xFFFF, 0xFFFF, 0xFFDF, 0xF7BE, 0x18C3,
  0x18C3, 0xEF7D, 0xFFFF, 0x9CD3, 0x0000, 0xCE59, 0xD69A, 0x0861, 0x0841, 0xCE59, 0x8C71, 0x0000,
  0xCE79, 0xFFFF, 0xFFFF, 0xFFFF, 0xFFFF, 0xFFFF, 0xFFFF, 0xFFDF, 0x2945, 0x1082, 0xE73C, 0xFFFF,
  0xFFFF, 0xFFFF, 0xFFFF, 0xEF7D, 0x18C3, 0x1082, 0xEF5D, 0xFFFF, 0x9CF3, 0x0000, 0x7BCF, 0xD6BA,
  0xDEDB, 0xD69A, 0xD6BA, 0xFFFF, 0xFFFF, 0xFFFF, 0xFFFF, 0xFFFF, 0xFFFF, 0xFFFF, 0xFFFF, 0xFFFF,
  0xFFFF, 0x4A69, 0x0000, 0xDEDA, 0xFFFF, 0xFFFF, 0xFFDF, 0xFFFF, 0x9CF3, 0x0000, 0x8C51, 0xE73C,
  0xE71C, 0xD69A, 0xDEDB, 0xFFFF, 0xFFFF, 0xFFFF, 0x5AEB, 0x0000, 0xBDD7, 0xFFFF, 0xFFFF, 0xFFFF,
  0xFFFF, 0xFFFF, 0xF79E, 0xFFFF, 0xFFFF, 0xFFFF, 0x4228, 0x0000, 0xBDF7, 0xD6BA, 0xD69A, 0xD6BA,
  0xBDD7, 0x0000, 0x39E7, 0xFFFF, 0xFFFF, 0xFFFF, 0x2945, 0x2104, 0xFFFF, 0xFFDF, 0x630C, 0x0000,
  0x4A49, 0x18C3, 0x31A6, 0xFFFF, 0xFFFF, 0x9CF3, 0x0000, 0x8430, 0xFFFF, 0xFFFF, 0xFFFF, 0xFFFF,
  0xFFFF, 0x738E, 0x0000, 0xAD55, 0xFFFF, 0xE71C, 0x0020, 0x39C7, 0xFFFF, 0xFFFF, 0xFFFF, 0xFFFF,
  0xFFFF, 0xFFFF, 0xF7BE, 0x18E3, 0x10A2, 0xEF7D, 0xFFFF, 0xFFFF, 0xFFFF, 0xFFFF, 0xDEDB, 0x0841,
  0x2124, 0xFFFF, 0xDEDB, 0x0000, 0x4208, 0xFFFF, 0xFFFF, 0xBDF7, 0x4A69, 0x6B6D, 0x1082, 0x10A2,
  0xF7BE, 0xFFFF, 0xFFFF, 0xFFFF, 0xFFDF, 0x18E3, 0x1082, 0xF7BE, 0xFFFF, 0xFFFF, 0xFFFF, 0xFFFF,
  0xFFFF, 0xFFFF, 0xFFFF, 0xFFFF, 0x630C, 0x0000, 0xD6BA, 0xFFFF, 0xFFFF, 0x39C7, 0x0000, 0x18E3,
  0xAD55, 0xEF5D, 0xFFFF, 0xFFFF, 0xFFFF, 0xFFFF, 0xFFFF, 0xFFFF, 0xFFFF, 0x4208, 0x0000, 0xE71C,
  0xFFFF, 0xFFFF, 0x8410, 0x0000, 0xCE79, 0xFFFF, 0x9CD3, 0x0000, 0x2104, 0x3186, 0x0000, 0xD6BA,
  0xFFFF, 0xFFFF, 0x7BCF, 0x0000, 0xCE79, 0xFFFF, 0x94B2, 0x0000, 0x2945, 0x528A, 0x0000, 0xD6BA,
  0xFFFF, 0xDEFB, 0x0020, 0x2104, 0xFFDF, 0xFFFF, 0xFFFF, 0xFFFF, 0xFFFF, 0xC638, 0x0000, 0x528A,
  0xFFFF, 0xFFDF, 0xFFFF, 0xB596, 0x0000, 0x5ACA, 0x52AA, 0x0000, 0xCE79, 0xFFFF, 0xFFFF, 0xD69A,
  0x0000, 0x18C3, 0x4A69, 0x4228, 0x0000, 0x0000, 0xC618, 0xFFFF, 0xFFDF, 0xFFFF, 0xF7BE, 0x10A2,
  0x2945, 0xFFFF, 0xFFFF, 0xFFFF, 0xFFFF, 0xFFFF, 0x630C, 0x0000, 0xD69A, 0xFFFF, 0xEF7D, 0x1082,
  0x18C3, 0xF79E, 0xFFFF, 0xFFFF, 0xFFFF, 0xFFFF, 0xD69A, 0x0020, 0x3186, 0xFFDF, 0xFFFF, 0x9CD3,
  0x0000, 0xBDD7, 0xFFFF, 0xB596, 0x0000, 0x18E3, 0x4A49, 0x0000, 0xCE59, 0xFFFF, 0xFFFF, 0xFFFF,
  0xFFFF, 0xFFFF, 0xFFFF, 0xFFFF, 0x9492, 0x0000, 0x4A69, 0xE73C, 0xFFFF, 0xFFFF, 0xE71C, 0x4228,
  0x0000, 0x6B6D, 0xFFFF, 0xFFFF, 0xA514, 0x0000, 0xA534, 0xFFFF, 0xFFFF, 0xFFFF, 0xFFFF, 0xFFFF,
  0xFFFF, 0xFFFF, 0xFFFF, 0xFFFF, 0xFFFF, 0xFFFF, 0xFFFF, 0xFFFF, 0xFFFF, 0x4A69, 0x0000, 0xD6BA,
  0xFFFF, 0xFFFF, 0xFFDF, 0xFFFF, 0xA514, 0x0000, 0xA514, 0xFFFF, 0xFFFF, 0xFFFF, 0xFFFF, 0xFFDF,
  0xEF7D, 0xFFFF, 0xB5B6, 0x0000, 0x2124, 0xCE59, 0xFFFF, 0xFFFF, 0xF7BE, 0x8C51, 0x2124, 0xE71C,
  0xFFFF, 0xFFFF, 0x4A49, 0x0020, 0xEF5D, 0xFFFF, 0xFFFF, 0xFFFF, 0xEF7D, 0x0020, 0x39E7, 0xFFFF,
  0xFFFF, 0xFFFF, 0x2965, 0x2945, 0xFFFF, 0xFFFF, 0xFFFF, 0x528A, 0x0000, 0x0000, 0x39E7, 0xFFFF,
  0xFFFF, 0xE73C, 0x10A2, 0x0020, 0xAD55, 0xFFFF, 0xFFFF, 0xF7BE, 0x94B2, 0x0000, 0x2124, 0xF79E,
  0xFFFF, 0xE71C, 0x0841, 0x39C7, 0xFFFF, 0xFFDF, 0xFFFF, 0xFFFF, 0xFFDF, 0xDEFB, 0xFFFF, 0x8C71,
  0x0000, 0x4A69, 0xE71C, 0xFFFF, 0xFFFF, 0xD6DB, 0x39C7, 0x0000, 0x8C71, 0xFFFF, 0xFFDF, 0x41E7,
  0x0000, 0x8C51, 0xFFFF, 0xFFFF, 0xFFFF, 0xFFFF, 0x4228, 0x10A2, 0xFFDF, 0xFFFF, 0xFFFF, 0xFFFF,
  0xFFDF, 0x2104, 0x10A2, 0xF79E, 0xFFFF, 0xFFFF, 0xFFFF, 0xFFFF, 0xFFFF, 0xFFFF, 0xFFFF, 0xFFFF,
  0x4A69, 0x0000, 0xCE59, 0xFFFF, 0xFFFF, 0x5AAA, 0x0000, 0x4A49, 0xFFFF, 0xF79E, 0xFFFF, 0xFFFF,
  0xFFFF, 0xFFFF, 0xFFFF, 0xFFFF, 0xFFFF, 0x4228, 0x0020, 0xE73C, 0xFFFF, 0xFFFF, 0x8430, 0x0000,
  0xD69A, 0xFFFF, 0xFFFF, 0x7BEF, 0x0000, 0x0000, 0x0841, 0xDEDB, 0xFFFF, 0xFFFF, 0x7BEF, 0x0000,
  0xD6BA, 0xFFFF, 0xFFFF, 0x7BEF, 0x0000, 0x0020, 0x0861, 0xD69A, 0xFFFF, 0xFFFF, 0x62EB, 0x0000,
  0x630C, 0xEF5D, 0xFFFF, 0xFFFF, 0xCE59, 0x2124, 0x0000, 0xBDD7, 0xFFFF, 0xFFFF, 0xFFFF, 0xFFDF,
  0x3186, 0x0000, 0x0000, 0x4228, 0xFFFF, 0xFFFF, 0xFFFF, 0x5AEB, 0x0841, 0x6B6D, 0x632C, 0x6B6D,
  0x630C, 0x0000, 0x4228, 0xFFFF, 0xFFFF, 0xFFFF, 0xF7BE, 0x18C3, 0x2965, 0xFFFF, 0xFFFF, 0xFFFF,
  0xFFFF, 0xFFFF, 0x632C, 0x0000, 0xD69A, 0xFFFF, 0xFFFF, 0x7BEF, 0x0000, 0x52AA, 0xEF3C, 0xFFFF,
  0xFFFF, 0xD69A, 0x3186, 0x0000, 0x9CF3, 0xFFFF, 0xFFFF, 0x9CD3, 0x0000, 0xBDF7, 0xFFFF, 0xFFFF,
  0xA514, 0x0000, 0x0000, 0x0841, 0xCE79, 0xFFFF, 0xFFFF, 0xFFFF, 0xFFFF, 0xFFFF, 0xFFFF, 0xFFFF,
  0xFFFF, 0x8C51, 0x0841, 0x0861, 0x39C7, 0x31A6, 0x0841, 0x0000, 0x630C, 0xF79E, 0xFFDF, 0xFFFF,
  0x9CF3, 0x0000, 0x94B2, 0xFFFF, 0xFFDF, 0xFFFF, 0xFFFF, 0xFFFF, 0xFFFF, 0xFFFF, 0xFFFF, 0xFFFF,
  0xFFFF, 0xFFFF, 0xFFFF, 0xFFFF, 0xFFFF, 0x4208, 0x0000, 0xCE79, 0xFFFF, 0xFFFF, 0xFFDF, 0xFFFF,
  0x94B2, 0x0000, 0x10A2, 0x2104, 0x2124, 0x2124, 0x2965, 0x2104, 0xC618, 0xFFFF, 0xFFFF, 0x8C51,
  0x0000, 0x0000, 0x2124, 0x3186, 0x10A2, 0x0000, 0x4228, 0xD6BA, 0xFFFF, 0xFFFF, 0x31C6, 0x0000,
  0xDEFB, 0xFFFF, 0xFFDF, 0xFFFF, 0xE71C, 0x0000, 0x2965, 0xFFFF, 0xFFFF, 0xFFFF, 0x2104, 0x18E3,
  0xFFFF, 0xFFFF, 0xFFFF, 0xF7BE, 0x4228, 0x0000, 0x2965, 0xFFFF, 0xFFFF, 0xFFFF, 0xC618, 0x2104,
  0x0000, 0x2104, 0x31A6, 0x18A3, 0x0000, 0x3186, 0xD6BA, 0xFFFF, 0xFFFF, 0xDEDB, 0x0000, 0x0000,
  0x18E3, 0x18E3, 0x18E3, 0x2104, 0x10A2, 0x738E, 0xFFFF, 0xFFFF, 0x73AE, 0x0000, 0x0020, 0x3165,
  0x2945, 0x0000, 0x0000, 0x73AE, 0xFFFF, 0xFFFF, 0xFFFF, 0xE71C, 0x39E7, 0x0000, 0x2104, 0x4A69,
  0x4A49, 0x18E3, 0x0020, 0x4A49, 0xEF7D, 0xFFFF, 0xFFFF, 0xFFFF, 0xF7BE, 0x1082, 0x0020, 0xF79D,
  0xFFFF, 0xFFFF, 0xFFFF, 0xFFFF, 0xFFFF, 0xFFFF, 0xFFFF, 0xFFFF, 0xBDF7, 0x0820, 0x0000, 0x4A69,
  0x31A6, 0x1082, 0x4208, 0x0000, 0x0861, 0xB5B6, 0xFFFF, 0xFFFF, 0xFFFF, 0xFFFF, 0xFFFF, 0xFFFF,
  0xFFFF, 0x39C7, 0x0000, 0xE71C, 0xFFFF, 0xFFFF, 0x73AE, 0x0000, 0xCE79, 0xFFFF, 0xFFDF, 0xFFFF,
  0x6B4D, 0x0000, 0x0000, 0xD6BA, 0xFFFF, 0xFFFF, 0x738E, 0x0000, 0xD69A, 0xFFFF, 0xFFDF, 0xFFFF,
  0x73AE, 0x0000, 0x0000, 0xD69A, 0xFFFF, 0xFFFF, 0xF79E, 0x528A, 0x0000, 0x0841, 0x2965, 0x2124,
  0x0000, 0x0861, 0x9CF3, 0xFFFF, 0xFFFF, 0xFFFF, 0xFFDF, 0xFFFF, 0x9CF3, 0x0000, 0x0000, 0xB5B6,
  0xFFFF, 0xFFFF, 0xD69A, 0x0000, 0x7BCF, 0xFFFF, 0xFFFF, 0xFFFF, 0xFFFF, 0x39C7, 0x0000, 0xB5B6,
  0xFFFF, 0xFFFF, 0xF7BE, 0x0861, 0x18E3, 0xFFFF, 0xFFFF, 0xFFFF, 0xFFFF, 0xFFFF, 0x52AA, 0x0000,
  0xCE79, 0xFFFF, 0xFFFF, 0xFFDF, 0x6B4D, 0x0000, 0x0861, 0x31A6, 0x2965, 0x0000, 0x0020, 0x8C51,
  0xFFFF, 0xFFDF, 0xFFFF, 0x9492, 0x0000, 0xBDD7, 0xFFFF, 0xFFDF, 0xFFFF, 0x94B2, 0x0000, 0x0000,
  0xCE59, 0xFFFF, 0xFFFF, 0xFFFF, 0xFFFF, 0xFFFF, 0xFFFF, 0xFFFF, 0xFFFF, 0xFFFF, 0xDEDB, 0x83EF,
  0x4A49, 0x4A49, 0x738E, 0xC638, 0xFFFF, 0xFFFF, 0xFFFF, 0xFFFF, 0xAD75, 0x5AEB, 0xA514, 0xFFFF,
  0xFFFF, 0xFFFF, 0xFFFF, 0xFFFF, 0xFFFF, 0xFFFF, 0xFFFF, 0xFFFF, 0xFFFF, 0xFFFF, 0xFFFF, 0xFFFF,
  0xF7BE, 0x8410, 0x630C, 0xCE59, 0xFFFF, 0xFFFF, 0xFFFF, 0xFFFF, 0xAD75, 0x632C, 0x6B4D, 0x630C,
  0x5AEB, 0x5ACB, 0x5AEB, 0x52AA, 0xCE59, 0xFFFF, 0xFFDF, 0xFFFF, 0xCE79, 0x7BCF, 0x4228, 0x4208,
  0x6B4D, 0xC638, 0xFFFF, 0xFFFF, 0xFFFF, 0xF79E, 0x738E, 0x5ACB, 0xDEDB, 0xFFFF, 0xFFFF, 0xFFFF,
  0xD6BA, 0x5AEB, 0x738E, 0xF7BE, 0xFFFF, 0xF79E, 0x7BCF, 0x738E, 0xEF5D, 0xFFFF, 0xFFDF, 0xFFFF,
  0xCE79, 0x630C, 0x73AE, 0xF79E, 0xFFFF, 0xFFFF, 0xFFFF, 0xEF7D, 0x94B2, 0x528A, 0x4208, 0x5ACB,
  0x9CD3, 0xF7BE, 0xFFFF, 0xFFDF, 0xFFFF, 0xCE79, 0x6B4D, 0x6B4D, 0x630C, 0x5AEB, 0x630C, 0x632C,
  0x5ACB, 0x9492, 0xFFFF, 0xFFFF, 0xFFFF, 0xCE59, 0x738E, 0x39E7, 0x39E7, 0x738E, 0xCE59, 0xFFFF,
  0xFFFF, 0xFFFF, 0xFFFF, 0xFFFF, 0xFFDF, 0xA514, 0x5ACB, 0x39E7, 0x4208, 0x6B6D, 0xC618, 0xFFFF,
  0xFFFF, 0xFFFF, 0xFFFF, 0xFFFF, 0xE73C, 0x6B6D, 0x6B6D, 0xE73C, 0xFFFF, 0xFFFF, 0xFFFF, 0xFFFF,
  0xFFFF, 0xFFFF, 0xFFFF, 0xFFFF, 0xFFFF, 0xBDF7, 0x630C, 0x4A49, 0x6B4D, 0xD69A, 0xFFFF, 0x8C71,
  0x4A69, 0xC618, 0xFFFF, 0xFFFF, 0xFFFF, 0xFFFF, 0xFFFF, 0xFFFF, 0xF7BE, 0x8410, 0x6B4D, 0xDEDB,
  0xFFFF, 0xFFFF, 0x9492, 0x630C, 0xCE59, 0xFFFF, 0xFFDF, 0xFFFF, 0xEF5D, 0x632C, 0x5ACB, 0xC638,
  0xFFFF, 0xFFFF, 0x9492, 0x630C, 0xD69A, 0xFFFF, 0xFFDF, 0xFFFF, 0xEF7D, 0x6B6D, 0x632C, 0xD69A,
  0xFFFF, 0xFFDF, 0xFFFF, 0xFFFF, 0xB596, 0x632C, 0x4208, 0x528A, 0x8C71, 0xDEFB, 0xFFFF, 0xFFFF,
  0xFFFF, 0xFFFF, 0xFFFF, 0xFFFF, 0xCE79, 0x632C, 0x632C, 0xE71C, 0xFFFF, 0xFFFF, 0xA534, 0x632C,
  0xBDF7, 0xFFDF, 0xFFDF, 0xFFDF, 0xFFFF, 0x94B2, 0x5AEB, 0x8C71, 0xFFFF, 0xFFFF, 0xE73C, 0x6B4D,
  0x738E, 0xEF7D, 0xFFFF, 0xFFFF, 0xFFFF, 0xFFDF, 0x8C51, 0x630C, 0xCE59, 0xFFFF, 0xFFFF, 0xFFFF,
  0xFFFF, 0xC638, 0x6B6D, 0x39E7, 0x4228, 0x7BEF, 0xD6BA, 0xFFFF, 0xFFFF, 0xFFFF, 0xFFFF, 0xAD55,
  0x630C, 0xBDF7, 0xFFFF, 0xFFFF, 0xFFFF, 0xFFFF, 0x8C51, 0x738E, 0xCE79, 0xFFFF, 0xFFFF, 0xFFFF,
};
